	species type	species name by peptide origin	all	unique	not unique	"detected
exclusively by
non-unique peptides"	"detected by
unique peptides"	"subset
(total proteins detected)"	y
0	hybrid	Suva	539	422	117	21.70686456400742	78.29313543599257	"Suva proteins in hybrid
(539)"	0
1	hybrid	Scer	541	418	123	22.735674676524948	77.26432532347505	"Scer proteins in hybrid
(541)"	1
2	parent	Suva	511	402	109	21.330724070450092	78.6692759295499	"Suva proteins in parent
(511)"	2
3	parent	Scer	503	405	98	19.483101391650102	80.51689860834989	"Scer proteins in parent
(503)"	3
