	species type	species name by peptide origin	not unique	unique	all	non-unique peptides	unique peptides	"subset
(total peptides)"	y
0	hybrid	Suva	10425	24273	34698	30.04495936365209	69.95504063634792	"Suva peptides in hybrid
(34698)"	0
1	hybrid	Scer	9797	26412	36209	27.05680908061532	72.94319091938469	"Scer peptides in hybrid
(36209)"	1
2	parent	Suva	6967	18467	25434	27.392466776755533	72.60753322324447	"Suva peptides in parent
(25434)"	2
3	parent	Scer	5780	16551	22331	25.883301240428104	74.1166987595719	"Scer peptides in parent
(22331)"	3
