	interaction type	species name interactor1	species name interactor2	interaction score	complex id	variable	interactor	species name	species name interactor	complex size	median interaction score per protein	complex name
0	within hybrid Suva Suva	Suva	Suva	0.9052760695226932	CPX-1792	interactor1	YDR138W HPR1	Suva	Suva YDR138W HPR1	2	0.9052760695226932	THO
1	within hybrid Suva Suva	Suva	Suva	0.9052760695226932	CPX-1792	interactor2	YNL139C THO2	Suva	Suva YNL139C THO2	2	0.9052760695226932	THO
2	within hybrid Suva Suva	Suva	Suva	0.8518503724607269	CPX-1162	interactor1	YKL182W FAS1	Suva	Suva YKL182W FAS1	4	0.8512622884707877	Fatty-acyl-CoA synthase
3	between hybrid Scer Suva	Scer	Suva	0.8506742044808484	CPX-1162	interactor1	YKL182W FAS1	Scer	Scer YKL182W FAS1	4	0.8512622884707877	Fatty-acyl-CoA synthase
4	within hybrid Scer Scer	Scer	Scer	0.8925061831513483	CPX-1162	interactor2	YPL231W FAS2	Scer	Scer YPL231W FAS2	4	0.8512622884707877	Fatty-acyl-CoA synthase
5	between hybrid Scer Suva	Scer	Suva	0.8506742044808484	CPX-1162	interactor2	YPL231W FAS2	Suva	Suva YPL231W FAS2	4	0.8512622884707877	Fatty-acyl-CoA synthase
6	between hybrid Scer Suva	Scer	Suva	0.794020449001245	CPX-1733	interactor2	YOR206W NOC2	Suva	Suva YOR206W NOC2	3	0.794020449001245	NOC1-NOC2
7	within hybrid Suva Suva	Suva	Suva	0.794020449001245	CPX-1733	interactor1	YDR060W MAK21	Suva	Suva YDR060W MAK21	3	0.794020449001245	NOC1-NOC2
8	between hybrid Scer Suva	Scer	Suva	0.794020449001245	CPX-1733	interactor1	YDR060W MAK21	Scer	Scer YDR060W MAK21	3	0.794020449001245	NOC1-NOC2
9	between hybrid Scer Suva	Scer	Suva	0.8128952883596259	CPX-1601	interactor1	YGL103W RPL28	Scer	Scer YGL103W RPL28	13	0.7465323268320138	60S cytosolic large ribosomal subunit
10	between hybrid Scer Suva	Scer	Suva	0.7612214369243513	CPX-1601	interactor1	YLR075W RPL10	Scer	Scer YLR075W RPL10	13	0.7465323268320138	60S cytosolic large ribosomal subunit
11	between hybrid Scer Suva	Scer	Suva	0.7594019797986931	CPX-1601	interactor1	YLR340W RPP0	Scer	Scer YLR340W RPP0	13	0.7465323268320138	60S cytosolic large ribosomal subunit
12	between hybrid Scer Suva	Scer	Suva	0.7465323268320138	CPX-1601	interactor1	YOR063W RPL3	Scer	Scer YOR063W RPL3	13	0.7465323268320138	60S cytosolic large ribosomal subunit
13	between hybrid Scer Suva	Scer	Suva	0.0	CPX-1601	interactor1	YPL131W RPL5	Scer	Scer YPL131W RPL5	13	0.7465323268320138	60S cytosolic large ribosomal subunit
14	within hybrid Suva Suva	Suva	Suva	0.8644371075904991	CPX-1601	interactor1	YGL103W RPL28	Suva	Suva YGL103W RPL28	13	0.7465323268320138	60S cytosolic large ribosomal subunit
15	within hybrid Suva Suva	Suva	Suva	0.7995709712054404	CPX-1601	interactor1	YBL092W RPL32	Suva	Suva YBL092W RPL32	13	0.7465323268320138	60S cytosolic large ribosomal subunit
16	within hybrid Suva Suva	Suva	Suva	0.6872929332143392	CPX-1601	interactor1	YLR075W RPL10	Suva	Suva YLR075W RPL10	13	0.7465323268320138	60S cytosolic large ribosomal subunit
17	within hybrid Suva Suva	Suva	Suva	0.7415857119788721	CPX-1601	interactor1	YGL030W RPL30	Suva	Suva YGL030W RPL30	13	0.7465323268320138	60S cytosolic large ribosomal subunit
18	between hybrid Scer Suva	Scer	Suva	0.1257753461703307	CPX-1601	interactor2	YPL131W RPL5	Suva	Suva YPL131W RPL5	13	0.7465323268320138	60S cytosolic large ribosomal subunit
19	within hybrid Suva Suva	Suva	Suva	0.09285843597547794	CPX-1601	interactor1	YOR063W RPL3	Suva	Suva YOR063W RPL3	13	0.7465323268320138	60S cytosolic large ribosomal subunit
20	between hybrid Scer Suva	Scer	Suva	0.7633726221157975	CPX-1601	interactor1	YBL092W RPL32	Scer	Scer YBL092W RPL32	13	0.7465323268320138	60S cytosolic large ribosomal subunit
21	within hybrid Suva Suva	Suva	Suva	0.6983242502267566	CPX-1601	interactor1	YLR340W RPP0	Suva	Suva YLR340W RPP0	13	0.7465323268320138	60S cytosolic large ribosomal subunit
22	within hybrid Scer Scer	Scer	Scer	0.6539147129518634	CPX-1632	interactor2	YDR165W TRM82	Scer	Scer YDR165W TRM82	4	0.7364535606035632	tRNA (guanine-N(7)-)-methyltransferase
23	between hybrid Scer Suva	Scer	Suva	0.7364535606035632	CPX-1632	interactor1	YDL201W TRM8	Scer	Scer YDL201W TRM8	4	0.7364535606035632	tRNA (guanine-N(7)-)-methyltransferase
24	within hybrid Suva Suva	Suva	Suva	0.7438824609689576	CPX-1632	interactor1	YDL201W TRM8	Suva	Suva YDL201W TRM8	4	0.7364535606035632	tRNA (guanine-N(7)-)-methyltransferase
25	between hybrid Scer Suva	Scer	Suva	0.7364535606035632	CPX-1632	interactor2	YDR165W TRM82	Suva	Suva YDR165W TRM82	4	0.7364535606035632	tRNA (guanine-N(7)-)-methyltransferase
26	within hybrid Suva Suva	Suva	Suva	0.7205077859735738	CPX-1682	interactor1	YEL056W HAT2	Suva	Suva YEL056W HAT2	3	0.7205077859735738	Histone acetyltransferase B
27	between hybrid Scer Suva	Scer	Suva	0.8590499526877412	CPX-1682	interactor1	YPL001W HAT1	Scer	Scer YPL001W HAT1	3	0.7205077859735738	Histone acetyltransferase B
28	within hybrid Suva Suva	Suva	Suva	0.7205077859735738	CPX-1682	interactor2	YPL001W HAT1	Suva	Suva YPL001W HAT1	3	0.7205077859735738	Histone acetyltransferase B
29	within hybrid Scer Scer	Scer	Scer	0.8528449659419829	CPX-1663	interactor2	YCR084C TUP1	Scer	Scer YCR084C TUP1	3	0.6840700469429393	CYP8-TUP1 corepressor
30	between hybrid Scer Suva	Scer	Suva	0.6840700469429393	CPX-1663	interactor2	YCR084C TUP1	Suva	Suva YCR084C TUP1	3	0.6840700469429393	CYP8-TUP1 corepressor
31	between hybrid Scer Suva	Scer	Suva	0.6840700469429393	CPX-1663	interactor1	YBR112C CYC8	Scer	Scer YBR112C CYC8	3	0.6840700469429393	CYP8-TUP1 corepressor
32	between hybrid Scer Suva	Scer	Suva	0.6628062494066773	CPX-1637	interactor2	YKL007W CAP1	Suva	Suva YKL007W CAP1	4	0.6786914500819292	F-actin capping protein
33	within hybrid Suva Suva	Suva	Suva	0.7818083816754551	CPX-1637	interactor1	YIL034C CAP2	Suva	Suva YIL034C CAP2	4	0.6786914500819292	F-actin capping protein
34	within hybrid Scer Scer	Scer	Scer	0.694576650757181	CPX-1637	interactor2	YKL007W CAP1	Scer	Scer YKL007W CAP1	4	0.6786914500819292	F-actin capping protein
35	between hybrid Scer Suva	Scer	Suva	0.6628062494066773	CPX-1637	interactor1	YIL034C CAP2	Scer	Scer YIL034C CAP2	4	0.6786914500819292	F-actin capping protein
36	between hybrid Scer Suva	Scer	Suva	0.8533391336744603	CPX-1671	interactor1	YJL179W PFD1	Scer	Scer YJL179W PFD1	12	0.6753519632504057	Prefoldin
37	between hybrid Scer Suva	Scer	Suva	0.5761970578794505	CPX-1671	interactor1	YLR200W YKE2	Scer	Scer YLR200W YKE2	12	0.6753519632504057	Prefoldin
38	within hybrid Suva Suva	Suva	Suva	0.82363890321403	CPX-1671	interactor1	YJL179W PFD1	Suva	Suva YJL179W PFD1	12	0.6753519632504057	Prefoldin
39	within hybrid Suva Suva	Suva	Suva	0.5922113780706261	CPX-1671	interactor1	YML094W GIM5	Suva	Suva YML094W GIM5	12	0.6753519632504057	Prefoldin
40	between hybrid Scer Suva	Scer	Suva	0.7608322418937372	CPX-1671	interactor1	YML094W GIM5	Scer	Scer YML094W GIM5	12	0.6753519632504057	Prefoldin
41	within hybrid Suva Suva	Suva	Suva	0.6054740840673412	CPX-1671	interactor1	YGR078C PAC10	Suva	Suva YGR078C PAC10	12	0.6753519632504057	Prefoldin
42	within hybrid Suva Suva	Suva	Suva	0.7242801187788395	CPX-1671	interactor1	YLR200W YKE2	Suva	Suva YLR200W YKE2	12	0.6753519632504057	Prefoldin
43	within hybrid Suva Suva	Suva	Suva	0.6558459156385974	CPX-1671	interactor1	YEL003W GIM4	Suva	Suva YEL003W GIM4	12	0.6753519632504057	Prefoldin
44	between hybrid Scer Suva	Scer	Suva	0.6347373855896825	CPX-1671	interactor1	YEL003W GIM4	Scer	Scer YEL003W GIM4	12	0.6753519632504057	Prefoldin
45	between hybrid Scer Suva	Scer	Suva	0.694858010862214	CPX-1671	interactor1	YGR078C PAC10	Scer	Scer YGR078C PAC10	12	0.6753519632504057	Prefoldin
46	within hybrid Scer Scer	Scer	Scer	0.7742711197329221	CPX-1671	interactor2	YNL153C GIM3	Scer	Scer YNL153C GIM3	12	0.6753519632504057	Prefoldin
47	between hybrid Scer Suva	Scer	Suva	0.6529842414043643	CPX-1671	interactor2	YNL153C GIM3	Suva	Suva YNL153C GIM3	12	0.6753519632504057	Prefoldin
48	between hybrid Scer Suva	Scer	Suva	0.7820352006385279	CPX-1599	interactor1	YNL178W RPS3	Scer	Scer YNL178W RPS3	10	0.6391601917774473	40S cytosolic small ribosomal subunit
49	within hybrid Suva Suva	Suva	Suva	0.6540496026655144	CPX-1599	interactor1	YDR064W RPS13	Suva	Suva YDR064W RPS13	10	0.6391601917774473	40S cytosolic small ribosomal subunit
50	between hybrid Scer Suva	Scer	Suva	0.6065697479264829	CPX-1599	interactor1	YDR064W RPS13	Scer	Scer YDR064W RPS13	10	0.6391601917774473	40S cytosolic small ribosomal subunit
51	within hybrid Suva Suva	Suva	Suva	0.6368860261224949	CPX-1599	interactor1	YGL123W RPS2	Suva	Suva YGL123W RPS2	10	0.6391601917774473	40S cytosolic small ribosomal subunit
52	within hybrid Scer Scer	Scer	Scer	0.5160753828372151	CPX-1599	interactor2	YOL040C RPS15	Scer	Scer YOL040C RPS15	10	0.6391601917774473	40S cytosolic small ribosomal subunit
53	within hybrid Suva Suva	Suva	Suva	0.43639826981754815	CPX-1599	interactor1	YHL015W RPS20	Suva	Suva YHL015W RPS20	10	0.6391601917774473	40S cytosolic small ribosomal subunit
54	between hybrid Scer Suva	Scer	Suva	0.6442485969207095	CPX-1599	interactor1	YGL123W RPS2	Scer	Scer YGL123W RPS2	10	0.6391601917774473	40S cytosolic small ribosomal subunit
55	between hybrid Scer Suva	Scer	Suva	0.749358626626537	CPX-1599	interactor2	YOL040C RPS15	Suva	Suva YOL040C RPS15	10	0.6391601917774473	40S cytosolic small ribosomal subunit
56	between hybrid Scer Suva	Scer	Suva	0.5203461344684089	CPX-1599	interactor1	YHL015W RPS20	Scer	Scer YHL015W RPS20	10	0.6391601917774473	40S cytosolic small ribosomal subunit
57	within hybrid Suva Suva	Suva	Suva	0.6414343574323997	CPX-1599	interactor1	YNL178W RPS3	Suva	Suva YNL178W RPS3	10	0.6391601917774473	40S cytosolic small ribosomal subunit
58	between hybrid Scer Suva	Scer	Suva	0.6283985494668116	CPX-1631	interactor1	YJL125C GCD14	Scer	Scer YJL125C GCD14	2	0.6283985494668116	tRNA (m1A58) methyltransferase
59	between hybrid Scer Suva	Scer	Suva	0.6283985494668116	CPX-1631	interactor2	YNL062C GCD10	Suva	Suva YNL062C GCD10	2	0.6283985494668116	tRNA (m1A58) methyltransferase
60	within hybrid Scer Scer	Scer	Scer	0.6223802761390633	CPX-1102	interactor2	YJL026W RNR2	Scer	Scer YJL026W RNR2	4	0.5840038434413287	Ribonucleoside-diphosphate reductase
61	within hybrid Suva Suva	Suva	Suva	0.7434839366013817	CPX-1102	interactor1	YGR180C RNR4	Suva	Suva YGR180C RNR4	4	0.5840038434413287	Ribonucleoside-diphosphate reductase
62	between hybrid Scer Suva	Scer	Suva	0.5456274107435941	CPX-1102	interactor2	YJL026W RNR2	Suva	Suva YJL026W RNR2	4	0.5840038434413287	Ribonucleoside-diphosphate reductase
63	between hybrid Scer Suva	Scer	Suva	0.5456274107435941	CPX-1102	interactor1	YGR180C RNR4	Scer	Scer YGR180C RNR4	4	0.5840038434413287	Ribonucleoside-diphosphate reductase
64	within hybrid Suva Suva	Suva	Suva	0.2907414790954275	CPX-554	interactor1	YGR240C PFK1	Suva	Suva YGR240C PFK1	4	0.5822367407257301	6-phosphofructokinase
65	between hybrid Scer Suva	Scer	Suva	0.8737320023560328	CPX-554	interactor2	YMR205C PFK2	Suva	Suva YMR205C PFK2	4	0.5822367407257301	6-phosphofructokinase
66	between hybrid Scer Suva	Scer	Suva	0.8737320023560328	CPX-554	interactor1	YGR240C PFK1	Scer	Scer YGR240C PFK1	4	0.5822367407257301	6-phosphofructokinase
67	within hybrid Scer Scer	Scer	Scer	0.18065260329890853	CPX-554	interactor2	YMR205C PFK2	Scer	Scer YMR205C PFK2	4	0.5822367407257301	6-phosphofructokinase
68	between hybrid Scer Suva	Scer	Suva	0.5737544822202582	CPX-1379	interactor2	YOR142W LSC1	Suva	Suva YOR142W LSC1	2	0.5737544822202582	Mitochondrial Succinate - CoA ligase [ADP-forming]
69	between hybrid Scer Suva	Scer	Suva	0.5737544822202582	CPX-1379	interactor1	YGR244C LSC2	Scer	Scer YGR244C LSC2	2	0.5737544822202582	Mitochondrial Succinate - CoA ligase [ADP-forming]
70	between hybrid Scer Suva	Scer	Suva	0.5212803513241049	CPX-1616	interactor1	YGL206C CHC1	Scer	Scer YGL206C CHC1	4	0.5282436256598086	Clathrin
71	within hybrid Suva Suva	Suva	Suva	0.5454762856316064	CPX-1616	interactor1	YGL206C CHC1	Suva	Suva YGL206C CHC1	4	0.5282436256598086	Clathrin
72	within hybrid Scer Scer	Scer	Scer	0.5352068999955124	CPX-1616	interactor2	YGR167W CLC1	Scer	Scer YGR167W CLC1	4	0.5282436256598086	Clathrin
73	between hybrid Scer Suva	Scer	Suva	0.5212803513241049	CPX-1616	interactor2	YGR167W CLC1	Suva	Suva YGR167W CLC1	4	0.5282436256598086	Clathrin
74	within hybrid Suva Suva	Suva	Suva	0.5172288093096398	CPX-1707	interactor1	YJL088W ARG3	Suva	Suva YJL088W ARG3	3	0.5172288093096398	Ornithine carbamoyltransferase arginase
75	within hybrid Suva Suva	Suva	Suva	0.5172288093096398	CPX-1707	interactor2	YPL111W CAR1	Suva	Suva YPL111W CAR1	3	0.5172288093096398	Ornithine carbamoyltransferase arginase
76	between hybrid Scer Suva	Scer	Suva	0.07752488346814268	CPX-1707	interactor1	YPL111W CAR1	Scer	Scer YPL111W CAR1	3	0.5172288093096398	Ornithine carbamoyltransferase arginase
77	between hybrid Scer Suva	Scer	Suva	0.5637762253446921	CPX-1602	interactor1	YGL068W MNP1	Scer	Scer YGL068W MNP1	5	0.4336116638800232	54S mitochondrial large ribosomal subunit
78	within hybrid Suva Suva	Suva	Suva	0.38405853808282503	CPX-1602	interactor1	YDR462W MRPL28	Suva	Suva YDR462W MRPL28	5	0.4336116638800232	54S mitochondrial large ribosomal subunit
79	between hybrid Scer Suva	Scer	Suva	1.0	CPX-1602	interactor1	YNL252C MRPL17	Scer	Scer YNL252C MRPL17	5	0.4336116638800232	54S mitochondrial large ribosomal subunit
80	between hybrid Scer Suva	Scer	Suva	0.4336116638800232	CPX-1602	interactor2	YPL173W MRPL40	Suva	Suva YPL173W MRPL40	5	0.4336116638800232	54S mitochondrial large ribosomal subunit
81	within hybrid Suva Suva	Suva	Suva	0.31151816741579563	CPX-1602	interactor1	YGL068W MNP1	Suva	Suva YGL068W MNP1	5	0.4336116638800232	54S mitochondrial large ribosomal subunit
82	between hybrid Scer Suva	Scer	Suva	0.044188283946733235	CPX-607	interactor1	YIL062C ARC15	Scer	Scer YIL062C ARC15	5	0.4126555877489369	Arp2/3
83	within hybrid Suva Suva	Suva	Suva	0.4126555877489369	CPX-607	interactor1	YIL062C ARC15	Suva	Suva YIL062C ARC15	5	0.4126555877489369	Arp2/3
84	within hybrid Suva Suva	Suva	Suva	0.22924040131507994	CPX-607	interactor1	YJR065C ARP3	Suva	Suva YJR065C ARP3	5	0.4126555877489369	Arp2/3
85	between hybrid Scer Suva	Scer	Suva	0.6505625391728151	CPX-607	interactor1	YJR065C ARP3	Scer	Scer YJR065C ARP3	5	0.4126555877489369	Arp2/3
86	between hybrid Scer Suva	Scer	Suva	0.6701027721050439	CPX-607	interactor2	YNR035C ARC35	Suva	Suva YNR035C ARC35	5	0.4126555877489369	Arp2/3
87	between hybrid Scer Suva	Scer	Suva	0.39919311359601695	CPX-779	interactor1	YLR384C IKI3	Scer	Scer YLR384C IKI3	2	0.39919311359601695	Elongator holoenzyme
88	between hybrid Scer Suva	Scer	Suva	0.39919311359601695	CPX-779	interactor2	YGR200C ELP2	Suva	Suva YGR200C ELP2	2	0.39919311359601695	Elongator holoenzyme
89	between hybrid Scer Suva	Scer	Suva	0.3646684724772417	CPX-1850	interactor1	YER090W TRP2	Scer	Scer YER090W TRP2	3	0.3646684724772417	Anthranilate synthase
90	within hybrid Suva Suva	Suva	Suva	0.19555753230819195	CPX-1850	interactor1	YER090W TRP2	Suva	Suva YER090W TRP2	3	0.3646684724772417	Anthranilate synthase
91	between hybrid Scer Suva	Scer	Suva	0.3646684724772417	CPX-1850	interactor2	YKL211C TRP3	Suva	Suva YKL211C TRP3	3	0.3646684724772417	Anthranilate synthase
92	between hybrid Scer Suva	Scer	Suva	0.3605632955282181	CPX-1719	interactor1	YOR299W BUD7	Scer	Scer YOR299W BUD7	3	0.3605632955282181	Exomer
93	between hybrid Scer Suva	Scer	Suva	0.3605632955282181	CPX-1719	interactor2	YLR330W CHS5	Suva	Suva YLR330W CHS5	3	0.3605632955282181	Exomer
94	within hybrid Scer Scer	Scer	Scer	0.39919311359601695	CPX-1719	interactor1	YLR330W CHS5	Scer	Scer YLR330W CHS5	3	0.3605632955282181	Exomer
95	within hybrid Suva Suva	Suva	Suva	0.7942139792634064	CPX-2262	interactor1	YMR314W PRE5	Suva	Suva YMR314W PRE5	14	0.3467670633590815	26S Proteasome
96	within hybrid Suva Suva	Suva	Suva	0.6765209622872603	CPX-2262	interactor1	YML092C PRE8	Suva	Suva YML092C PRE8	14	0.3467670633590815	26S Proteasome
97	within hybrid Suva Suva	Suva	Suva	0.4141771465816293	CPX-2262	interactor1	YDR363W-A SEM1	Suva	Suva YDR363W-A SEM1	14	0.3467670633590815	26S Proteasome
98	between hybrid Scer Suva	Scer	Suva	0.39919311359601695	CPX-2262	interactor1	YMR314W PRE5	Scer	Scer YMR314W PRE5	14	0.3467670633590815	26S Proteasome
99	between hybrid Scer Suva	Scer	Suva	0.39919311359601695	CPX-2262	interactor1	YML092C PRE8	Scer	Scer YML092C PRE8	14	0.3467670633590815	26S Proteasome
100	between hybrid Scer Suva	Scer	Suva	0.2317119415702813	CPX-2262	interactor1	YHR027C RPN1	Scer	Scer YHR027C RPN1	14	0.3467670633590815	26S Proteasome
101	between hybrid Scer Suva	Scer	Suva	0.10738240403551412	CPX-2262	interactor2	YOR362C PRE10	Suva	Suva YOR362C PRE10	14	0.3467670633590815	26S Proteasome
102	between hybrid Scer Suva	Scer	Suva	0.20712200492940447	CPX-2262	interactor1	YGR135W PRE9	Scer	Scer YGR135W PRE9	14	0.3467670633590815	26S Proteasome
103	within hybrid Suva Suva	Suva	Suva	0.294341013122146	CPX-2262	interactor1	YFR052W RPN12	Suva	Suva YFR052W RPN12	14	0.3467670633590815	26S Proteasome
104	within hybrid Suva Suva	Suva	Suva	0.268674218861389	CPX-2262	interactor1	YGR135W PRE9	Suva	Suva YGR135W PRE9	14	0.3467670633590815	26S Proteasome
105	between hybrid Scer Suva	Scer	Suva	0.6903568894565598	CPX-2262	interactor1	YPR108W RPN7	Scer	Scer YPR108W RPN7	14	0.3467670633590815	26S Proteasome
106	between hybrid Scer Suva	Scer	Suva	0.1269607140685196	CPX-2262	interactor1	YDR363W-A SEM1	Scer	Scer YDR363W-A SEM1	14	0.3467670633590815	26S Proteasome
107	between hybrid Scer Suva	Scer	Suva	0.448669690891804	CPX-2262	interactor1	YFR004W RPN11	Scer	Scer YFR004W RPN11	14	0.3467670633590815	26S Proteasome
108	within hybrid Suva Suva	Suva	Suva	0.2929194796949336	CPX-2262	interactor1	YHR027C RPN1	Suva	Suva YHR027C RPN1	14	0.3467670633590815	26S Proteasome
109	within hybrid Suva Suva	Suva	Suva	0.1720923910549884	CPX-1293	interactor1	YDR148C KGD2	Suva	Suva YDR148C KGD2	6	0.2654797865214121	Mitochondrial 2-oxoglutarate dehydrogenase
110	within hybrid Scer Scer	Scer	Scer	0.5522155453217391	CPX-1293	interactor2	YIL125W KGD1	Scer	Scer YIL125W KGD1	6	0.2654797865214121	Mitochondrial 2-oxoglutarate dehydrogenase
111	between hybrid Scer Suva	Scer	Suva	0.10708529807210844	CPX-1293	interactor1	YDR148C KGD2	Scer	Scer YDR148C KGD2	6	0.2654797865214121	Mitochondrial 2-oxoglutarate dehydrogenase
112	between hybrid Scer Suva	Scer	Suva	0.5001389941566523	CPX-1293	interactor2	YIL125W KGD1	Suva	Suva YIL125W KGD1	6	0.2654797865214121	Mitochondrial 2-oxoglutarate dehydrogenase
113	between hybrid Scer Suva	Scer	Suva	0.3086202004210197	CPX-1293	interactor1	YFL018C LPD1	Scer	Scer YFL018C LPD1	6	0.2654797865214121	Mitochondrial 2-oxoglutarate dehydrogenase
114	within hybrid Suva Suva	Suva	Suva	0.22233937262180448	CPX-1293	interactor1	YFL018C LPD1	Suva	Suva YFL018C LPD1	6	0.2654797865214121	Mitochondrial 2-oxoglutarate dehydrogenase
115	between hybrid Scer Suva	Scer	Suva	0.1790854686171519	CPX-1793	interactor2	YNL139C THO2	Suva	Suva YNL139C THO2	4	0.2306910279732339	TREX
116	within hybrid Suva Suva	Suva	Suva	0.32091044754984777	CPX-1793	interactor1	YDR381W YRA1	Suva	Suva YDR381W YRA1	4	0.2306910279732339	TREX
117	within hybrid Suva Suva	Suva	Suva	0.28229658732931584	CPX-1793	interactor1	YDR138W HPR1	Suva	Suva YDR138W HPR1	4	0.2306910279732339	TREX
118	between hybrid Scer Suva	Scer	Suva	0.11180873466224384	CPX-1793	interactor1	YDR381W YRA1	Scer	Scer YDR381W YRA1	4	0.2306910279732339	TREX
119	between hybrid Scer Suva	Scer	Suva	0.2301710000929593	CPX-3207	interactor2	YFL018C LPD1	Suva	Suva YFL018C LPD1	4	0.2301710000929593	Mitochondrial pyruvate dehydrogenase
120	between hybrid Scer Suva	Scer	Suva	0.2301710000929593	CPX-3207	interactor1	YNL071W LAT1	Scer	Scer YNL071W LAT1	4	0.2301710000929593	Mitochondrial pyruvate dehydrogenase
121	between hybrid Scer Suva	Scer	Suva	0.2301710000929593	CPX-3207	interactor1	YER178W PDA1	Scer	Scer YER178W PDA1	4	0.2301710000929593	Mitochondrial pyruvate dehydrogenase
122	within hybrid Scer Scer	Scer	Scer	0.3092720391052488	CPX-3207	interactor1	YFL018C LPD1	Scer	Scer YFL018C LPD1	4	0.2301710000929593	Mitochondrial pyruvate dehydrogenase
123	within hybrid Scer Scer	Scer	Scer	0.16314860664568298	CPX-1738	interactor2	YLR060W FRS1	Scer	Scer YLR060W FRS1	2	0.16314860664568298	Phenylalanyl-tRNA synthetase
124	within hybrid Scer Scer	Scer	Scer	0.16314860664568298	CPX-1738	interactor1	YFL022C FRS2	Scer	Scer YFL022C FRS2	2	0.16314860664568298	Phenylalanyl-tRNA synthetase
125	between hybrid Scer Suva	Scer	Suva	0.2250049449142396	CPX-1323	interactor1	YEL037C RAD23	Scer	Scer YEL037C RAD23	5	0.15422397816664535	CDC48-RAD23-UFD2
126	between hybrid Scer Suva	Scer	Suva	0.0	CPX-1323	interactor1	YDL126C CDC48	Scer	Scer YDL126C CDC48	5	0.15422397816664535	CDC48-RAD23-UFD2
127	between hybrid Scer Suva	Scer	Suva	0.15422397816664535	CPX-1323	interactor2	YEL037C RAD23	Suva	Suva YEL037C RAD23	5	0.15422397816664535	CDC48-RAD23-UFD2
128	within hybrid Suva Suva	Suva	Suva	0.2611970076585286	CPX-1323	interactor1	YDL190C UFD2	Suva	Suva YDL190C UFD2	5	0.15422397816664535	CDC48-RAD23-UFD2
129	within hybrid Suva Suva	Suva	Suva	0.023207181430055623	CPX-1323	interactor1	YDL126C CDC48	Suva	Suva YDL126C CDC48	5	0.15422397816664535	CDC48-RAD23-UFD2
130	between hybrid Scer Suva	Scer	Suva	0.11194095301721252	CPX-1652	interactor2	YIL076W SEC28	Suva	Suva YIL076W SEC28	3	0.11194095301721252	COPI vesicle coat
131	between hybrid Scer Suva	Scer	Suva	0.045788765628807626	CPX-1652	interactor1	YNL287W SEC21	Scer	Scer YNL287W SEC21	3	0.11194095301721252	COPI vesicle coat
132	within hybrid Suva Suva	Suva	Suva	0.11579208451912093	CPX-1652	interactor1	YGL137W SEC27	Suva	Suva YGL137W SEC27	3	0.11194095301721252	COPI vesicle coat
133	between hybrid Scer Suva	Scer	Suva	0.12049179729403993	CPX-427	interactor2	YPL237W SUI3	Suva	Suva YPL237W SUI3	4	0.0960566327761197	Eukaryotic translation initiation factor 2
134	within hybrid Suva Suva	Suva	Suva	0.07162146825819947	CPX-427	interactor1	YJR007W SUI2	Suva	Suva YJR007W SUI2	4	0.0960566327761197	Eukaryotic translation initiation factor 2
135	within hybrid Scer Scer	Scer	Scer	0.05369029155875205	CPX-427	interactor2	YPL237W SUI3	Scer	Scer YPL237W SUI3	4	0.0960566327761197	Eukaryotic translation initiation factor 2
136	between hybrid Scer Suva	Scer	Suva	0.12049179729403993	CPX-427	interactor1	YJR007W SUI2	Scer	Scer YJR007W SUI2	4	0.0960566327761197	Eukaryotic translation initiation factor 2
137	within hybrid Scer Scer	Scer	Scer	0.3572250989911102	CPX-1268	interactor1	YFL018C LPD1	Scer	Scer YFL018C LPD1	3	0.044735737055464415	Glycine decarboxylase multienzyme 
138	between hybrid Scer Suva	Scer	Suva	0.044735737055464415	CPX-1268	interactor1	YMR189W GCV2	Scer	Scer YMR189W GCV2	3	0.044735737055464415	Glycine decarboxylase multienzyme 
139	between hybrid Scer Suva	Scer	Suva	0.044735737055464415	CPX-1268	interactor2	YFL018C LPD1	Suva	Suva YFL018C LPD1	3	0.044735737055464415	Glycine decarboxylase multienzyme 
140	between hybrid Scer Suva	Scer	Suva	0.021346231128035572	CPX-1276	interactor2	YPL240C HSP82	Suva	Suva YPL240C HSP82	8	0.010623885116156584	HMC
141	between hybrid Scer Suva	Scer	Suva	0.042928010255328435	CPX-1276	interactor1	YPL240C HSP82	Scer	Scer YPL240C HSP82	8	0.010623885116156584	HMC
142	between hybrid Scer Suva	Scer	Suva	0.025922573501310664	CPX-1276	interactor1	YMR186W HSC82	Scer	Scer YMR186W HSC82	8	0.010623885116156584	HMC
143	between hybrid Scer Suva	Scer	Suva	0.021247770232313168	CPX-1276	interactor1	YLL024C SSA2	Scer	Scer YLL024C SSA2	8	0.010623885116156584	HMC
144	within hybrid Suva Suva	Suva	Suva	0.0	CPX-1276	interactor1	YCL037C SRO9	Suva	Suva YCL037C SRO9	8	0.010623885116156584	HMC
145	between hybrid Scer Suva	Scer	Suva	0.0	CPX-1276	interactor1	YCL037C SRO9	Scer	Scer YCL037C SRO9	8	0.010623885116156584	HMC
146	within hybrid Suva Suva	Suva	Suva	0.0	CPX-1276	interactor1	YAL005C SSA1	Suva	Suva YAL005C SSA1	8	0.010623885116156584	HMC
147	within hybrid Suva Suva	Suva	Suva	0.0	CPX-1276	interactor1	YLL024C SSA2	Suva	Suva YLL024C SSA2	8	0.010623885116156584	HMC
148	within hybrid Scer Scer	Scer	Scer	0.0	CPX-1883	interactor2	YLL024C SSA2	Scer	Scer YLL024C SSA2	4	0.0	HAP1 transcriptional repressor
149	between hybrid Scer Suva	Scer	Suva	0.0	CPX-1883	interactor1	YCL037C SRO9	Scer	Scer YCL037C SRO9	4	0.0	HAP1 transcriptional repressor
150	between hybrid Scer Suva	Scer	Suva	0.0	CPX-1883	interactor2	YLL024C SSA2	Suva	Suva YLL024C SSA2	4	0.0	HAP1 transcriptional repressor
151	between hybrid Scer Suva	Scer	Suva	0.0	CPX-1947	interactor2	YGR264C MES1	Suva	Suva YGR264C MES1	5	0.0	Methionyl glutamyl tRNA synthetase
152	within hybrid Suva Suva	Suva	Suva	0.0	CPX-1882	interactor2	YCL037C SRO9	Suva	Suva YCL037C SRO9	3	0.0	HAP1 transcriptional repressor -
153	between hybrid Scer Suva	Scer	Suva	0.4442252698923279	CPX-1947	interactor1	YGL105W ARC1	Scer	Scer YGL105W ARC1	5	0.0	Methionyl glutamyl tRNA synthetase
154	between hybrid Scer Suva	Scer	Suva	0.0	CPX-430	interactor2	YOL139C CDC33	Suva	Suva YOL139C CDC33	3	0.0	Eukaryotic translation initiation factor 4F, variant TIF4631
155	between hybrid Scer Suva	Scer	Suva	0.0	CPX-1947	interactor1	YGL245W GUS1	Scer	Scer YGL245W GUS1	5	0.0	Methionyl glutamyl tRNA synthetase
156	between hybrid Scer Suva	Scer	Suva	0.0	CPX-1882	interactor1	YCL037C SRO9	Scer	Scer YCL037C SRO9	3	0.0	HAP1 transcriptional repressor -
157	within hybrid Suva Suva	Suva	Suva	0.0	CPX-1947	interactor1	YGL245W GUS1	Suva	Suva YGL245W GUS1	5	0.0	Methionyl glutamyl tRNA synthetase
158	within hybrid Scer Scer	Scer	Scer	0.2770319247774291	CPX-430	interactor2	YOL139C CDC33	Scer	Scer YOL139C CDC33	3	0.0	Eukaryotic translation initiation factor 4F, variant TIF4631
159	between hybrid Scer Suva	Scer	Suva	0.0	CPX-430	interactor1	YGR162W TIF4631	Scer	Scer YGR162W TIF4631	3	0.0	Eukaryotic translation initiation factor 4F, variant TIF4631
160	within hybrid Suva Suva	Suva	Suva	0.6288084799631248	CPX-1947	interactor1	YGL105W ARC1	Suva	Suva YGL105W ARC1	5	0.0	Methionyl glutamyl tRNA synthetase
161	within hybrid Suva Suva	Suva	Suva	0.0	CPX-1883	interactor1	YCL037C SRO9	Suva	Suva YCL037C SRO9	4	0.0	HAP1 transcriptional repressor
162	within hybrid Suva Suva	Suva	Suva	0.0	CPX-1882	interactor1	YAL005C SSA1	Suva	Suva YAL005C SSA1	3	0.0	HAP1 transcriptional repressor -
