{"colx": "interaction score ratio hybrid/parent (log2 scale) zscore", "palette": {"Scer-intralogous PPIs": "#dc9f4e", "Suva-intralogous PPIs": "#53a9cb", "interlogous PPIs": "#428774"}, "hue_order": ["Scer-intralogous PPIs", "Suva-intralogous PPIs", "interlogous PPIs"], "yticklabel2color": {"6-phosphofructokinase\ncomplex": "#ae3918", "Mitochondrial\n2-oxoglutarate dehydrogenase\ncomplex": "#ae3918", "Mitochondrial\npyruvate dehydrogenase\ncomplex": "#ae3918", "HMC complex": "#ae3918", "26S Proteasome\ncomplex": "#ae3918", "CDC48-RAD23-UFD2\ncomplex": "#027ab0"}, "enrichmenttype2color": {"low": "#027ab0", "high": "#ae3918"}}