	gene set type	gene set	comparison type	enrichment type	-log10(P)	species name interaction id	gene set name	gene set description	interation score ratio hybrid/parent (log2 scale) zscore	interation score ratio hybrid/parent (log2 scale) zscore median	gene set size
0	protein complex	CPX-554	interlogous PPIs	high	8.636648718850084	Scer YMR205C PFK2--Suva YGR240C PFK1	CPX-554	"6-phosphofructokinase
complex"	2.8928828362250405	2.8757718997896227	2
1	protein complex	CPX-554	interlogous PPIs	high	8.636648718850084	Scer YGR240C PFK1--Suva YMR205C PFK2	CPX-554	"6-phosphofructokinase
complex"	2.8586609633542053	2.8757718997896227	2
2	protein complex	CPX-1293	interlogous PPIs	high	6.817243943285257	Scer YDR148C KGD2--Suva YIL125W KGD1	CPX-1293	"Mitochondrial
2-oxoglutarate dehydrogenase
complex"	0.5753403558776072	2.02705318476494	4
3	protein complex	CPX-1293	interlogous PPIs	high	6.817243943285257	Scer YFL018C LPD1--Suva YDR148C KGD2	CPX-1293	"Mitochondrial
2-oxoglutarate dehydrogenase
complex"	2.161652108197531	2.02705318476494	4
4	protein complex	CPX-1293	interlogous PPIs	high	6.817243943285257	Scer YIL125W KGD1--Suva YDR148C KGD2	CPX-1293	"Mitochondrial
2-oxoglutarate dehydrogenase
complex"	2.1118984305485062	2.02705318476494	4
5	protein complex	CPX-1293	interlogous PPIs	high	6.817243943285257	Scer YFL018C LPD1--Suva YIL125W KGD1	CPX-1293	"Mitochondrial
2-oxoglutarate dehydrogenase
complex"	1.9422079389813744	2.02705318476494	4
6	protein complex	CPX-3207	Scer-intralogous PPIs	high	3.2235961700475984	Scer YER178W PDA1--Scer YFL018C LPD1	CPX-3207	"Mitochondrial
pyruvate dehydrogenase
complex"	2.5721239180234345	1.9929515006548768	5
7	protein complex	CPX-3207	Scer-intralogous PPIs	high	3.2235961700475984	Scer YER178W PDA1--Scer YNL071W LAT1	CPX-3207	"Mitochondrial
pyruvate dehydrogenase
complex"	0.08549075221180986	1.9929515006548768	5
8	protein complex	CPX-3207	Scer-intralogous PPIs	high	3.2235961700475984	Scer YFL018C LPD1--Scer YNL071W LAT1	CPX-3207	"Mitochondrial
pyruvate dehydrogenase
complex"	1.9929515006548768	1.9929515006548768	5
9	protein complex	CPX-1293	Scer-intralogous PPIs	high	3.4453929054009755	Scer YDR148C KGD2--Scer YIL125W KGD1	CPX-1293	"Mitochondrial
2-oxoglutarate dehydrogenase
complex"	0.9284660259975788	1.5465094725586594	4
10	protein complex	CPX-1293	Scer-intralogous PPIs	high	3.4453929054009755	Scer YFL018C LPD1--Scer YIL125W KGD1	CPX-1293	"Mitochondrial
2-oxoglutarate dehydrogenase
complex"	1.5465094725586594	1.5465094725586594	4
11	protein complex	CPX-1293	Scer-intralogous PPIs	high	3.4453929054009755	Scer YDR148C KGD2--Scer YFL018C LPD1	CPX-1293	"Mitochondrial
2-oxoglutarate dehydrogenase
complex"	3.2456404760234903	1.5465094725586594	4
12	protein complex	CPX-1293	Suva-intralogous PPIs		-0.0	Suva YDR148C KGD2--Suva YIL125W KGD1	CPX-1293	"Mitochondrial
2-oxoglutarate dehydrogenase
complex"	1.4949153884484547	1.4949153884484547	4
13	protein complex	CPX-1276	Scer-intralogous PPIs	high	2.9015192827764773	Scer YLL024C SSA2--Scer YPL240C HSP82	CPX-1276	HMC complex	1.6767177798959612	1.1334978080591471	7
14	protein complex	CPX-1276	Scer-intralogous PPIs	high	2.9015192827764773	Scer YLL024C SSA2--Scer YMR186W HSC82	CPX-1276	HMC complex	0.9361195492268488	1.1334978080591471	7
15	protein complex	CPX-1276	Scer-intralogous PPIs	high	2.9015192827764773	Scer YCL037C SRO9--Scer YMR186W HSC82	CPX-1276	HMC complex	1.330876066891446	1.1334978080591471	7
16	protein complex	CPX-1276	Scer-intralogous PPIs	high	2.9015192827764773	Scer YCL037C SRO9--Scer YLL024C SSA2	CPX-1276	HMC complex	-0.3051772848046179	1.1334978080591471	7
17	protein complex	CPX-1276	Scer-intralogous PPIs	high	2.9015192827764773	Scer YCL037C SRO9--Scer YPL240C HSP82	CPX-1276	HMC complex	0.8472096642521588	1.1334978080591471	7
18	protein complex	CPX-1276	Scer-intralogous PPIs	high	2.9015192827764773	Scer YMR186W HSC82--Scer YPL240C HSP82	CPX-1276	HMC complex	2.4913730034301964	1.1334978080591471	7
19	protein complex	CPX-1599	Suva-intralogous PPIs		-0.0	Suva YGL123W RPS2--Suva YHL015W RPS20	CPX-1599	"40S cytosolic small
ribosomal subunit"	0.8431417697970089	0.6816825169064256	9
20	protein complex	CPX-1599	Suva-intralogous PPIs		-0.0	Suva YDR064W RPS13--Suva YOL040C RPS15	CPX-1599	"40S cytosolic small
ribosomal subunit"	-0.413703925545984	0.6816825169064256	9
21	protein complex	CPX-1599	Suva-intralogous PPIs		-0.0	Suva YDR064W RPS13--Suva YNL178W RPS3	CPX-1599	"40S cytosolic small
ribosomal subunit"	0.327287808092825	0.6816825169064256	9
22	protein complex	CPX-1599	Suva-intralogous PPIs		-0.0	Suva YDR064W RPS13--Suva YGL123W RPS2	CPX-1599	"40S cytosolic small
ribosomal subunit"	0.3999336733684972	0.6816825169064256	9
23	protein complex	CPX-1599	Suva-intralogous PPIs		-0.0	Suva YGL123W RPS2--Suva YNL178W RPS3	CPX-1599	"40S cytosolic small
ribosomal subunit"	0.3121776621826399	0.6816825169064256	9
24	protein complex	CPX-1599	Suva-intralogous PPIs		-0.0	Suva YGL123W RPS2--Suva YOL040C RPS15	CPX-1599	"40S cytosolic small
ribosomal subunit"	1.0903062918441804	0.6816825169064256	9
25	protein complex	CPX-1599	Suva-intralogous PPIs		-0.0	Suva YHL015W RPS20--Suva YNL178W RPS3	CPX-1599	"40S cytosolic small
ribosomal subunit"	0.5715247386724347	0.6816825169064256	9
26	protein complex	CPX-1599	Suva-intralogous PPIs		-0.0	Suva YHL015W RPS20--Suva YOL040C RPS15	CPX-1599	"40S cytosolic small
ribosomal subunit"	1.5662249838768492	0.6816825169064256	9
27	protein complex	CPX-1599	Suva-intralogous PPIs		-0.0	Suva YNL178W RPS3--Suva YOL040C RPS15	CPX-1599	"40S cytosolic small
ribosomal subunit"	1.9300303864170243	0.6816825169064256	9
28	protein complex	CPX-1599	Suva-intralogous PPIs		-0.0	Suva YDR064W RPS13--Suva YHL015W RPS20	CPX-1599	"40S cytosolic small
ribosomal subunit"	0.7918402951404163	0.6816825169064256	9
29	protein complex	CPX-1632	interlogous PPIs		-0.0	Scer YDL201W TRM8--Suva YDR165W TRM82	CPX-1632	"tRNA
(guanine-N(7)-)-methyltransferase"	0.010241827385237844	0.6025334238359762	2
30	protein complex	CPX-1632	interlogous PPIs		-0.0	Scer YDR165W TRM82--Suva YDL201W TRM8	CPX-1632	"tRNA
(guanine-N(7)-)-methyltransferase"	1.1948250202867146	0.6025334238359762	2
31	protein complex	CPX-1601	Suva-intralogous PPIs		-0.0	Suva YBL092W RPL32--Suva YGL103W RPL28	CPX-1601	"60S cytosolic large
ribosomal subunit"	0.5696418480239854	0.5547726356689981	10
32	protein complex	CPX-1601	Suva-intralogous PPIs		-0.0	Suva YBL092W RPL32--Suva YLR340W RPP0	CPX-1601	"60S cytosolic large
ribosomal subunit"	1.2210770938820383	0.5547726356689981	10
33	protein complex	CPX-1601	Suva-intralogous PPIs		-0.0	Suva YBL092W RPL32--Suva YLR075W RPL10	CPX-1601	"60S cytosolic large
ribosomal subunit"	0.5547726356689981	0.5547726356689981	10
34	protein complex	CPX-1601	Suva-intralogous PPIs		-0.0	Suva YBL092W RPL32--Suva YOR063W RPL3	CPX-1601	"60S cytosolic large
ribosomal subunit"	0.4104089597172618	0.5547726356689981	10
35	protein complex	CPX-1601	Suva-intralogous PPIs		-0.0	Suva YBL092W RPL32--Suva YGL030W RPL30	CPX-1601	"60S cytosolic large
ribosomal subunit"	0.4883290043276571	0.5547726356689981	10
36	protein complex	CPX-1601	Suva-intralogous PPIs		-0.0	Suva YGL030W RPL30--Suva YLR075W RPL10	CPX-1601	"60S cytosolic large
ribosomal subunit"	0.7305743270445691	0.5547726356689981	10
37	protein complex	CPX-1601	Suva-intralogous PPIs		-0.0	Suva YBL092W RPL32--Suva YPL131W RPL5	CPX-1601	"60S cytosolic large
ribosomal subunit"	0.8964866869295605	0.5547726356689981	10
38	protein complex	CPX-1601	Suva-intralogous PPIs		-0.0	Suva YGL103W RPL28--Suva YPL131W RPL5	CPX-1601	"60S cytosolic large
ribosomal subunit"	0.7652425201733349	0.5547726356689981	10
39	protein complex	CPX-1601	Suva-intralogous PPIs		-0.0	Suva YGL030W RPL30--Suva YGL103W RPL28	CPX-1601	"60S cytosolic large
ribosomal subunit"	0.7547026954526662	0.5547726356689981	10
40	protein complex	CPX-1601	Suva-intralogous PPIs		-0.0	Suva YLR340W RPP0--Suva YPL131W RPL5	CPX-1601	"60S cytosolic large
ribosomal subunit"	-0.4969865835367048	0.5547726356689981	10
41	protein complex	CPX-1601	Suva-intralogous PPIs		-0.0	Suva YLR340W RPP0--Suva YOR063W RPL3	CPX-1601	"60S cytosolic large
ribosomal subunit"	0.5158383936938471	0.5547726356689981	10
42	protein complex	CPX-1601	Suva-intralogous PPIs		-0.0	Suva YLR075W RPL10--Suva YPL131W RPL5	CPX-1601	"60S cytosolic large
ribosomal subunit"	0.20865106104074674	0.5547726356689981	10
43	protein complex	CPX-1601	Suva-intralogous PPIs		-0.0	Suva YLR075W RPL10--Suva YOR063W RPL3	CPX-1601	"60S cytosolic large
ribosomal subunit"	0.22954137452652426	0.5547726356689981	10
44	protein complex	CPX-1601	Suva-intralogous PPIs		-0.0	Suva YLR075W RPL10--Suva YLR340W RPP0	CPX-1601	"60S cytosolic large
ribosomal subunit"	0.8677004708342411	0.5547726356689981	10
45	protein complex	CPX-1601	Suva-intralogous PPIs		-0.0	Suva YOR063W RPL3--Suva YPL131W RPL5	CPX-1601	"60S cytosolic large
ribosomal subunit"	0.1369420942027962	0.5547726356689981	10
46	protein complex	CPX-1601	Suva-intralogous PPIs		-0.0	Suva YGL103W RPL28--Suva YOR063W RPL3	CPX-1601	"60S cytosolic large
ribosomal subunit"	0.5338648922129969	0.5547726356689981	10
47	protein complex	CPX-1601	Suva-intralogous PPIs		-0.0	Suva YGL103W RPL28--Suva YLR075W RPL10	CPX-1601	"60S cytosolic large
ribosomal subunit"	0.3984182123213753	0.5547726356689981	10
48	protein complex	CPX-1601	Suva-intralogous PPIs		-0.0	Suva YGL030W RPL30--Suva YPL131W RPL5	CPX-1601	"60S cytosolic large
ribosomal subunit"	0.26915942363969003	0.5547726356689981	10
49	protein complex	CPX-1601	Suva-intralogous PPIs		-0.0	Suva YGL030W RPL30--Suva YOR063W RPL3	CPX-1601	"60S cytosolic large
ribosomal subunit"	0.6014220216497089	0.5547726356689981	10
50	protein complex	CPX-1601	Suva-intralogous PPIs		-0.0	Suva YGL030W RPL30--Suva YLR340W RPP0	CPX-1601	"60S cytosolic large
ribosomal subunit"	1.5883233998349289	0.5547726356689981	10
51	protein complex	CPX-1601	Suva-intralogous PPIs		-0.0	Suva YGL103W RPL28--Suva YLR340W RPP0	CPX-1601	"60S cytosolic large
ribosomal subunit"	1.2523457642006746	0.5547726356689981	10
52	protein complex	CPX-1601	interlogous PPIs		-0.0	Scer YGL103W RPL28--Suva YLR075W RPL10	CPX-1601	"60S cytosolic large
ribosomal subunit"	0.4266363102483721	0.5172409544144672	10
53	protein complex	CPX-1601	interlogous PPIs		-0.0	Scer YLR075W RPL10--Suva YGL103W RPL28	CPX-1601	"60S cytosolic large
ribosomal subunit"	0.2922423761383358	0.5172409544144672	10
54	protein complex	CPX-1601	interlogous PPIs		-0.0	Scer YLR075W RPL10--Suva YGL030W RPL30	CPX-1601	"60S cytosolic large
ribosomal subunit"	0.6871536827270677	0.5172409544144672	10
55	protein complex	CPX-1601	interlogous PPIs		-0.0	Scer YLR075W RPL10--Suva YBL092W RPL32	CPX-1601	"60S cytosolic large
ribosomal subunit"	0.510293815659458	0.5172409544144672	10
56	protein complex	CPX-1601	interlogous PPIs		-0.0	Scer YGL103W RPL28--Suva YPL131W RPL5	CPX-1601	"60S cytosolic large
ribosomal subunit"	0.7381042379145263	0.5172409544144672	10
57	protein complex	CPX-1601	interlogous PPIs		-0.0	Scer YGL103W RPL28--Suva YOR063W RPL3	CPX-1601	"60S cytosolic large
ribosomal subunit"	0.5086622912540988	0.5172409544144672	10
58	protein complex	CPX-1601	interlogous PPIs		-0.0	Scer YGL103W RPL28--Suva YLR340W RPP0	CPX-1601	"60S cytosolic large
ribosomal subunit"	1.1519072587843426	0.5172409544144672	10
59	protein complex	CPX-1601	interlogous PPIs		-0.0	Scer YBL092W RPL32--Suva YPL131W RPL5	CPX-1601	"60S cytosolic large
ribosomal subunit"	0.4743536247234583	0.5172409544144672	10
60	protein complex	CPX-1601	interlogous PPIs		-0.0	Scer YGL103W RPL28--Suva YGL030W RPL30	CPX-1601	"60S cytosolic large
ribosomal subunit"	0.6712142368903079	0.5172409544144672	10
61	protein complex	CPX-1601	interlogous PPIs		-0.0	Scer YGL103W RPL28--Suva YBL092W RPL32	CPX-1601	"60S cytosolic large
ribosomal subunit"	0.5241880931694765	0.5172409544144672	10
62	protein complex	CPX-1601	interlogous PPIs		-0.0	Scer YBL092W RPL32--Suva YOR063W RPL3	CPX-1601	"60S cytosolic large
ribosomal subunit"	0.618362936385969	0.5172409544144672	10
63	protein complex	CPX-1601	interlogous PPIs		-0.0	Scer YBL092W RPL32--Suva YLR340W RPP0	CPX-1601	"60S cytosolic large
ribosomal subunit"	0.28895529060179753	0.5172409544144672	10
64	protein complex	CPX-1601	interlogous PPIs		-0.0	Scer YBL092W RPL32--Suva YLR075W RPL10	CPX-1601	"60S cytosolic large
ribosomal subunit"	0.6975714077885209	0.5172409544144672	10
65	protein complex	CPX-1601	interlogous PPIs		-0.0	Scer YLR075W RPL10--Suva YOR063W RPL3	CPX-1601	"60S cytosolic large
ribosomal subunit"	0.3455182391941045	0.5172409544144672	10
66	protein complex	CPX-1601	interlogous PPIs		-0.0	Scer YLR075W RPL10--Suva YLR340W RPP0	CPX-1601	"60S cytosolic large
ribosomal subunit"	1.1704334474177582	0.5172409544144672	10
67	protein complex	CPX-1601	interlogous PPIs		-0.0	Scer YBL092W RPL32--Suva YGL030W RPL30	CPX-1601	"60S cytosolic large
ribosomal subunit"	0.6334291993007036	0.5172409544144672	10
68	protein complex	CPX-1601	interlogous PPIs		-0.0	Scer YLR075W RPL10--Suva YPL131W RPL5	CPX-1601	"60S cytosolic large
ribosomal subunit"	0.33410258686296623	0.5172409544144672	10
69	protein complex	CPX-1601	interlogous PPIs		-0.0	Scer YOR063W RPL3--Suva YLR340W RPP0	CPX-1601	"60S cytosolic large
ribosomal subunit"	0.28109773921730224	0.5172409544144672	10
70	protein complex	CPX-1601	interlogous PPIs		-0.0	Scer YBL092W RPL32--Suva YGL103W RPL28	CPX-1601	"60S cytosolic large
ribosomal subunit"	1.1316057321831186	0.5172409544144672	10
71	protein complex	CPX-1601	interlogous PPIs		-0.0	Scer YPL131W RPL5--Suva YOR063W RPL3	CPX-1601	"60S cytosolic large
ribosomal subunit"	0.08549075221180986	0.5172409544144672	10
72	protein complex	CPX-1601	interlogous PPIs		-0.0	Scer YPL131W RPL5--Suva YLR340W RPP0	CPX-1601	"60S cytosolic large
ribosomal subunit"	0.08549075221180986	0.5172409544144672	10
73	protein complex	CPX-1601	interlogous PPIs		-0.0	Scer YPL131W RPL5--Suva YLR075W RPL10	CPX-1601	"60S cytosolic large
ribosomal subunit"	0.08549075221180986	0.5172409544144672	10
74	protein complex	CPX-1601	interlogous PPIs		-0.0	Scer YPL131W RPL5--Suva YGL103W RPL28	CPX-1601	"60S cytosolic large
ribosomal subunit"	0.08549075221180986	0.5172409544144672	10
75	protein complex	CPX-1601	interlogous PPIs		-0.0	Scer YPL131W RPL5--Suva YGL030W RPL30	CPX-1601	"60S cytosolic large
ribosomal subunit"	0.08549075221180986	0.5172409544144672	10
76	protein complex	CPX-1601	interlogous PPIs		-0.0	Scer YLR340W RPP0--Suva YBL092W RPL32	CPX-1601	"60S cytosolic large
ribosomal subunit"	1.285769659578372	0.5172409544144672	10
77	protein complex	CPX-1601	interlogous PPIs		-0.0	Scer YOR063W RPL3--Suva YPL131W RPL5	CPX-1601	"60S cytosolic large
ribosomal subunit"	1.09650343016364	0.5172409544144672	10
78	protein complex	CPX-1601	interlogous PPIs		-0.0	Scer YPL131W RPL5--Suva YBL092W RPL32	CPX-1601	"60S cytosolic large
ribosomal subunit"	0.08549075221180986	0.5172409544144672	10
79	protein complex	CPX-1601	interlogous PPIs		-0.0	Scer YOR063W RPL3--Suva YLR075W RPL10	CPX-1601	"60S cytosolic large
ribosomal subunit"	-0.054063418694020406	0.5172409544144672	10
80	protein complex	CPX-1601	interlogous PPIs		-0.0	Scer YOR063W RPL3--Suva YGL103W RPL28	CPX-1601	"60S cytosolic large
ribosomal subunit"	-0.03795326832136625	0.5172409544144672	10
81	protein complex	CPX-1601	interlogous PPIs		-0.0	Scer YOR063W RPL3--Suva YGL030W RPL30	CPX-1601	"60S cytosolic large
ribosomal subunit"	0.6388210908844285	0.5172409544144672	10
82	protein complex	CPX-1601	interlogous PPIs		-0.0	Scer YOR063W RPL3--Suva YBL092W RPL32	CPX-1601	"60S cytosolic large
ribosomal subunit"	-0.08269668060554984	0.5172409544144672	10
83	protein complex	CPX-1601	interlogous PPIs		-0.0	Scer YLR340W RPP0--Suva YPL131W RPL5	CPX-1601	"60S cytosolic large
ribosomal subunit"	0.951274631499944	0.5172409544144672	10
84	protein complex	CPX-1601	interlogous PPIs		-0.0	Scer YLR340W RPP0--Suva YOR063W RPL3	CPX-1601	"60S cytosolic large
ribosomal subunit"	1.2023937903699775	0.5172409544144672	10
85	protein complex	CPX-1601	interlogous PPIs		-0.0	Scer YLR340W RPP0--Suva YLR075W RPL10	CPX-1601	"60S cytosolic large
ribosomal subunit"	1.3273432449947375	0.5172409544144672	10
86	protein complex	CPX-1601	interlogous PPIs		-0.0	Scer YLR340W RPP0--Suva YGL103W RPL28	CPX-1601	"60S cytosolic large
ribosomal subunit"	0.8708832696041291	0.5172409544144672	10
87	protein complex	CPX-1601	interlogous PPIs		-0.0	Scer YLR340W RPP0--Suva YGL030W RPL30	CPX-1601	"60S cytosolic large
ribosomal subunit"	0.9507856355976558	0.5172409544144672	10
88	protein complex	CPX-1632	Suva-intralogous PPIs		-0.0	Suva YDL201W TRM8--Suva YDR165W TRM82	CPX-1632	"tRNA
(guanine-N(7)-)-methyltransferase"	0.4404010287596432	0.4404010287596432	2
89	protein complex	CPX-1616	Suva-intralogous PPIs		-0.0	Suva YGL206C CHC1--Suva YGR167W CLC1	CPX-1616	Clathrin complex	0.4173460719711923	0.4173460719711923	2
90	protein complex	CPX-1637	Suva-intralogous PPIs		-0.0	Suva YIL034C CAP2--Suva YKL007W CAP1	CPX-1637	"F-actin capping
protein complex"	0.3779038885365634	0.3779038885365634	2
91	protein complex	CPX-1652	interlogous PPIs		-0.0	Scer YNL287W SEC21--Suva YGL137W SEC27	CPX-1652	"COPI vesicle coat
complex"	0.5884004252503799	0.35070342536536364	7
92	protein complex	CPX-1652	interlogous PPIs		-0.0	Scer YNL287W SEC21--Suva YIL076W SEC28	CPX-1652	"COPI vesicle coat
complex"	0.11300642548034738	0.35070342536536364	7
93	protein complex	CPX-1102	interlogous PPIs		-0.0	Scer YJL026W RNR2--Suva YGR180C RNR4	CPX-1102	"Ribonucleoside-diphosphate
reductase variant 1"	1.1722769546473455	0.31337385823287195	3
94	protein complex	CPX-1102	interlogous PPIs		-0.0	Scer YGR180C RNR4--Suva YJL026W RNR2	CPX-1102	"Ribonucleoside-diphosphate
reductase variant 1"	-0.5455292381816018	0.31337385823287195	3
95	protein complex	CPX-1103	interlogous PPIs		-0.0	Scer YJL026W RNR2--Suva YGR180C RNR4	CPX-1103	"Ribonucleoside-diphosphate
reductase variant 2"	1.1722769546473455	0.31337385823287195	4
96	protein complex	CPX-1103	interlogous PPIs		-0.0	Scer YGR180C RNR4--Suva YJL026W RNR2	CPX-1103	"Ribonucleoside-diphosphate
reductase variant 2"	-0.5455292381816018	0.31337385823287195	4
97	protein complex	CPX-1103	Suva-intralogous PPIs		-0.0	Suva YGR180C RNR4--Suva YJL026W RNR2	CPX-1103	"Ribonucleoside-diphosphate
reductase variant 2"	0.31009153692806185	0.31009153692806185	4
98	protein complex	CPX-1102	Suva-intralogous PPIs		-0.0	Suva YGR180C RNR4--Suva YJL026W RNR2	CPX-1102	"Ribonucleoside-diphosphate
reductase variant 1"	0.31009153692806185	0.31009153692806185	3
99	protein complex	CPX-1947	Scer-intralogous PPIs		-0.0	Scer YGL105W ARC1--Scer YGL245W GUS1	CPX-1947	"Methionyl glutamyl
tRNA synthetase complex"	0.2993586067464611	0.2993586067464611	3
100	protein complex	CPX-1601	Scer-intralogous PPIs		-0.0	Scer YGL103W RPL28--Scer YOR063W RPL3	CPX-1601	"60S cytosolic large
ribosomal subunit"	-0.0021384230549272216	0.2563552016018577	10
101	protein complex	CPX-1601	Scer-intralogous PPIs		-0.0	Scer YBL092W RPL32--Scer YLR075W RPL10	CPX-1601	"60S cytosolic large
ribosomal subunit"	0.9342594987110618	0.2563552016018577	10
102	protein complex	CPX-1601	Scer-intralogous PPIs		-0.0	Scer YBL092W RPL32--Scer YLR340W RPP0	CPX-1601	"60S cytosolic large
ribosomal subunit"	1.7675961484461304	0.2563552016018577	10
103	protein complex	CPX-1601	Scer-intralogous PPIs		-0.0	Scer YBL092W RPL32--Scer YOR063W RPL3	CPX-1601	"60S cytosolic large
ribosomal subunit"	0.4434697075650947	0.2563552016018577	10
104	protein complex	CPX-1601	Scer-intralogous PPIs		-0.0	Scer YBL092W RPL32--Scer YPL131W RPL5	CPX-1601	"60S cytosolic large
ribosomal subunit"	0.08549075221180986	0.2563552016018577	10
105	protein complex	CPX-1601	Scer-intralogous PPIs		-0.0	Scer YGL103W RPL28--Scer YLR340W RPP0	CPX-1601	"60S cytosolic large
ribosomal subunit"	0.7319671633924228	0.2563552016018577	10
106	protein complex	CPX-1601	Scer-intralogous PPIs		-0.0	Scer YLR075W RPL10--Scer YOR063W RPL3	CPX-1601	"60S cytosolic large
ribosomal subunit"	0.02145570734641361	0.2563552016018577	10
107	protein complex	CPX-1601	Scer-intralogous PPIs		-0.0	Scer YGL103W RPL28--Scer YPL131W RPL5	CPX-1601	"60S cytosolic large
ribosomal subunit"	0.08549075221180986	0.2563552016018577	10
108	protein complex	CPX-1601	Scer-intralogous PPIs		-0.0	Scer YLR075W RPL10--Scer YLR340W RPP0	CPX-1601	"60S cytosolic large
ribosomal subunit"	0.90509089070142	0.2563552016018577	10
109	protein complex	CPX-1601	Scer-intralogous PPIs		-0.0	Scer YLR075W RPL10--Scer YPL131W RPL5	CPX-1601	"60S cytosolic large
ribosomal subunit"	0.08549075221180986	0.2563552016018577	10
110	protein complex	CPX-1601	Scer-intralogous PPIs		-0.0	Scer YLR340W RPP0--Scer YOR063W RPL3	CPX-1601	"60S cytosolic large
ribosomal subunit"	0.6681679588861278	0.2563552016018577	10
111	protein complex	CPX-1601	Scer-intralogous PPIs		-0.0	Scer YLR340W RPP0--Scer YPL131W RPL5	CPX-1601	"60S cytosolic large
ribosomal subunit"	0.08549075221180986	0.2563552016018577	10
112	protein complex	CPX-1601	Scer-intralogous PPIs		-0.0	Scer YOR063W RPL3--Scer YPL131W RPL5	CPX-1601	"60S cytosolic large
ribosomal subunit"	0.08549075221180986	0.2563552016018577	10
113	protein complex	CPX-1601	Scer-intralogous PPIs		-0.0	Scer YBL092W RPL32--Scer YGL103W RPL28	CPX-1601	"60S cytosolic large
ribosomal subunit"	1.1809299783358451	0.2563552016018577	10
114	protein complex	CPX-1601	Scer-intralogous PPIs		-0.0	Scer YGL103W RPL28--Scer YLR075W RPL10	CPX-1601	"60S cytosolic large
ribosomal subunit"	0.2563552016018577	0.2563552016018577	10
115	protein complex	CPX-1599	interlogous PPIs		-0.0	Scer YHL015W RPS20--Suva YGL123W RPS2	CPX-1599	"40S cytosolic small
ribosomal subunit"	0.08110120608648133	0.21679917806116306	9
116	protein complex	CPX-1599	interlogous PPIs		-0.0	Scer YHL015W RPS20--Suva YOL040C RPS15	CPX-1599	"40S cytosolic small
ribosomal subunit"	0.4657710154910655	0.21679917806116306	9
117	protein complex	CPX-1599	interlogous PPIs		-0.0	Scer YHL015W RPS20--Suva YDR064W RPS13	CPX-1599	"40S cytosolic small
ribosomal subunit"	1.1412468512251548	0.21679917806116306	9
118	protein complex	CPX-1599	interlogous PPIs		-0.0	Scer YOL040C RPS15--Suva YNL178W RPS3	CPX-1599	"40S cytosolic small
ribosomal subunit"	1.496841420733804	0.21679917806116306	9
119	protein complex	CPX-1599	interlogous PPIs		-0.0	Scer YOL040C RPS15--Suva YHL015W RPS20	CPX-1599	"40S cytosolic small
ribosomal subunit"	-0.28750706852814994	0.21679917806116306	9
120	protein complex	CPX-1599	interlogous PPIs		-0.0	Scer YOL040C RPS15--Suva YGL123W RPS2	CPX-1599	"40S cytosolic small
ribosomal subunit"	0.10051719664115406	0.21679917806116306	9
121	protein complex	CPX-1599	interlogous PPIs		-0.0	Scer YOL040C RPS15--Suva YDR064W RPS13	CPX-1599	"40S cytosolic small
ribosomal subunit"	-0.5874463764000308	0.21679917806116306	9
122	protein complex	CPX-1599	interlogous PPIs		-0.0	Scer YNL178W RPS3--Suva YOL040C RPS15	CPX-1599	"40S cytosolic small
ribosomal subunit"	0.4947942668278306	0.21679917806116306	9
123	protein complex	CPX-1599	interlogous PPIs		-0.0	Scer YNL178W RPS3--Suva YGL123W RPS2	CPX-1599	"40S cytosolic small
ribosomal subunit"	0.031899293636619294	0.21679917806116306	9
124	protein complex	CPX-1599	interlogous PPIs		-0.0	Scer YNL178W RPS3--Suva YDR064W RPS13	CPX-1599	"40S cytosolic small
ribosomal subunit"	0.05427846231085349	0.21679917806116306	9
125	protein complex	CPX-1599	interlogous PPIs		-0.0	Scer YNL178W RPS3--Suva YHL015W RPS20	CPX-1599	"40S cytosolic small
ribosomal subunit"	0.1869396384755493	0.21679917806116306	9
126	protein complex	CPX-1599	interlogous PPIs		-0.0	Scer YGL123W RPS2--Suva YHL015W RPS20	CPX-1599	"40S cytosolic small
ribosomal subunit"	0.04268613453468753	0.21679917806116306	9
127	protein complex	CPX-1599	interlogous PPIs		-0.0	Scer YHL015W RPS20--Suva YNL178W RPS3	CPX-1599	"40S cytosolic small
ribosomal subunit"	0.8713303929215409	0.21679917806116306	9
128	protein complex	CPX-1599	interlogous PPIs		-0.0	Scer YDR064W RPS13--Suva YGL123W RPS2	CPX-1599	"40S cytosolic small
ribosomal subunit"	0.24665871764677674	0.21679917806116306	9
129	protein complex	CPX-1599	interlogous PPIs		-0.0	Scer YDR064W RPS13--Suva YHL015W RPS20	CPX-1599	"40S cytosolic small
ribosomal subunit"	0.7993456431901242	0.21679917806116306	9
130	protein complex	CPX-1599	interlogous PPIs		-0.0	Scer YDR064W RPS13--Suva YNL178W RPS3	CPX-1599	"40S cytosolic small
ribosomal subunit"	1.4412080858213636	0.21679917806116306	9
131	protein complex	CPX-1599	interlogous PPIs		-0.0	Scer YDR064W RPS13--Suva YOL040C RPS15	CPX-1599	"40S cytosolic small
ribosomal subunit"	0.28220783260732	0.21679917806116306	9
132	protein complex	CPX-1599	interlogous PPIs		-0.0	Scer YGL123W RPS2--Suva YDR064W RPS13	CPX-1599	"40S cytosolic small
ribosomal subunit"	0.09107039919446652	0.21679917806116306	9
133	protein complex	CPX-1599	interlogous PPIs		-0.0	Scer YGL123W RPS2--Suva YOL040C RPS15	CPX-1599	"40S cytosolic small
ribosomal subunit"	0.040590650329805265	0.21679917806116306	9
134	protein complex	CPX-1599	interlogous PPIs		-0.0	Scer YGL123W RPS2--Suva YNL178W RPS3	CPX-1599	"40S cytosolic small
ribosomal subunit"	1.2940958392341888	0.21679917806116306	9
135	protein complex	CPX-1637	interlogous PPIs		-0.0	Scer YKL007W CAP1--Suva YIL034C CAP2	CPX-1637	"F-actin capping
protein complex"	0.4714270154871424	0.2086219447006328	2
136	protein complex	CPX-1637	interlogous PPIs		-0.0	Scer YIL034C CAP2--Suva YKL007W CAP1	CPX-1637	"F-actin capping
protein complex"	-0.05418312608587685	0.2086219447006328	2
137	protein complex	CPX-2262	Scer-intralogous PPIs		-0.0	Scer YGR135W PRE9--Scer YMR314W PRE5	CPX-2262	"26S Proteasome
complex"	0.20453524516769112	0.20453524516769112	33
138	protein complex	CPX-2262	Scer-intralogous PPIs		-0.0	Scer YFR004W RPN11--Scer YPR108W RPN7	CPX-2262	"26S Proteasome
complex"	-1.173328685320432	0.20453524516769112	33
139	protein complex	CPX-2262	Scer-intralogous PPIs		-0.0	Scer YGR135W PRE9--Scer YHR027C RPN1	CPX-2262	"26S Proteasome
complex"	-1.2562544135471647	0.20453524516769112	33
140	protein complex	CPX-2262	Scer-intralogous PPIs		-0.0	Scer YGR135W PRE9--Scer YML092C PRE8	CPX-2262	"26S Proteasome
complex"	-0.2713172595048398	0.20453524516769112	33
141	protein complex	CPX-2262	Scer-intralogous PPIs		-0.0	Scer YML092C PRE8--Scer YPR108W RPN7	CPX-2262	"26S Proteasome
complex"	-0.16296147546883935	0.20453524516769112	33
142	protein complex	CPX-2262	Scer-intralogous PPIs		-0.0	Scer YGR135W PRE9--Scer YPR108W RPN7	CPX-2262	"26S Proteasome
complex"	-1.212236431365607	0.20453524516769112	33
143	protein complex	CPX-2262	Scer-intralogous PPIs		-0.0	Scer YHR027C RPN1--Scer YML092C PRE8	CPX-2262	"26S Proteasome
complex"	-0.21096778717607712	0.20453524516769112	33
144	protein complex	CPX-2262	Scer-intralogous PPIs		-0.0	Scer YML092C PRE8--Scer YMR314W PRE5	CPX-2262	"26S Proteasome
complex"	1.4680910356008408	0.20453524516769112	33
145	protein complex	CPX-2262	Scer-intralogous PPIs		-0.0	Scer YHR027C RPN1--Scer YMR314W PRE5	CPX-2262	"26S Proteasome
complex"	0.9899513738969978	0.20453524516769112	33
146	protein complex	CPX-2262	Scer-intralogous PPIs		-0.0	Scer YFR004W RPN11--Scer YML092C PRE8	CPX-2262	"26S Proteasome
complex"	-0.7653045071814569	0.20453524516769112	33
147	protein complex	CPX-2262	Scer-intralogous PPIs		-0.0	Scer YHR027C RPN1--Scer YPR108W RPN7	CPX-2262	"26S Proteasome
complex"	-0.4595094005358699	0.20453524516769112	33
148	protein complex	CPX-2262	Scer-intralogous PPIs		-0.0	Scer YFR004W RPN11--Scer YMR314W PRE5	CPX-2262	"26S Proteasome
complex"	0.3393250077269151	0.20453524516769112	33
149	protein complex	CPX-2262	Scer-intralogous PPIs		-0.0	Scer YMR314W PRE5--Scer YPR108W RPN7	CPX-2262	"26S Proteasome
complex"	1.0329634270885746	0.20453524516769112	33
150	protein complex	CPX-2262	Scer-intralogous PPIs		-0.0	Scer YFR004W RPN11--Scer YHR027C RPN1	CPX-2262	"26S Proteasome
complex"	0.5408823970022992	0.20453524516769112	33
151	protein complex	CPX-2262	Scer-intralogous PPIs		-0.0	Scer YDR363W-A SEM1--Scer YMR314W PRE5	CPX-2262	"26S Proteasome
complex"	1.3841803332773206	0.20453524516769112	33
152	protein complex	CPX-2262	Scer-intralogous PPIs		-0.0	Scer YDR363W-A SEM1--Scer YPR108W RPN7	CPX-2262	"26S Proteasome
complex"	0.8009558003471351	0.20453524516769112	33
153	protein complex	CPX-2262	Scer-intralogous PPIs		-0.0	Scer YFR004W RPN11--Scer YGR135W PRE9	CPX-2262	"26S Proteasome
complex"	-1.7466520687124254	0.20453524516769112	33
154	protein complex	CPX-2262	Scer-intralogous PPIs		-0.0	Scer YDR363W-A SEM1--Scer YML092C PRE8	CPX-2262	"26S Proteasome
complex"	1.3841803332773206	0.20453524516769112	33
155	protein complex	CPX-2262	Scer-intralogous PPIs		-0.0	Scer YDR363W-A SEM1--Scer YHR027C RPN1	CPX-2262	"26S Proteasome
complex"	1.7150022017759152	0.20453524516769112	33
156	protein complex	CPX-2262	Scer-intralogous PPIs		-0.0	Scer YDR363W-A SEM1--Scer YGR135W PRE9	CPX-2262	"26S Proteasome
complex"	0.05521314935524596	0.20453524516769112	33
157	protein complex	CPX-2262	Scer-intralogous PPIs		-0.0	Scer YDR363W-A SEM1--Scer YFR004W RPN11	CPX-2262	"26S Proteasome
complex"	1.5464914005059986	0.20453524516769112	33
158	protein complex	CPX-2262	Suva-intralogous PPIs		-0.0	Suva YDR363W-A SEM1--Suva YMR314W PRE5	CPX-2262	"26S Proteasome
complex"	0.446875273630756	0.1868334880523843	33
159	protein complex	CPX-2262	Suva-intralogous PPIs		-0.0	Suva YDR363W-A SEM1--Suva YGR135W PRE9	CPX-2262	"26S Proteasome
complex"	1.735672086894175	0.1868334880523843	33
160	protein complex	CPX-2262	Suva-intralogous PPIs		-0.0	Suva YDR363W-A SEM1--Suva YHR027C RPN1	CPX-2262	"26S Proteasome
complex"	0.2114048012839879	0.1868334880523843	33
161	protein complex	CPX-2262	Suva-intralogous PPIs		-0.0	Suva YDR363W-A SEM1--Suva YML092C PRE8	CPX-2262	"26S Proteasome
complex"	0.6704425170368151	0.1868334880523843	33
162	protein complex	CPX-2262	Suva-intralogous PPIs		-0.0	Suva YDR363W-A SEM1--Suva YOR362C PRE10	CPX-2262	"26S Proteasome
complex"	0.3883439211330669	0.1868334880523843	33
163	protein complex	CPX-2262	Suva-intralogous PPIs		-0.0	Suva YFR052W RPN12--Suva YMR314W PRE5	CPX-2262	"26S Proteasome
complex"	0.043312642057064935	0.1868334880523843	33
164	protein complex	CPX-2262	Suva-intralogous PPIs		-0.0	Suva YFR052W RPN12--Suva YGR135W PRE9	CPX-2262	"26S Proteasome
complex"	1.2058377969131746	0.1868334880523843	33
165	protein complex	CPX-2262	Suva-intralogous PPIs		-0.0	Suva YGR135W PRE9--Suva YOR362C PRE10	CPX-2262	"26S Proteasome
complex"	0.5017059294264246	0.1868334880523843	33
166	protein complex	CPX-2262	Suva-intralogous PPIs		-0.0	Suva YHR027C RPN1--Suva YOR362C PRE10	CPX-2262	"26S Proteasome
complex"	-0.042061749651339235	0.1868334880523843	33
167	protein complex	CPX-2262	Suva-intralogous PPIs		-0.0	Suva YFR052W RPN12--Suva YHR027C RPN1	CPX-2262	"26S Proteasome
complex"	0.10846331044315012	0.1868334880523843	33
168	protein complex	CPX-2262	Suva-intralogous PPIs		-0.0	Suva YFR052W RPN12--Suva YML092C PRE8	CPX-2262	"26S Proteasome
complex"	0.1868334880523843	0.1868334880523843	33
169	protein complex	CPX-2262	Suva-intralogous PPIs		-0.0	Suva YGR135W PRE9--Suva YML092C PRE8	CPX-2262	"26S Proteasome
complex"	0.2951148151114223	0.1868334880523843	33
170	protein complex	CPX-2262	Suva-intralogous PPIs		-0.0	Suva YHR027C RPN1--Suva YML092C PRE8	CPX-2262	"26S Proteasome
complex"	0.10170548421870856	0.1868334880523843	33
171	protein complex	CPX-2262	Suva-intralogous PPIs		-0.0	Suva YHR027C RPN1--Suva YMR314W PRE5	CPX-2262	"26S Proteasome
complex"	-0.041290552132295835	0.1868334880523843	33
172	protein complex	CPX-2262	Suva-intralogous PPIs		-0.0	Suva YGR135W PRE9--Suva YMR314W PRE5	CPX-2262	"26S Proteasome
complex"	-0.044182090334749236	0.1868334880523843	33
173	protein complex	CPX-2262	Suva-intralogous PPIs		-0.0	Suva YML092C PRE8--Suva YMR314W PRE5	CPX-2262	"26S Proteasome
complex"	-0.2593546508199972	0.1868334880523843	33
174	protein complex	CPX-2262	Suva-intralogous PPIs		-0.0	Suva YDR363W-A SEM1--Suva YFR052W RPN12	CPX-2262	"26S Proteasome
complex"	0.5546957122926842	0.1868334880523843	33
175	protein complex	CPX-2262	Suva-intralogous PPIs		-0.0	Suva YML092C PRE8--Suva YOR362C PRE10	CPX-2262	"26S Proteasome
complex"	-0.017198355951680042	0.1868334880523843	33
176	protein complex	CPX-2262	Suva-intralogous PPIs		-0.0	Suva YFR052W RPN12--Suva YOR362C PRE10	CPX-2262	"26S Proteasome
complex"	0.043623231306609375	0.1868334880523843	33
177	protein complex	CPX-2262	Suva-intralogous PPIs		-0.0	Suva YMR314W PRE5--Suva YOR362C PRE10	CPX-2262	"26S Proteasome
complex"	-0.059116150710947925	0.1868334880523843	33
178	protein complex	CPX-2262	Suva-intralogous PPIs		-0.0	Suva YGR135W PRE9--Suva YHR027C RPN1	CPX-2262	"26S Proteasome
complex"	1.1602330551442055	0.1868334880523843	33
179	protein complex	CPX-1276	interlogous PPIs		2.6954558542574856	Scer YLL024C SSA2--Suva YCL037C SRO9	CPX-1276	HMC complex	-0.8040714456103575	0.08549075221180986	7
180	protein complex	CPX-1276	interlogous PPIs		2.6954558542574856	Scer YLL024C SSA2--Suva YPL240C HSP82	CPX-1276	HMC complex	1.8203113468304608	0.08549075221180986	7
181	protein complex	CPX-1276	interlogous PPIs		2.6954558542574856	Scer YMR186W HSC82--Suva YAL005C SSA1	CPX-1276	HMC complex	-0.9227866545081111	0.08549075221180986	7
182	protein complex	CPX-1276	interlogous PPIs		2.6954558542574856	Scer YMR186W HSC82--Suva YCL037C SRO9	CPX-1276	HMC complex	1.7272726449511306	0.08549075221180986	7
183	protein complex	CPX-1276	interlogous PPIs		2.6954558542574856	Scer YMR186W HSC82--Suva YLL024C SSA2	CPX-1276	HMC complex	0.08549075221180986	0.08549075221180986	7
184	protein complex	CPX-1276	interlogous PPIs		2.6954558542574856	Scer YCL037C SRO9--Suva YPL240C HSP82	CPX-1276	HMC complex	0.3254341139221575	0.08549075221180986	7
185	protein complex	CPX-1276	interlogous PPIs		2.6954558542574856	Scer YPL240C HSP82--Suva YAL005C SSA1	CPX-1276	HMC complex	-3.0162217116639867	0.08549075221180986	7
186	protein complex	CPX-1276	interlogous PPIs		2.6954558542574856	Scer YPL240C HSP82--Suva YCL037C SRO9	CPX-1276	HMC complex	1.4253758992255268	0.08549075221180986	7
187	protein complex	CPX-1276	interlogous PPIs		2.6954558542574856	Scer YPL240C HSP82--Suva YLL024C SSA2	CPX-1276	HMC complex	-3.3043372086393643	0.08549075221180986	7
188	protein complex	CPX-1276	interlogous PPIs		2.6954558542574856	Scer YCL037C SRO9--Suva YAL005C SSA1	CPX-1276	HMC complex	0.08549075221180986	0.08549075221180986	7
189	protein complex	CPX-1276	interlogous PPIs		2.6954558542574856	Scer YCL037C SRO9--Suva YLL024C SSA2	CPX-1276	HMC complex	0.08549075221180986	0.08549075221180986	7
190	protein complex	CPX-1276	interlogous PPIs		2.6954558542574856	Scer YLL024C SSA2--Suva YAL005C SSA1	CPX-1276	HMC complex	-0.8632675621726851	0.08549075221180986	7
191	protein complex	CPX-1947	interlogous PPIs		-0.0	Scer YGL245W GUS1--Suva YGR264C MES1	CPX-1947	"Methionyl glutamyl
tRNA synthetase complex"	0.08549075221180986	0.08549075221180986	3
192	protein complex	CPX-1947	interlogous PPIs		-0.0	Scer YGL105W ARC1--Suva YGR264C MES1	CPX-1947	"Methionyl glutamyl
tRNA synthetase complex"	0.08549075221180986	0.08549075221180986	3
193	protein complex	CPX-1883	Suva-intralogous PPIs		-0.0	Suva YCL037C SRO9--Suva YLL024C SSA2	CPX-1883	"HAP1
transcriptional repressor complex
variant 2"	0.08549075221180986	0.08549075221180986	4
194	protein complex	CPX-1276	interlogous PPIs		2.6954558542574856	Scer YMR186W HSC82--Suva YPL240C HSP82	CPX-1276	HMC complex	2.5338178246173992	0.08549075221180986	7
195	protein complex	CPX-1162	interlogous PPIs		-0.0	Scer YKL182W FAS1--Suva YPL231W FAS2	CPX-1162	"Fatty-acyl-CoA
synthase"	-0.062171573320763285	0.07372945698159232	2
196	protein complex	CPX-1162	interlogous PPIs		-0.0	Scer YPL231W FAS2--Suva YKL182W FAS1	CPX-1162	"Fatty-acyl-CoA
synthase"	0.20963048728394792	0.07372945698159232	2
197	protein complex	CPX-1632	Scer-intralogous PPIs		-0.0	Scer YDL201W TRM8--Scer YDR165W TRM82	CPX-1632	"tRNA
(guanine-N(7)-)-methyltransferase"	0.032701058047115664	0.032701058047115664	2
198	protein complex	CPX-1162	Suva-intralogous PPIs		-0.0	Suva YKL182W FAS1--Suva YPL231W FAS2	CPX-1162	"Fatty-acyl-CoA
synthase"	0.02375257183569236	0.02375257183569236	2
199	protein complex	CPX-1602	Suva-intralogous PPIs		-0.0	Suva YDR462W MRPL28--Suva YGL068W MNP1	CPX-1602	"54S mitochondrial
large ribosomal subunit"	-0.2727356322512524	-0.03459065205050786	46
200	protein complex	CPX-1602	Suva-intralogous PPIs		-0.0	Suva YGL068W MNP1--Suva YPL173W MRPL40	CPX-1602	"54S mitochondrial
large ribosomal subunit"	-0.03459065205050786	-0.03459065205050786	46
201	protein complex	CPX-1602	Suva-intralogous PPIs		-0.0	Suva YDR462W MRPL28--Suva YPL173W MRPL40	CPX-1602	"54S mitochondrial
large ribosomal subunit"	0.08549075221180986	-0.03459065205050786	46
202	protein complex	CPX-1276	Suva-intralogous PPIs		-0.0	Suva YLL024C SSA2--Suva YPL240C HSP82	CPX-1276	HMC complex	0.08549075221180986	-0.05234424566330643	7
203	protein complex	CPX-1276	Suva-intralogous PPIs		-0.0	Suva YCL037C SRO9--Suva YLL024C SSA2	CPX-1276	HMC complex	0.08549075221180986	-0.05234424566330643	7
204	protein complex	CPX-1276	Suva-intralogous PPIs		-0.0	Suva YAL005C SSA1--Suva YPL240C HSP82	CPX-1276	HMC complex	-0.37495550436975705	-0.05234424566330643	7
205	protein complex	CPX-1276	Suva-intralogous PPIs		-0.0	Suva YAL005C SSA1--Suva YLL024C SSA2	CPX-1276	HMC complex	-0.2074689119937177	-0.05234424566330643	7
206	protein complex	CPX-1276	Suva-intralogous PPIs		-0.0	Suva YAL005C SSA1--Suva YCL037C SRO9	CPX-1276	HMC complex	0.08549075221180986	-0.05234424566330643	7
207	protein complex	CPX-1276	Suva-intralogous PPIs		-0.0	Suva YCL037C SRO9--Suva YPL240C HSP82	CPX-1276	HMC complex	-0.19017924353842272	-0.05234424566330643	7
208	protein complex	CPX-427	interlogous PPIs		-0.0	Scer YPL237W SUI3--Suva YJR007W SUI2	CPX-427	"Eukaryotic
translation initiation factor 2
complex"	0.9370114134246068	-0.057537579736502524	3
209	protein complex	CPX-427	interlogous PPIs		-0.0	Scer YJR007W SUI2--Suva YPL237W SUI3	CPX-427	"Eukaryotic
translation initiation factor 2
complex"	-1.052086572897612	-0.057537579736502524	3
210	protein complex	CPX-1162	Scer-intralogous PPIs		-0.0	Scer YKL182W FAS1--Scer YPL231W FAS2	CPX-1162	"Fatty-acyl-CoA
synthase"	-0.08719234069536189	-0.08719234069536189	2
211	protein complex	CPX-1616	Scer-intralogous PPIs		-0.0	Scer YGL206C CHC1--Scer YGR167W CLC1	CPX-1616	Clathrin complex	-0.10000206858165528	-0.10000206858165528	2
212	protein complex	CPX-1616	interlogous PPIs		-0.0	Scer YGL206C CHC1--Suva YGR167W CLC1	CPX-1616	Clathrin complex	0.2601196438554507	-0.12175870554722006	2
213	protein complex	CPX-1616	interlogous PPIs		-0.0	Scer YGR167W CLC1--Suva YGL206C CHC1	CPX-1616	Clathrin complex	-0.5036370549498908	-0.12175870554722006	2
214	protein complex	CPX-1602	interlogous PPIs		-0.0	Scer YNL252C MRPL17--Suva YPL173W MRPL40	CPX-1602	"54S mitochondrial
large ribosomal subunit"	0.08549075221180986	-0.1347165617859599	46
215	protein complex	CPX-1602	interlogous PPIs		-0.0	Scer YNL252C MRPL17--Suva YGL068W MNP1	CPX-1602	"54S mitochondrial
large ribosomal subunit"	-0.4720008507309741	-0.1347165617859599	46
216	protein complex	CPX-1602	interlogous PPIs		-0.0	Scer YNL252C MRPL17--Suva YDR462W MRPL28	CPX-1602	"54S mitochondrial
large ribosomal subunit"	0.08549075221180986	-0.1347165617859599	46
217	protein complex	CPX-1602	interlogous PPIs		-0.0	Scer YGL068W MNP1--Suva YPL173W MRPL40	CPX-1602	"54S mitochondrial
large ribosomal subunit"	-0.1347165617859599	-0.1347165617859599	46
218	protein complex	CPX-1602	interlogous PPIs		-0.0	Scer YGL068W MNP1--Suva YDR462W MRPL28	CPX-1602	"54S mitochondrial
large ribosomal subunit"	-0.3581098974855835	-0.1347165617859599	46
219	protein complex	CPX-1652	Suva-intralogous PPIs		-0.0	Suva YGL137W SEC27--Suva YIL076W SEC28	CPX-1652	"COPI vesicle coat
complex"	-0.13673335205365064	-0.13673335205365064	7
220	protein complex	CPX-2262	interlogous PPIs	high	1.3055733849797189	Scer YFR004W RPN11--Suva YDR363W-A SEM1	CPX-2262	"26S Proteasome
complex"	-0.6924832803061399	-0.16615617041622846	33
221	protein complex	CPX-2262	interlogous PPIs	high	1.3055733849797189	Scer YFR004W RPN11--Suva YOR362C PRE10	CPX-2262	"26S Proteasome
complex"	-0.8614596368807528	-0.16615617041622846	33
222	protein complex	CPX-2262	interlogous PPIs	high	1.3055733849797189	Scer YHR027C RPN1--Suva YOR362C PRE10	CPX-2262	"26S Proteasome
complex"	-0.30537842930376835	-0.16615617041622846	33
223	protein complex	CPX-2262	interlogous PPIs	high	1.3055733849797189	Scer YHR027C RPN1--Suva YMR314W PRE5	CPX-2262	"26S Proteasome
complex"	-0.3093551253799709	-0.16615617041622846	33
224	protein complex	CPX-2262	interlogous PPIs	high	1.3055733849797189	Scer YHR027C RPN1--Suva YML092C PRE8	CPX-2262	"26S Proteasome
complex"	-0.1657570249990367	-0.16615617041622846	33
225	protein complex	CPX-2262	interlogous PPIs	high	1.3055733849797189	Scer YHR027C RPN1--Suva YGR135W PRE9	CPX-2262	"26S Proteasome
complex"	0.881074123604116	-0.16615617041622846	33
226	protein complex	CPX-2262	interlogous PPIs	high	1.3055733849797189	Scer YHR027C RPN1--Suva YFR052W RPN12	CPX-2262	"26S Proteasome
complex"	-1.3142726224008083	-0.16615617041622846	33
227	protein complex	CPX-2262	interlogous PPIs	high	1.3055733849797189	Scer YHR027C RPN1--Suva YDR363W-A SEM1	CPX-2262	"26S Proteasome
complex"	-0.2658760776745007	-0.16615617041622846	33
228	protein complex	CPX-2262	interlogous PPIs	high	1.3055733849797189	Scer YGR135W PRE9--Suva YOR362C PRE10	CPX-2262	"26S Proteasome
complex"	-0.8021628487860892	-0.16615617041622846	33
229	protein complex	CPX-2262	interlogous PPIs	high	1.3055733849797189	Scer YGR135W PRE9--Suva YHR027C RPN1	CPX-2262	"26S Proteasome
complex"	-0.9646771517745351	-0.16615617041622846	33
230	protein complex	CPX-2262	interlogous PPIs	high	1.3055733849797189	Scer YGR135W PRE9--Suva YFR052W RPN12	CPX-2262	"26S Proteasome
complex"	-0.9505856730031288	-0.16615617041622846	33
231	protein complex	CPX-2262	interlogous PPIs	high	1.3055733849797189	Scer YGR135W PRE9--Suva YDR363W-A SEM1	CPX-2262	"26S Proteasome
complex"	-0.25965665940810395	-0.16615617041622846	33
232	protein complex	CPX-2262	interlogous PPIs	high	1.3055733849797189	Scer YDR363W-A SEM1--Suva YFR052W RPN12	CPX-2262	"26S Proteasome
complex"	-0.9630628321815188	-0.16615617041622846	33
233	protein complex	CPX-2262	interlogous PPIs	high	1.3055733849797189	Scer YML092C PRE8--Suva YFR052W RPN12	CPX-2262	"26S Proteasome
complex"	0.14100452448816395	-0.16615617041622846	33
234	protein complex	CPX-2262	interlogous PPIs	high	1.3055733849797189	Scer YDR363W-A SEM1--Suva YGR135W PRE9	CPX-2262	"26S Proteasome
complex"	0.6805669610538735	-0.16615617041622846	33
235	protein complex	CPX-2262	interlogous PPIs	high	1.3055733849797189	Scer YDR363W-A SEM1--Suva YHR027C RPN1	CPX-2262	"26S Proteasome
complex"	2.9716094788211165	-0.16615617041622846	33
236	protein complex	CPX-2262	interlogous PPIs	high	1.3055733849797189	Scer YDR363W-A SEM1--Suva YML092C PRE8	CPX-2262	"26S Proteasome
complex"	0.8407161200357419	-0.16615617041622846	33
237	protein complex	CPX-2262	interlogous PPIs	high	1.3055733849797189	Scer YDR363W-A SEM1--Suva YMR314W PRE5	CPX-2262	"26S Proteasome
complex"	0.7799103677292977	-0.16615617041622846	33
238	protein complex	CPX-2262	interlogous PPIs	high	1.3055733849797189	Scer YDR363W-A SEM1--Suva YOR362C PRE10	CPX-2262	"26S Proteasome
complex"	1.1800843299174946	-0.16615617041622846	33
239	protein complex	CPX-2262	interlogous PPIs	high	1.3055733849797189	Scer YFR004W RPN11--Suva YMR314W PRE5	CPX-2262	"26S Proteasome
complex"	-0.8722974268788641	-0.16615617041622846	33
240	protein complex	CPX-2262	interlogous PPIs	high	1.3055733849797189	Scer YFR004W RPN11--Suva YML092C PRE8	CPX-2262	"26S Proteasome
complex"	-0.7277289820454027	-0.16615617041622846	33
241	protein complex	CPX-2262	interlogous PPIs	high	1.3055733849797189	Scer YFR004W RPN11--Suva YHR027C RPN1	CPX-2262	"26S Proteasome
complex"	0.053188702120273226	-0.16615617041622846	33
242	protein complex	CPX-2262	interlogous PPIs	high	1.3055733849797189	Scer YFR004W RPN11--Suva YGR135W PRE9	CPX-2262	"26S Proteasome
complex"	0.21321365372396306	-0.16615617041622846	33
243	protein complex	CPX-2262	interlogous PPIs	high	1.3055733849797189	Scer YFR004W RPN11--Suva YFR052W RPN12	CPX-2262	"26S Proteasome
complex"	-0.9619816185619878	-0.16615617041622846	33
244	protein complex	CPX-2262	interlogous PPIs	high	1.3055733849797189	Scer YML092C PRE8--Suva YDR363W-A SEM1	CPX-2262	"26S Proteasome
complex"	0.4292030606730696	-0.16615617041622846	33
245	protein complex	CPX-2262	interlogous PPIs	high	1.3055733849797189	Scer YGR135W PRE9--Suva YML092C PRE8	CPX-2262	"26S Proteasome
complex"	0.17818979857351394	-0.16615617041622846	33
246	protein complex	CPX-2262	interlogous PPIs	high	1.3055733849797189	Scer YML092C PRE8--Suva YGR135W PRE9	CPX-2262	"26S Proteasome
complex"	0.43818752169458003	-0.16615617041622846	33
247	protein complex	CPX-2262	interlogous PPIs	high	1.3055733849797189	Scer YMR314W PRE5--Suva YML092C PRE8	CPX-2262	"26S Proteasome
complex"	-0.679449240311537	-0.16615617041622846	33
248	protein complex	CPX-2262	interlogous PPIs	high	1.3055733849797189	Scer YGR135W PRE9--Suva YMR314W PRE5	CPX-2262	"26S Proteasome
complex"	-0.3197614990940285	-0.16615617041622846	33
249	protein complex	CPX-2262	interlogous PPIs	high	1.3055733849797189	Scer YPR108W RPN7--Suva YOR362C PRE10	CPX-2262	"26S Proteasome
complex"	-0.2566659506790536	-0.16615617041622846	33
250	protein complex	CPX-2262	interlogous PPIs	high	1.3055733849797189	Scer YPR108W RPN7--Suva YMR314W PRE5	CPX-2262	"26S Proteasome
complex"	-0.2553970503537109	-0.16615617041622846	33
251	protein complex	CPX-2262	interlogous PPIs	high	1.3055733849797189	Scer YPR108W RPN7--Suva YML092C PRE8	CPX-2262	"26S Proteasome
complex"	-0.1127793166583461	-0.16615617041622846	33
252	protein complex	CPX-2262	interlogous PPIs	high	1.3055733849797189	Scer YML092C PRE8--Suva YHR027C RPN1	CPX-2262	"26S Proteasome
complex"	0.05361830160036293	-0.16615617041622846	33
253	protein complex	CPX-2262	interlogous PPIs	high	1.3055733849797189	Scer YPR108W RPN7--Suva YGR135W PRE9	CPX-2262	"26S Proteasome
complex"	0.9498846532473564	-0.16615617041622846	33
254	protein complex	CPX-2262	interlogous PPIs	high	1.3055733849797189	Scer YPR108W RPN7--Suva YFR052W RPN12	CPX-2262	"26S Proteasome
complex"	-0.10862597637793084	-0.16615617041622846	33
255	protein complex	CPX-2262	interlogous PPIs	high	1.3055733849797189	Scer YPR108W RPN7--Suva YDR363W-A SEM1	CPX-2262	"26S Proteasome
complex"	0.5028334682501464	-0.16615617041622846	33
256	protein complex	CPX-2262	interlogous PPIs	high	1.3055733849797189	Scer YMR314W PRE5--Suva YOR362C PRE10	CPX-2262	"26S Proteasome
complex"	-0.7803667355392266	-0.16615617041622846	33
257	protein complex	CPX-2262	interlogous PPIs	high	1.3055733849797189	Scer YPR108W RPN7--Suva YHR027C RPN1	CPX-2262	"26S Proteasome
complex"	-0.19265487537336326	-0.16615617041622846	33
258	protein complex	CPX-2262	interlogous PPIs	high	1.3055733849797189	Scer YMR314W PRE5--Suva YHR027C RPN1	CPX-2262	"26S Proteasome
complex"	1.2524033611533223	-0.16615617041622846	33
259	protein complex	CPX-2262	interlogous PPIs	high	1.3055733849797189	Scer YMR314W PRE5--Suva YFR052W RPN12	CPX-2262	"26S Proteasome
complex"	1.3429045244286286	-0.16615617041622846	33
260	protein complex	CPX-2262	interlogous PPIs	high	1.3055733849797189	Scer YMR314W PRE5--Suva YDR363W-A SEM1	CPX-2262	"26S Proteasome
complex"	1.6252386348186505	-0.16615617041622846	33
261	protein complex	CPX-2262	interlogous PPIs	high	1.3055733849797189	Scer YML092C PRE8--Suva YOR362C PRE10	CPX-2262	"26S Proteasome
complex"	-0.1665553158334202	-0.16615617041622846	33
262	protein complex	CPX-2262	interlogous PPIs	high	1.3055733849797189	Scer YML092C PRE8--Suva YMR314W PRE5	CPX-2262	"26S Proteasome
complex"	0.20460074992871705	-0.16615617041622846	33
263	protein complex	CPX-2262	interlogous PPIs	high	1.3055733849797189	Scer YMR314W PRE5--Suva YGR135W PRE9	CPX-2262	"26S Proteasome
complex"	-0.4673113059442388	-0.16615617041622846	33
264	protein complex	CPX-1599	Scer-intralogous PPIs		-0.0	Scer YDR064W RPS13--Scer YNL178W RPS3	CPX-1599	"40S cytosolic small
ribosomal subunit"	-0.4006889854019635	-0.19525667884069686	9
265	protein complex	CPX-1599	Scer-intralogous PPIs		-0.0	Scer YHL015W RPS20--Scer YNL178W RPS3	CPX-1599	"40S cytosolic small
ribosomal subunit"	-0.15964442862232842	-0.19525667884069686	9
266	protein complex	CPX-1599	Scer-intralogous PPIs		-0.0	Scer YGL123W RPS2--Scer YOL040C RPS15	CPX-1599	"40S cytosolic small
ribosomal subunit"	-0.6370799651848348	-0.19525667884069686	9
267	protein complex	CPX-1599	Scer-intralogous PPIs		-0.0	Scer YGL123W RPS2--Scer YNL178W RPS3	CPX-1599	"40S cytosolic small
ribosomal subunit"	-0.08962190876463058	-0.19525667884069686	9
268	protein complex	CPX-1599	Scer-intralogous PPIs		-0.0	Scer YGL123W RPS2--Scer YHL015W RPS20	CPX-1599	"40S cytosolic small
ribosomal subunit"	0.10547520515432199	-0.19525667884069686	9
269	protein complex	CPX-1599	Scer-intralogous PPIs		-0.0	Scer YDR064W RPS13--Scer YOL040C RPS15	CPX-1599	"40S cytosolic small
ribosomal subunit"	-0.6677870471517267	-0.19525667884069686	9
270	protein complex	CPX-1599	Scer-intralogous PPIs		-0.0	Scer YNL178W RPS3--Scer YOL040C RPS15	CPX-1599	"40S cytosolic small
ribosomal subunit"	-0.313486831209403	-0.19525667884069686	9
271	protein complex	CPX-1599	Scer-intralogous PPIs		-0.0	Scer YDR064W RPS13--Scer YHL015W RPS20	CPX-1599	"40S cytosolic small
ribosomal subunit"	-0.03107897037788715	-0.19525667884069686	9
272	protein complex	CPX-1599	Scer-intralogous PPIs		-0.0	Scer YDR064W RPS13--Scer YGL123W RPS2	CPX-1599	"40S cytosolic small
ribosomal subunit"	-0.2308689290590653	-0.19525667884069686	9
273	protein complex	CPX-1599	Scer-intralogous PPIs		-0.0	Scer YHL015W RPS20--Scer YOL040C RPS15	CPX-1599	"40S cytosolic small
ribosomal subunit"	-0.02214367564677553	-0.19525667884069686	9
274	protein complex	CPX-1793	Suva-intralogous PPIs		-0.0	Suva YDR138W HPR1--Suva YDR381W YRA1	CPX-1793	TREX complex	-0.3026586968603423	-0.2027594585939074	7
275	protein complex	CPX-1793	Suva-intralogous PPIs		-0.0	Suva YDR138W HPR1--Suva YNL139C THO2	CPX-1793	TREX complex	0.30800919101309954	-0.2027594585939074	7
276	protein complex	CPX-1793	Suva-intralogous PPIs		-0.0	Suva YDR381W YRA1--Suva YNL139C THO2	CPX-1793	TREX complex	-0.2027594585939074	-0.2027594585939074	7
277	protein complex	CPX-427	Scer-intralogous PPIs		-0.0	Scer YJR007W SUI2--Scer YPL237W SUI3	CPX-427	"Eukaryotic
translation initiation factor 2
complex"	-0.23459744749463995	-0.23459744749463995	3
278	protein complex	CPX-1671	Scer-intralogous PPIs		-0.0	Scer YJL179W PFD1--Scer YML094W GIM5	CPX-1671	Prefoldin complex	-0.14804618439777242	-0.2832096447305202	6
279	protein complex	CPX-1671	Scer-intralogous PPIs		-0.0	Scer YEL003W GIM4--Scer YML094W GIM5	CPX-1671	Prefoldin complex	-0.2799648573131685	-0.2832096447305202	6
280	protein complex	CPX-1671	Scer-intralogous PPIs		-0.0	Scer YML094W GIM5--Scer YNL153C GIM3	CPX-1671	Prefoldin complex	-0.2859472618454715	-0.2832096447305202	6
281	protein complex	CPX-1671	Scer-intralogous PPIs		-0.0	Scer YLR200W YKE2--Scer YML094W GIM5	CPX-1671	Prefoldin complex	-0.061951975193752035	-0.2832096447305202	6
282	protein complex	CPX-1671	Scer-intralogous PPIs		-0.0	Scer YJL179W PFD1--Scer YNL153C GIM3	CPX-1671	Prefoldin complex	-0.2332301408765057	-0.2832096447305202	6
283	protein complex	CPX-1671	Scer-intralogous PPIs		-0.0	Scer YJL179W PFD1--Scer YLR200W YKE2	CPX-1671	Prefoldin complex	-0.8090321593495521	-0.2832096447305202	6
284	protein complex	CPX-1671	Scer-intralogous PPIs		-0.0	Scer YGR078C PAC10--Scer YNL153C GIM3	CPX-1671	Prefoldin complex	-0.2832096447305202	-0.2832096447305202	6
285	protein complex	CPX-1671	Scer-intralogous PPIs		-0.0	Scer YGR078C PAC10--Scer YML094W GIM5	CPX-1671	Prefoldin complex	-0.07138631971398479	-0.2832096447305202	6
286	protein complex	CPX-1671	Scer-intralogous PPIs		-0.0	Scer YGR078C PAC10--Scer YLR200W YKE2	CPX-1671	Prefoldin complex	0.19398295250545874	-0.2832096447305202	6
287	protein complex	CPX-1671	Scer-intralogous PPIs		-0.0	Scer YGR078C PAC10--Scer YJL179W PFD1	CPX-1671	Prefoldin complex	-0.5677498576357739	-0.2832096447305202	6
288	protein complex	CPX-1671	Scer-intralogous PPIs		-0.0	Scer YEL003W GIM4--Scer YNL153C GIM3	CPX-1671	Prefoldin complex	0.2998137559740296	-0.2832096447305202	6
289	protein complex	CPX-1671	Scer-intralogous PPIs		-0.0	Scer YLR200W YKE2--Scer YNL153C GIM3	CPX-1671	Prefoldin complex	-0.3829774732061985	-0.2832096447305202	6
290	protein complex	CPX-1671	Scer-intralogous PPIs		-0.0	Scer YEL003W GIM4--Scer YLR200W YKE2	CPX-1671	Prefoldin complex	-0.2985004984293011	-0.2832096447305202	6
291	protein complex	CPX-1671	Scer-intralogous PPIs		-0.0	Scer YEL003W GIM4--Scer YJL179W PFD1	CPX-1671	Prefoldin complex	-0.30924064517834665	-0.2832096447305202	6
292	protein complex	CPX-1671	Scer-intralogous PPIs		-0.0	Scer YEL003W GIM4--Scer YGR078C PAC10	CPX-1671	Prefoldin complex	-0.29854509952045244	-0.2832096447305202	6
293	protein complex	CPX-1637	Scer-intralogous PPIs		-0.0	Scer YIL034C CAP2--Scer YKL007W CAP1	CPX-1637	"F-actin capping
protein complex"	-0.2887499724288773	-0.2887499724288773	2
294	protein complex	CPX-1883	Scer-intralogous PPIs		-0.0	Scer YCL037C SRO9--Scer YLL024C SSA2	CPX-1883	"HAP1
transcriptional repressor complex
variant 2"	-0.3051772848046179	-0.3051772848046179	4
295	protein complex	CPX-1671	interlogous PPIs		-0.0	Scer YLR200W YKE2--Suva YJL179W PFD1	CPX-1671	Prefoldin complex	-0.16037216609572547	-0.3070490183851517	6
296	protein complex	CPX-1671	interlogous PPIs		-0.0	Scer YLR200W YKE2--Suva YML094W GIM5	CPX-1671	Prefoldin complex	0.016012737312337218	-0.3070490183851517	6
297	protein complex	CPX-1671	interlogous PPIs		-0.0	Scer YLR200W YKE2--Suva YNL153C GIM3	CPX-1671	Prefoldin complex	-0.3340614927395369	-0.3070490183851517	6
298	protein complex	CPX-1671	interlogous PPIs		-0.0	Scer YML094W GIM5--Suva YEL003W GIM4	CPX-1671	Prefoldin complex	-0.9186763827244	-0.3070490183851517	6
299	protein complex	CPX-1671	interlogous PPIs		-0.0	Scer YLR200W YKE2--Suva YGR078C PAC10	CPX-1671	Prefoldin complex	-0.997739315434674	-0.3070490183851517	6
300	protein complex	CPX-1671	interlogous PPIs		-0.0	Scer YML094W GIM5--Suva YLR200W YKE2	CPX-1671	Prefoldin complex	-0.18984856045838225	-0.3070490183851517	6
301	protein complex	CPX-1671	interlogous PPIs		-0.0	Scer YLR200W YKE2--Suva YEL003W GIM4	CPX-1671	Prefoldin complex	-0.6138212080329379	-0.3070490183851517	6
302	protein complex	CPX-1671	interlogous PPIs		-0.0	Scer YEL003W GIM4--Suva YGR078C PAC10	CPX-1671	Prefoldin complex	-0.8847640508749847	-0.3070490183851517	6
303	protein complex	CPX-1671	interlogous PPIs		-0.0	Scer YEL003W GIM4--Suva YJL179W PFD1	CPX-1671	Prefoldin complex	-0.3939495815279937	-0.3070490183851517	6
304	protein complex	CPX-1671	interlogous PPIs		-0.0	Scer YEL003W GIM4--Suva YLR200W YKE2	CPX-1671	Prefoldin complex	-0.3970269092294933	-0.3070490183851517	6
305	protein complex	CPX-1671	interlogous PPIs		-0.0	Scer YEL003W GIM4--Suva YML094W GIM5	CPX-1671	Prefoldin complex	0.3918800918475927	-0.3070490183851517	6
306	protein complex	CPX-1671	interlogous PPIs		-0.0	Scer YEL003W GIM4--Suva YNL153C GIM3	CPX-1671	Prefoldin complex	-0.6212634813688702	-0.3070490183851517	6
307	protein complex	CPX-1671	interlogous PPIs		-0.0	Scer YGR078C PAC10--Suva YEL003W GIM4	CPX-1671	Prefoldin complex	-1.0847179161046496	-0.3070490183851517	6
308	protein complex	CPX-1671	interlogous PPIs		-0.0	Scer YGR078C PAC10--Suva YJL179W PFD1	CPX-1671	Prefoldin complex	-0.18798810405052616	-0.3070490183851517	6
309	protein complex	CPX-1671	interlogous PPIs		-0.0	Scer YGR078C PAC10--Suva YLR200W YKE2	CPX-1671	Prefoldin complex	-0.014652920916115681	-0.3070490183851517	6
310	protein complex	CPX-1671	interlogous PPIs		-0.0	Scer YGR078C PAC10--Suva YML094W GIM5	CPX-1671	Prefoldin complex	0.03496966577055505	-0.3070490183851517	6
311	protein complex	CPX-1671	interlogous PPIs		-0.0	Scer YGR078C PAC10--Suva YNL153C GIM3	CPX-1671	Prefoldin complex	-0.5055471262274038	-0.3070490183851517	6
312	protein complex	CPX-1671	interlogous PPIs		-0.0	Scer YJL179W PFD1--Suva YEL003W GIM4	CPX-1671	Prefoldin complex	-0.08331996492877122	-0.3070490183851517	6
313	protein complex	CPX-1671	interlogous PPIs		-0.0	Scer YJL179W PFD1--Suva YGR078C PAC10	CPX-1671	Prefoldin complex	-0.44133736456729095	-0.3070490183851517	6
314	protein complex	CPX-1671	interlogous PPIs		-0.0	Scer YJL179W PFD1--Suva YLR200W YKE2	CPX-1671	Prefoldin complex	0.11212424638362163	-0.3070490183851517	6
315	protein complex	CPX-1671	interlogous PPIs		-0.0	Scer YJL179W PFD1--Suva YML094W GIM5	CPX-1671	Prefoldin complex	0.4908818109500898	-0.3070490183851517	6
316	protein complex	CPX-1671	interlogous PPIs		-0.0	Scer YJL179W PFD1--Suva YNL153C GIM3	CPX-1671	Prefoldin complex	-0.8941103758781139	-0.3070490183851517	6
317	protein complex	CPX-1671	interlogous PPIs		-0.0	Scer YML094W GIM5--Suva YJL179W PFD1	CPX-1671	Prefoldin complex	-0.28003654403076644	-0.3070490183851517	6
318	protein complex	CPX-1671	interlogous PPIs		-0.0	Scer YML094W GIM5--Suva YGR078C PAC10	CPX-1671	Prefoldin complex	-0.9920099169372376	-0.3070490183851517	6
319	protein complex	CPX-1671	interlogous PPIs		-0.0	Scer YML094W GIM5--Suva YNL153C GIM3	CPX-1671	Prefoldin complex	-0.16073349083200547	-0.3070490183851517	6
320	protein complex	CPX-1671	interlogous PPIs		-0.0	Scer YNL153C GIM3--Suva YML094W GIM5	CPX-1671	Prefoldin complex	0.4304127714062773	-0.3070490183851517	6
321	protein complex	CPX-1671	interlogous PPIs		-0.0	Scer YNL153C GIM3--Suva YEL003W GIM4	CPX-1671	Prefoldin complex	0.07387845918347376	-0.3070490183851517	6
322	protein complex	CPX-1671	interlogous PPIs		-0.0	Scer YNL153C GIM3--Suva YGR078C PAC10	CPX-1671	Prefoldin complex	-0.6245504524335381	-0.3070490183851517	6
323	protein complex	CPX-1671	interlogous PPIs		-0.0	Scer YNL153C GIM3--Suva YJL179W PFD1	CPX-1671	Prefoldin complex	0.0017327841275742938	-0.3070490183851517	6
324	protein complex	CPX-1671	interlogous PPIs		-0.0	Scer YNL153C GIM3--Suva YLR200W YKE2	CPX-1671	Prefoldin complex	-0.4144164789645508	-0.3070490183851517	6
325	protein complex	CPX-1602	Scer-intralogous PPIs		-0.0	Scer YGL068W MNP1--Scer YNL252C MRPL17	CPX-1602	"54S mitochondrial
large ribosomal subunit"	-0.34754561202955725	-0.34754561202955725	46
326	protein complex	CPX-1883	interlogous PPIs		-0.0	Scer YCL037C SRO9--Suva YLL024C SSA2	CPX-1883	"HAP1
transcriptional repressor complex
variant 2"	0.08549075221180986	-0.3592903466992738	4
327	protein complex	CPX-1883	interlogous PPIs		-0.0	Scer YLL024C SSA2--Suva YCL037C SRO9	CPX-1883	"HAP1
transcriptional repressor complex
variant 2"	-0.8040714456103575	-0.3592903466992738	4
328	protein complex	CPX-607	interlogous PPIs		-0.0	Scer YIL062C ARC15--Suva YNR035C ARC35	CPX-607	Arp2/3 complex	0.8468551923924951	-0.38021587346513536	7
329	protein complex	CPX-607	interlogous PPIs		-0.0	Scer YIL062C ARC15--Suva YJR065C ARP3	CPX-607	Arp2/3 complex	-1.6072869393227658	-0.38021587346513536	7
330	protein complex	CPX-1671	Suva-intralogous PPIs		-0.0	Suva YEL003W GIM4--Suva YGR078C PAC10	CPX-1671	Prefoldin complex	-0.745693564616552	-0.5547975016699632	6
331	protein complex	CPX-1671	Suva-intralogous PPIs		-0.0	Suva YJL179W PFD1--Suva YML094W GIM5	CPX-1671	Prefoldin complex	0.3645616972718771	-0.5547975016699632	6
332	protein complex	CPX-1671	Suva-intralogous PPIs		-0.0	Suva YML094W GIM5--Suva YNL153C GIM3	CPX-1671	Prefoldin complex	-0.09033599419307776	-0.5547975016699632	6
333	protein complex	CPX-1671	Suva-intralogous PPIs		-0.0	Suva YLR200W YKE2--Suva YNL153C GIM3	CPX-1671	Prefoldin complex	-0.17814592330794735	-0.5547975016699632	6
334	protein complex	CPX-1671	Suva-intralogous PPIs		-0.0	Suva YLR200W YKE2--Suva YML094W GIM5	CPX-1671	Prefoldin complex	0.5998018752689935	-0.5547975016699632	6
335	protein complex	CPX-1671	Suva-intralogous PPIs		-0.0	Suva YJL179W PFD1--Suva YNL153C GIM3	CPX-1671	Prefoldin complex	-0.0801661806103471	-0.5547975016699632	6
336	protein complex	CPX-1671	Suva-intralogous PPIs		-0.0	Suva YJL179W PFD1--Suva YLR200W YKE2	CPX-1671	Prefoldin complex	0.05227117782899205	-0.5547975016699632	6
337	protein complex	CPX-1671	Suva-intralogous PPIs		-0.0	Suva YEL003W GIM4--Suva YJL179W PFD1	CPX-1671	Prefoldin complex	-0.7698490036448669	-0.5547975016699632	6
338	protein complex	CPX-1671	Suva-intralogous PPIs		-0.0	Suva YGR078C PAC10--Suva YNL153C GIM3	CPX-1671	Prefoldin complex	-1.0693297795860348	-0.5547975016699632	6
339	protein complex	CPX-1671	Suva-intralogous PPIs		-0.0	Suva YGR078C PAC10--Suva YML094W GIM5	CPX-1671	Prefoldin complex	-0.2045244849636768	-0.5547975016699632	6
340	protein complex	CPX-1671	Suva-intralogous PPIs		-0.0	Suva YGR078C PAC10--Suva YJL179W PFD1	CPX-1671	Prefoldin complex	-1.0299367441901386	-0.5547975016699632	6
341	protein complex	CPX-1671	Suva-intralogous PPIs		-0.0	Suva YEL003W GIM4--Suva YNL153C GIM3	CPX-1671	Prefoldin complex	-1.2304239579944642	-0.5547975016699632	6
342	protein complex	CPX-1671	Suva-intralogous PPIs		-0.0	Suva YEL003W GIM4--Suva YML094W GIM5	CPX-1671	Prefoldin complex	-0.5547975016699632	-0.5547975016699632	6
343	protein complex	CPX-1671	Suva-intralogous PPIs		-0.0	Suva YEL003W GIM4--Suva YLR200W YKE2	CPX-1671	Prefoldin complex	-0.7822810997635454	-0.5547975016699632	6
344	protein complex	CPX-1671	Suva-intralogous PPIs		-0.0	Suva YGR078C PAC10--Suva YLR200W YKE2	CPX-1671	Prefoldin complex	-1.0494601232735823	-0.5547975016699632	6
345	protein complex	CPX-1793	interlogous PPIs		-0.0	Scer YDR381W YRA1--Suva YDR138W HPR1	CPX-1793	TREX complex	-0.4859230482508819	-0.6027374188170483	7
346	protein complex	CPX-1793	interlogous PPIs		-0.0	Scer YDR381W YRA1--Suva YNL139C THO2	CPX-1793	TREX complex	-0.7195517893832148	-0.6027374188170483	7
347	protein complex	CPX-607	Suva-intralogous PPIs		-0.0	Suva YJR065C ARP3--Suva YNR035C ARC35	CPX-607	Arp2/3 complex	-0.6717909777955219	-0.6717909777955219	7
348	protein complex	CPX-607	Suva-intralogous PPIs		-0.0	Suva YIL062C ARC15--Suva YNR035C ARC35	CPX-607	Arp2/3 complex	0.06457657805380908	-0.6717909777955219	7
349	protein complex	CPX-607	Suva-intralogous PPIs		-0.0	Suva YIL062C ARC15--Suva YJR065C ARP3	CPX-607	Arp2/3 complex	-0.9479362941019966	-0.6717909777955219	7
350	protein complex	CPX-1323	Suva-intralogous PPIs		-0.0	Suva YDL126C CDC48--Suva YEL037C RAD23	CPX-1323	"CDC48-RAD23-UFD2
complex"	-0.5245652296653227	-0.689637592213032	3
351	protein complex	CPX-1323	Suva-intralogous PPIs		-0.0	Suva YDL190C UFD2--Suva YEL037C RAD23	CPX-1323	"CDC48-RAD23-UFD2
complex"	-0.689637592213032	-0.689637592213032	3
352	protein complex	CPX-1323	Suva-intralogous PPIs		-0.0	Suva YDL126C CDC48--Suva YDL190C UFD2	CPX-1323	"CDC48-RAD23-UFD2
complex"	-1.2470835909727862	-0.689637592213032	3
353	protein complex	CPX-554	Suva-intralogous PPIs		-0.0	Suva YGR240C PFK1--Suva YMR205C PFK2	CPX-554	"6-phosphofructokinase
complex"	-0.7221816932033731	-0.7221816932033731	2
354	protein complex	CPX-427	Suva-intralogous PPIs		-0.0	Suva YJR007W SUI2--Suva YPL237W SUI3	CPX-427	"Eukaryotic
translation initiation factor 2
complex"	-0.7439354125138978	-0.7439354125138978	3
355	protein complex	CPX-1103	Scer-intralogous PPIs		-0.0	Scer YGR180C RNR4--Scer YJL026W RNR2	CPX-1103	"Ribonucleoside-diphosphate
reductase variant 2"	-0.7462513231026996	-0.7462513231026996	4
356	protein complex	CPX-1102	Scer-intralogous PPIs		-0.0	Scer YGR180C RNR4--Scer YJL026W RNR2	CPX-1102	"Ribonucleoside-diphosphate
reductase variant 1"	-0.7462513231026996	-0.7462513231026996	3
357	protein complex	CPX-1323	interlogous PPIs	low	3.4739641517189535	Scer YDL126C CDC48--Suva YDL190C UFD2	CPX-1323	"CDC48-RAD23-UFD2
complex"	-1.4880188399225565	-1.4154723044594235	3
358	protein complex	CPX-1323	interlogous PPIs	low	3.4739641517189535	Scer YEL037C RAD23--Suva YDL190C UFD2	CPX-1323	"CDC48-RAD23-UFD2
complex"	-1.3429257689962912	-1.4154723044594235	3
359	protein complex	CPX-1323	interlogous PPIs	low	3.4739641517189535	Scer YEL037C RAD23--Suva YDL126C CDC48	CPX-1323	"CDC48-RAD23-UFD2
complex"	-2.709528414380576	-1.4154723044594235	3
360	protein complex	CPX-1323	interlogous PPIs	low	3.4739641517189535	Scer YDL126C CDC48--Suva YEL037C RAD23	CPX-1323	"CDC48-RAD23-UFD2
complex"	-0.7223289957716049	-1.4154723044594235	3
361	protein complex	CPX-554	Scer-intralogous PPIs		-0.0	Scer YGR240C PFK1--Scer YMR205C PFK2	CPX-554	"6-phosphofructokinase
complex"	-1.6090029682675262	-1.6090029682675262	2
362	protein complex	CPX-1323	Scer-intralogous PPIs	low	3.6259254825281473	Scer YDL126C CDC48--Scer YEL037C RAD23	CPX-1323	"CDC48-RAD23-UFD2
complex"	-2.517789875370244	-2.517789875370244	3
