	gene set type	gene set	comparison type	gene set name	gene set description	gene set size	enrichment type	-log10(P)	interaction score ratio hybrid/parent (log2 scale) zscore median	interaction score ratio hybrid/parent (log2 scale) zscore std
0	Molecular function	F GO:0000774	between Scer Suva	GO:0000774	adenyl-nucleotide exchange factor activity	3	high	3.5401784923160666	1.5397523135694755	1.2149088581847884
1	Molecular function	F GO:0000774	within Scer Scer	GO:0000774	adenyl-nucleotide exchange factor activity	3	high	3.746383888969645	3.505449534774886	
2	Molecular function	F GO:0003723	within Suva Suva	GO:0003723	RNA binding	88	high	10.446751801950109	0.0563195816325238	1.0051672355167152
3	Molecular function	F GO:0003729	between Scer Suva	GO:0003729	mRNA binding	33	high	1.3055733849797189	-0.39716817466493376	0.9302642473742478
4	Molecular function	F GO:0004784	between Scer Suva	GO:0004784	superoxide dismutase activity	2	low	3.951036804748665	-1.1080770811467455	1.6045094368380697
5	Molecular function	F GO:0004784	within Scer Scer	GO:0004784	superoxide dismutase activity	2	low	4.103012564773231	-2.4791398901990096	
6	Molecular function	F GO:0005049	between Scer Suva	GO:0005049	nuclear export signal receptor activity	3	high	3.5401784923160666	1.0137873183558979	1.2949838293836675
7	Molecular function	F GO:0005524	between Scer Suva	GO:0005524	ATP binding	11	high	4.860361252596379	1.249320708883163	1.4949001174729557
8	Molecular function	F GO:0008379	between Scer Suva	GO:0008379	thioredoxin peroxidase activity	5	high	3.0174458128650836	-0.2612345244784372	1.2236622699749866
9	Molecular function	F GO:0008379	within Suva Suva	GO:0008379	thioredoxin peroxidase activity	5	high	3.5394364161091154	0.21964562506347546	1.2907303426639716
10	Molecular function	F GO:0009982	between Scer Suva	GO:0009982	pseudouridine synthase activity	9	high	5.2300613542799645	1.8697013407129632	0.6875218805613563
11	Molecular function	F GO:0016491	between Scer Suva	GO:0016491	oxidoreductase activity	24	high	1.5820741447869044	-0.2225791444271661	1.2757534119461802
12	Molecular function	F GO:0016887	between Scer Suva	GO:0016887	ATPase activity	33	high	2.905389575994056	0.08549075221180986	0.8957898436444612
13	Molecular function	F GO:0051015	within Scer Scer	GO:0051015	actin filament binding	9	high	5.642200832002119	-0.4419815857960937	1.4150325290148529
14	Molecular function	F GO:0051087	within Scer Scer	GO:0051087	chaperone binding	9	low	2.547309349861832	-2.3361648378700552	
15	Molecular function	F GO:0070006	within Scer Scer	GO:0070006	metalloaminopeptidase activity	6	low	2.9271610117550995	-2.2994783069425937	
