	gene set type	gene set	comparison type	enrichment type	-log10(P)	species name interaction id	gene set name	gene set description	interaction score hybrid	interaction score parent	interaction score ratio hybrid/parent (log2 scale)	interaction score ratio hybrid/parent (log2 scale) zscore	interaction score ratio hybrid/parent (log2 scale) zscore significantly high	interaction score ratio hybrid/parent (log2 scale) zscore significantly low	interaction score ratio hybrid/parent (log2 scale) zscore median	interaction score ratio hybrid/parent (log2 scale) zscore std	gene set size
0	protein complex	CPX-554	interlogous PPIs	high	8.636648718850084	Scer YMR205C PFK2--Suva YGR240C PFK1	CPX-554	"6-phosphofructokinase
complex"	0.4391144757183321	0.07581961423645113	1.018086947237455	2.8928828362250405	True	False	2.8757718997896227	0.024198518371871685	2
1	protein complex	CPX-554	interlogous PPIs	high	8.636648718850084	Scer YGR240C PFK1--Suva YMR205C PFK2	CPX-554	"6-phosphofructokinase
complex"	0.8737320023560328	0.347343425514943	1.005676553164529	2.8586609633542053	True	False	2.8757718997896227	0.024198518371871685	2
2	protein complex	CPX-1293	interlogous PPIs	high	6.817243943285257	Scer YDR148C KGD2--Suva YIL125W KGD1	CPX-1293	"Mitochondrial
2-oxoglutarate dehydrogenase
complex"	0.5001389941566523	0.4183199362164144	0.17764155225823405	0.5753403558776072	False	False	2.02705318476494	0.7541633729336242	4
3	protein complex	CPX-1293	interlogous PPIs	high	6.817243943285257	Scer YFL018C LPD1--Suva YDR148C KGD2	CPX-1293	"Mitochondrial
2-oxoglutarate dehydrogenase
complex"	0.2715414877593689	0.03735164011447223	0.75290971607581	2.161652108197531	True	False	2.02705318476494	0.7541633729336242	4
4	protein complex	CPX-1293	interlogous PPIs	high	6.817243943285257	Scer YIL125W KGD1--Suva YDR148C KGD2	CPX-1293	"Mitochondrial
2-oxoglutarate dehydrogenase
complex"	0.9546455562846348	0.5219303137167557	0.7348667893040277	2.1118984305485062	True	False	2.02705318476494	0.7541633729336242	4
5	protein complex	CPX-1293	interlogous PPIs	high	6.817243943285257	Scer YFL018C LPD1--Suva YIL125W KGD1	CPX-1293	"Mitochondrial
2-oxoglutarate dehydrogenase
complex"	0.3086202004210197	0.08512541889186909	0.6733293661850451	1.9422079389813744	False	False	2.02705318476494	0.7541633729336242	4
6	protein complex	CPX-3207	Scer-intralogous PPIs	high	3.2235961700475984	Scer YER178W PDA1--Scer YFL018C LPD1	CPX-3207	"Mitochondrial
pyruvate dehydrogenase
complex"	0.3324913789162309	0.03978289329373885	0.9017653013616728	2.5721239180234345	True	False	1.9929515006548768	1.3011015651622453	5
7	protein complex	CPX-3207	Scer-intralogous PPIs	high	3.2235961700475984	Scer YER178W PDA1--Scer YNL071W LAT1	CPX-3207	"Mitochondrial
pyruvate dehydrogenase
complex"	0.5751653764401679	0.5751653764401679	0.0	0.08549075221180986	False	False	1.9929515006548768	1.3011015651622453	5
8	protein complex	CPX-3207	Scer-intralogous PPIs	high	3.2235961700475984	Scer YFL018C LPD1--Scer YNL071W LAT1	CPX-3207	"Mitochondrial
pyruvate dehydrogenase
complex"	0.3092720391052488	0.08044250549296206	0.6917312695352466	1.9929515006548768	False	False	1.9929515006548768	1.3011015651622453	5
9	protein complex	CPX-1293	Scer-intralogous PPIs	high	3.4453929054009755	Scer YDR148C KGD2--Scer YIL125W KGD1	CPX-1293	"Mitochondrial
2-oxoglutarate dehydrogenase
complex"	0.5522155453217391	0.4084849959818319	0.30570084170728423	0.9284660259975788	False	False	1.5465094725586594	1.1998834179914717	4
10	protein complex	CPX-1293	Scer-intralogous PPIs	high	3.4453929054009755	Scer YFL018C LPD1--Scer YIL125W KGD1	CPX-1293	"Mitochondrial
2-oxoglutarate dehydrogenase
complex"	0.2641818262112826	0.0924382966499956	0.5298312613065298	1.5465094725586594	False	False	1.5465094725586594	1.1998834179914717	4
11	protein complex	CPX-1293	Scer-intralogous PPIs	high	3.4453929054009755	Scer YDR148C KGD2--Scer YFL018C LPD1	CPX-1293	"Mitochondrial
2-oxoglutarate dehydrogenase
complex"	0.3718758684011231	0.002724230667040861	1.146012772298448	3.2456404760234903	True	False	1.5465094725586594	1.1998834179914717	4
12	protein complex	CPX-1293	Suva-intralogous PPIs		-0.0	Suva YDR148C KGD2--Suva YIL125W KGD1	CPX-1293	"Mitochondrial
2-oxoglutarate dehydrogenase
complex"	0.8130072441758869	0.5271115331778755	0.5111209201730669	1.4949153884484547	False	False	1.4949153884484547		4
13	protein complex	CPX-1276	Scer-intralogous PPIs	high	2.9015192827764773	Scer YLL024C SSA2--Scer YPL240C HSP82	CPX-1276	HMC complex	0.15974528536153798	0.0	0.5770506642808687	1.6767177798959612	False	False	1.1334978080591471	0.9341740579511136	7
14	protein complex	CPX-1276	Scer-intralogous PPIs	high	2.9015192827764773	Scer YLL024C SSA2--Scer YMR186W HSC82	CPX-1276	HMC complex	0.07987727862290539	0.0	0.30847635430649323	0.9361195492268488	False	False	1.1334978080591471	0.9341740579511136	7
15	protein complex	CPX-1276	Scer-intralogous PPIs	high	2.9015192827764773	Scer YCL037C SRO9--Scer YMR186W HSC82	CPX-1276	HMC complex	0.1211648279359605	0.0	0.4516328660954408	1.330876066891446	False	False	1.1334978080591471	0.9341740579511136	7
16	protein complex	CPX-1276	Scer-intralogous PPIs	high	2.9015192827764773	Scer YCL037C SRO9--Scer YLL024C SSA2	CPX-1276	HMC complex	0.0	0.03521884746834103	-0.14167384436759334	-0.3051772848046179	False	False	1.1334978080591471	0.9341740579511136	7
17	protein complex	CPX-1276	Scer-intralogous PPIs	high	2.9015192827764773	Scer YCL037C SRO9--Scer YPL240C HSP82	CPX-1276	HMC complex	0.07096355119080666	0.0	0.27623362131291795	0.8472096642521588	False	False	1.1334978080591471	0.9341740579511136	7
18	protein complex	CPX-1276	Scer-intralogous PPIs	high	2.9015192827764773	Scer YMR186W HSC82--Scer YPL240C HSP82	CPX-1276	HMC complex	0.4981302774888281	0.15635217582453442	0.8724813788939071	2.4913730034301964	True	False	1.1334978080591471	0.9341740579511136	7
19	protein complex	CPX-1599	Suva-intralogous PPIs		-0.0	Suva YGL123W RPS2--Suva YHL015W RPS20	CPX-1599	"40S cytosolic small
ribosomal subunit"	0.6368860261224949	0.4962913522637649	0.2747584193733273	0.8431417697970089	False	False	0.6816825169064256	0.6719168310033545	9
20	protein complex	CPX-1599	Suva-intralogous PPIs		-0.0	Suva YDR064W RPS13--Suva YOL040C RPS15	CPX-1599	"40S cytosolic small
ribosomal subunit"	0.6153305950987441	0.7166820308362263	-0.1810304974676356	-0.413703925545984	False	False	0.6816825169064256	0.6719168310033545	9
21	protein complex	CPX-1599	Suva-intralogous PPIs		-0.0	Suva YDR064W RPS13--Suva YNL178W RPS3	CPX-1599	"40S cytosolic small
ribosomal subunit"	0.5274486094894931	0.4850620950928302	0.0876865144255165	0.327287808092825	False	False	0.6816825169064256	0.6719168310033545	9
22	protein complex	CPX-1599	Suva-intralogous PPIs		-0.0	Suva YDR064W RPS13--Suva YGL123W RPS2	CPX-1599	"40S cytosolic small
ribosomal subunit"	0.6540496026655144	0.5925239020110402	0.11403118057638965	0.3999336733684972	False	False	0.6816825169064256	0.6719168310033545	9
23	protein complex	CPX-1599	Suva-intralogous PPIs		-0.0	Suva YGL123W RPS2--Suva YNL178W RPS3	CPX-1599	"40S cytosolic small
ribosomal subunit"	0.6078734865276734	0.5649691694481775	0.08220689424363514	0.3121776621826399	False	False	0.6816825169064256	0.6719168310033545	9
24	protein complex	CPX-1599	Suva-intralogous PPIs		-0.0	Suva YGL123W RPS2--Suva YOL040C RPS15	CPX-1599	"40S cytosolic small
ribosomal subunit"	0.7697462174311652	0.5658196165555409	0.3643914190349533	1.0903062918441804	False	False	0.6816825169064256	0.6719168310033545	9
25	protein complex	CPX-1599	Suva-intralogous PPIs		-0.0	Suva YHL015W RPS20--Suva YNL178W RPS3	CPX-1599	"40S cytosolic small
ribosomal subunit"	0.43639826981754815	0.36036548257024414	0.1762578374239713	0.5715247386724347	False	False	0.6816825169064256	0.6719168310033545	9
26	protein complex	CPX-1599	Suva-intralogous PPIs		-0.0	Suva YHL015W RPS20--Suva YOL040C RPS15	CPX-1599	"40S cytosolic small
ribosomal subunit"	0.6578595610088954	0.3945620208307136	0.5369809946285913	1.5662249838768492	False	False	0.6816825169064256	0.6719168310033545	9
27	protein complex	CPX-1599	Suva-intralogous PPIs		-0.0	Suva YNL178W RPS3--Suva YOL040C RPS15	CPX-1599	"40S cytosolic small
ribosomal subunit"	0.6414343574323997	0.3277072906862576	0.6689132365729178	1.9300303864170243	False	False	0.6816825169064256	0.6719168310033545	9
28	protein complex	CPX-1599	Suva-intralogous PPIs		-0.0	Suva YDR064W RPS13--Suva YHL015W RPS20	CPX-1599	"40S cytosolic small
ribosomal subunit"	0.6155882250976132	0.4864050263961735	0.2561541916206983	0.7918402951404163	False	False	0.6816825169064256	0.6719168310033545	9
29	protein complex	CPX-1632	interlogous PPIs		-0.0	Scer YDL201W TRM8--Suva YDR165W TRM82	CPX-1632	"tRNA
(guanine-N(7)-)-methyltransferase"	0.7364535606035632	0.7527713355388771	-0.02728865290881272	0.010241827385237844	False	False	0.6025334238359762	0.8376268085802463	2
30	protein complex	CPX-1632	interlogous PPIs		-0.0	Scer YDR165W TRM82--Suva YDL201W TRM8	CPX-1632	"tRNA
(guanine-N(7)-)-methyltransferase"	0.7328372564291514	0.5161638051698721	0.402294622429716	1.1948250202867146	False	False	0.6025334238359762	0.8376268085802463	2
31	protein complex	CPX-1601	Suva-intralogous PPIs		-0.0	Suva YBL092W RPL32--Suva YGL103W RPL28	CPX-1601	"60S cytosolic large
ribosomal subunit"	0.8112673833211046	0.7051916403262835	0.17557501638049194	0.5696418480239854	False	False	0.5547726356689981	0.4436523277514353	10
32	protein complex	CPX-1601	Suva-intralogous PPIs		-0.0	Suva YBL092W RPL32--Suva YLR340W RPP0	CPX-1601	"60S cytosolic large
ribosomal subunit"	0.6961151483238159	0.4813964850513511	0.41181480794905023	1.2210770938820383	False	False	0.5547726356689981	0.4436523277514353	10
33	protein complex	CPX-1601	Suva-intralogous PPIs		-0.0	Suva YBL092W RPL32--Suva YLR075W RPL10	CPX-1601	"60S cytosolic large
ribosomal subunit"	0.8691168797245514	0.7616256579560812	0.1701827695687555	0.5547726356689981	False	False	0.5547726356689981	0.4436523277514353	10
34	protein complex	CPX-1601	Suva-intralogous PPIs		-0.0	Suva YBL092W RPL32--Suva YOR063W RPL3	CPX-1601	"60S cytosolic large
ribosomal subunit"	0.8371806882848034	0.763583407730165	0.11782999170825208	0.4104089597172618	False	False	0.5547726356689981	0.4436523277514353	10
35	protein complex	CPX-1601	Suva-intralogous PPIs		-0.0	Suva YBL092W RPL32--Suva YGL030W RPL30	CPX-1601	"60S cytosolic large
ribosomal subunit"	0.7995709712054404	0.7114840527762404	0.14608731308411074	0.4883290043276571	False	False	0.5547726356689981	0.4436523277514353	10
36	protein complex	CPX-1601	Suva-intralogous PPIs		-0.0	Suva YGL030W RPL30--Suva YLR075W RPL10	CPX-1601	"60S cytosolic large
ribosomal subunit"	0.7855065197688939	0.6488453289617464	0.2339363892754401	0.7305743270445691	False	False	0.5547726356689981	0.4436523277514353	10
37	protein complex	CPX-1601	Suva-intralogous PPIs		-0.0	Suva YBL092W RPL32--Suva YPL131W RPL5	CPX-1601	"60S cytosolic large
ribosomal subunit"	0.07588679412842148	0.0	0.2941036915009303	0.8964866869295605	False	False	0.5547726356689981	0.4436523277514353	10
38	protein complex	CPX-1601	Suva-intralogous PPIs		-0.0	Suva YGL103W RPL28--Suva YPL131W RPL5	CPX-1601	"60S cytosolic large
ribosomal subunit"	0.08701520441968635	0.021450787480675082	0.2465086391972424	0.7652425201733349	False	False	0.5547726356689981	0.4436523277514353	10
39	protein complex	CPX-1601	Suva-intralogous PPIs		-0.0	Suva YGL030W RPL30--Suva YGL103W RPL28	CPX-1601	"60S cytosolic large
ribosomal subunit"	0.7415857119788721	0.604938789153213	0.2426864235418701	0.7547026954526662	False	False	0.5547726356689981	0.4436523277514353	10
40	protein complex	CPX-1601	Suva-intralogous PPIs		-0.0	Suva YLR340W RPP0--Suva YPL131W RPL5	CPX-1601	"60S cytosolic large
ribosomal subunit"	0.13620982993355024	0.20416713998093491	-0.21123254424066285	-0.4969865835367048	False	False	0.5547726356689981	0.4436523277514353	10
41	protein complex	CPX-1601	Suva-intralogous PPIs		-0.0	Suva YLR340W RPP0--Suva YOR063W RPL3	CPX-1601	"60S cytosolic large
ribosomal subunit"	0.6983242502267566	0.6117584643745775	0.1560634579908651	0.5158383936938471	False	False	0.5547726356689981	0.4436523277514353	10
42	protein complex	CPX-1601	Suva-intralogous PPIs		-0.0	Suva YLR075W RPL10--Suva YPL131W RPL5	CPX-1601	"60S cytosolic large
ribosomal subunit"	0.01084529888089947	0.0	0.04466348094037143	0.20865106104074674	False	False	0.5547726356689981	0.4436523277514353	10
43	protein complex	CPX-1601	Suva-intralogous PPIs		-0.0	Suva YLR075W RPL10--Suva YOR063W RPL3	CPX-1601	"60S cytosolic large
ribosomal subunit"	0.9040984258867109	0.8692962225887912	0.052239250496993295	0.22954137452652426	False	False	0.5547726356689981	0.4436523277514353	10
44	protein complex	CPX-1601	Suva-intralogous PPIs		-0.0	Suva YLR075W RPL10--Suva YLR340W RPP0	CPX-1601	"60S cytosolic large
ribosomal subunit"	0.6872929332143392	0.536022021749623	0.28366451165359435	0.8677004708342411	False	False	0.5547726356689981	0.4436523277514353	10
45	protein complex	CPX-1601	Suva-intralogous PPIs		-0.0	Suva YOR063W RPL3--Suva YPL131W RPL5	CPX-1601	"60S cytosolic large
ribosomal subunit"	0.09285843597547794	0.08756746652372173	0.018658576405185427	0.1369420942027962	False	False	0.5547726356689981	0.4436523277514353	10
46	protein complex	CPX-1601	Suva-intralogous PPIs		-0.0	Suva YGL103W RPL28--Suva YOR063W RPL3	CPX-1601	"60S cytosolic large
ribosomal subunit"	0.8920419257741558	0.7874322028663447	0.16260067911906118	0.5338648922129969	False	False	0.5547726356689981	0.4436523277514353	10
47	protein complex	CPX-1601	Suva-intralogous PPIs		-0.0	Suva YGL103W RPL28--Suva YLR075W RPL10	CPX-1601	"60S cytosolic large
ribosomal subunit"	0.8644371075904991	0.7920361547652429	0.11348160607273995	0.3984182123213753	False	False	0.5547726356689981	0.4436523277514353	10
48	protein complex	CPX-1601	Suva-intralogous PPIs		-0.0	Suva YGL030W RPL30--Suva YPL131W RPL5	CPX-1601	"60S cytosolic large
ribosomal subunit"	0.01625943078461556	0.0	0.06660654137410771	0.26915942363969003	False	False	0.5547726356689981	0.4436523277514353	10
49	protein complex	CPX-1601	Suva-intralogous PPIs		-0.0	Suva YGL030W RPL30--Suva YOR063W RPL3	CPX-1601	"60S cytosolic large
ribosomal subunit"	0.7656664036965181	0.6568560855750537	0.1870999402176487	0.6014220216497089	False	False	0.5547726356689981	0.4436523277514353	10
50	protein complex	CPX-1601	Suva-intralogous PPIs		-0.0	Suva YGL030W RPL30--Suva YLR340W RPP0	CPX-1601	"60S cytosolic large
ribosomal subunit"	0.6461510702862098	0.3821131021653261	0.5449948766116819	1.5883233998349289	False	False	0.5547726356689981	0.4436523277514353	10
51	protein complex	CPX-1601	Suva-intralogous PPIs		-0.0	Suva YGL103W RPL28--Suva YLR340W RPP0	CPX-1601	"60S cytosolic large
ribosomal subunit"	0.7260917644134659	0.500526092856606	0.4231542376247822	1.2523457642006746	False	False	0.5547726356689981	0.4436523277514353	10
52	protein complex	CPX-1601	interlogous PPIs		-0.0	Scer YGL103W RPL28--Suva YLR075W RPL10	CPX-1601	"60S cytosolic large
ribosomal subunit"	0.8533152253509091	0.7752193141923654	0.1237147606573592	0.4266363102483721	False	False	0.5172409544144672	0.42130919666745503	10
53	protein complex	CPX-1601	interlogous PPIs		-0.0	Scer YLR075W RPL10--Suva YGL103W RPL28	CPX-1601	"60S cytosolic large
ribosomal subunit"	0.8661017966786027	0.8177663354280014	0.07497746069684763	0.2922423761383358	False	False	0.5172409544144672	0.42130919666745503	10
54	protein complex	CPX-1601	interlogous PPIs		-0.0	Scer YLR075W RPL10--Suva YGL030W RPL30	CPX-1601	"60S cytosolic large
ribosomal subunit"	0.7612214369243513	0.6357015341868832	0.2181901059286926	0.6871536827270677	False	False	0.5172409544144672	0.42130919666745503	10
55	protein complex	CPX-1601	interlogous PPIs		-0.0	Scer YLR075W RPL10--Suva YBL092W RPL32	CPX-1601	"60S cytosolic large
ribosomal subunit"	0.8029483289272534	0.7099929543373582	0.15405274400584826	0.510293815659458	False	False	0.5172409544144672	0.42130919666745503	10
56	protein complex	CPX-1601	interlogous PPIs		-0.0	Scer YGL103W RPL28--Suva YPL131W RPL5	CPX-1601	"60S cytosolic large
ribosomal subunit"	0.060212125556931013	0.0	0.2366670744598216	0.7381042379145263	False	False	0.5172409544144672	0.42130919666745503	10
57	protein complex	CPX-1601	interlogous PPIs		-0.0	Scer YGL103W RPL28--Suva YOR063W RPL3	CPX-1601	"60S cytosolic large
ribosomal subunit"	0.8590751372508332	0.7624743738411277	0.15346107969552464	0.5086622912540988	False	False	0.5172409544144672	0.42130919666745503	10
58	protein complex	CPX-1601	interlogous PPIs		-0.0	Scer YGL103W RPL28--Suva YLR340W RPP0	CPX-1601	"60S cytosolic large
ribosomal subunit"	0.6357461308927399	0.4431630414059988	0.3867307070653351	1.1519072587843426	False	False	0.5172409544144672	0.42130919666745503	10
59	protein complex	CPX-1601	interlogous PPIs		-0.0	Scer YBL092W RPL32--Suva YPL131W RPL5	CPX-1601	"60S cytosolic large
ribosomal subunit"	0.1257753461703307	0.0847815333015175	0.14101921032826634	0.4743536247234583	False	False	0.5172409544144672	0.42130919666745503	10
60	protein complex	CPX-1601	interlogous PPIs		-0.0	Scer YGL103W RPL28--Suva YGL030W RPL30	CPX-1601	"60S cytosolic large
ribosomal subunit"	0.8128952883596259	0.6855205258214431	0.2124097442025864	0.6712142368903079	False	False	0.5172409544144672	0.42130919666745503	10
61	protein complex	CPX-1601	interlogous PPIs		-0.0	Scer YGL103W RPL28--Suva YBL092W RPL32	CPX-1601	"60S cytosolic large
ribosomal subunit"	0.8440301113330508	0.7451259462515205	0.1590914354856729	0.5241880931694765	False	False	0.5172409544144672	0.42130919666745503	10
62	protein complex	CPX-1601	interlogous PPIs		-0.0	Scer YBL092W RPL32--Suva YOR063W RPL3	CPX-1601	"60S cytosolic large
ribosomal subunit"	0.8673684019725465	0.7461310680326791	0.19324347972018707	0.618362936385969	False	False	0.5172409544144672	0.42130919666745503	10
63	protein complex	CPX-1601	interlogous PPIs		-0.0	Scer YBL092W RPL32--Suva YLR340W RPP0	CPX-1601	"60S cytosolic large
ribosomal subunit"	0.6866813101285316	0.6453498898297031	0.07378541527566845	0.28895529060179753	False	False	0.5172409544144672	0.42130919666745503	10
64	protein complex	CPX-1601	interlogous PPIs		-0.0	Scer YBL092W RPL32--Suva YLR075W RPL10	CPX-1601	"60S cytosolic large
ribosomal subunit"	0.8950781608593147	0.7539583499014252	0.22196804274249604	0.6975714077885209	False	False	0.5172409544144672	0.42130919666745503	10
65	protein complex	CPX-1601	interlogous PPIs		-0.0	Scer YLR075W RPL10--Suva YOR063W RPL3	CPX-1601	"60S cytosolic large
ribosomal subunit"	0.8839883173297248	0.8226850590908041	0.09429769070275107	0.3455182391941045	False	False	0.5172409544144672	0.42130919666745503	10
66	protein complex	CPX-1601	interlogous PPIs		-0.0	Scer YLR075W RPL10--Suva YLR340W RPP0	CPX-1601	"60S cytosolic large
ribosomal subunit"	0.698768408986865	0.492290749456058	0.3934491383586145	1.1704334474177582	False	False	0.5172409544144672	0.42130919666745503	10
67	protein complex	CPX-1601	interlogous PPIs		-0.0	Scer YBL092W RPL32--Suva YGL030W RPL30	CPX-1601	"60S cytosolic large
ribosomal subunit"	0.7633726221157975	0.6483376362252528	0.1987071859493548	0.6334291993007036	False	False	0.5172409544144672	0.42130919666745503	10
68	protein complex	CPX-1601	interlogous PPIs		-0.0	Scer YLR075W RPL10--Suva YPL131W RPL5	CPX-1601	"60S cytosolic large
ribosomal subunit"	0.03613105899544289	0.013403470599144374	0.09015786046716867	0.33410258686296623	False	False	0.5172409544144672	0.42130919666745503	10
69	protein complex	CPX-1601	interlogous PPIs		-0.0	Scer YOR063W RPL3--Suva YLR340W RPP0	CPX-1601	"60S cytosolic large
ribosomal subunit"	0.5746891673949559	0.5386794015109396	0.07093591286830735	0.28109773921730224	False	False	0.5172409544144672	0.42130919666745503	10
70	protein complex	CPX-1601	interlogous PPIs		-0.0	Scer YBL092W RPL32--Suva YGL103W RPL28	CPX-1601	"60S cytosolic large
ribosomal subunit"	0.8332333542202222	0.6110865008610581	0.37936845817983067	1.1316057321831186	False	False	0.5172409544144672	0.42130919666745503	10
71	protein complex	CPX-1601	interlogous PPIs		-0.0	Scer YPL131W RPL5--Suva YOR063W RPL3	CPX-1601	"60S cytosolic large
ribosomal subunit"	0.0	0.0	0.0	0.08549075221180986	False	False	0.5172409544144672	0.42130919666745503	10
72	protein complex	CPX-1601	interlogous PPIs		-0.0	Scer YPL131W RPL5--Suva YLR340W RPP0	CPX-1601	"60S cytosolic large
ribosomal subunit"	0.0	0.0	0.0	0.08549075221180986	False	False	0.5172409544144672	0.42130919666745503	10
73	protein complex	CPX-1601	interlogous PPIs		-0.0	Scer YPL131W RPL5--Suva YLR075W RPL10	CPX-1601	"60S cytosolic large
ribosomal subunit"	0.0	0.0	0.0	0.08549075221180986	False	False	0.5172409544144672	0.42130919666745503	10
74	protein complex	CPX-1601	interlogous PPIs		-0.0	Scer YPL131W RPL5--Suva YGL103W RPL28	CPX-1601	"60S cytosolic large
ribosomal subunit"	0.0	0.0	0.0	0.08549075221180986	False	False	0.5172409544144672	0.42130919666745503	10
75	protein complex	CPX-1601	interlogous PPIs		-0.0	Scer YPL131W RPL5--Suva YGL030W RPL30	CPX-1601	"60S cytosolic large
ribosomal subunit"	0.0	0.0	0.0	0.08549075221180986	False	False	0.5172409544144672	0.42130919666745503	10
76	protein complex	CPX-1601	interlogous PPIs		-0.0	Scer YLR340W RPP0--Suva YBL092W RPL32	CPX-1601	"60S cytosolic large
ribosomal subunit"	0.8495008514550735	0.5948369839845984	0.43527524908008974	1.285769659578372	False	False	0.5172409544144672	0.42130919666745503	10
77	protein complex	CPX-1601	interlogous PPIs		-0.0	Scer YOR063W RPL3--Suva YPL131W RPL5	CPX-1601	"60S cytosolic large
ribosomal subunit"	0.09631008324902103	0.0	0.36663878080148216	1.09650343016364	False	False	0.5172409544144672	0.42130919666745503	10
78	protein complex	CPX-1601	interlogous PPIs		-0.0	Scer YPL131W RPL5--Suva YBL092W RPL32	CPX-1601	"60S cytosolic large
ribosomal subunit"	0.0	0.0	0.0	0.08549075221180986	False	False	0.5172409544144672	0.42130919666745503	10
79	protein complex	CPX-1601	interlogous PPIs		-0.0	Scer YOR063W RPL3--Suva YLR075W RPL10	CPX-1601	"60S cytosolic large
ribosomal subunit"	0.7601591221891809	0.7911755357050959	-0.050608634483526316	-0.054063418694020406	False	False	0.5172409544144672	0.42130919666745503	10
80	protein complex	CPX-1601	interlogous PPIs		-0.0	Scer YOR063W RPL3--Suva YGL103W RPL28	CPX-1601	"60S cytosolic large
ribosomal subunit"	0.7325320805581569	0.7593286879998778	-0.04476636759610764	-0.03795326832136625	False	False	0.5172409544144672	0.42130919666745503	10
81	protein complex	CPX-1601	interlogous PPIs		-0.0	Scer YOR063W RPL3--Suva YGL030W RPL30	CPX-1601	"60S cytosolic large
ribosomal subunit"	0.7465323268320138	0.631966788890941	0.2006625289431494	0.6388210908844285	False	False	0.5172409544144672	0.42130919666745503	10
82	protein complex	CPX-1601	interlogous PPIs		-0.0	Scer YOR063W RPL3--Suva YBL092W RPL32	CPX-1601	"60S cytosolic large
ribosomal subunit"	0.6973875495302371	0.7329949125700373	-0.0609923462475373	-0.08269668060554984	False	False	0.5172409544144672	0.42130919666745503	10
83	protein complex	CPX-1601	interlogous PPIs		-0.0	Scer YLR340W RPP0--Suva YPL131W RPL5	CPX-1601	"60S cytosolic large
ribosomal subunit"	0.14672866140894292	0.05617216930098723	0.3139722704396226	0.951274631499944	False	False	0.5172409544144672	0.42130919666745503	10
84	protein complex	CPX-1601	interlogous PPIs		-0.0	Scer YLR340W RPP0--Suva YOR063W RPL3	CPX-1601	"60S cytosolic large
ribosomal subunit"	0.8990733644484626	0.6516638635621568	0.40503939971689706	1.2023937903699775	False	False	0.5172409544144672	0.42130919666745503	10
85	protein complex	CPX-1601	interlogous PPIs		-0.0	Scer YLR340W RPP0--Suva YLR075W RPL10	CPX-1601	"60S cytosolic large
ribosomal subunit"	0.9089077552273082	0.634783550388311	0.4503517055904885	1.3273432449947375	False	False	0.5172409544144672	0.42130919666745503	10
86	protein complex	CPX-1601	interlogous PPIs		-0.0	Scer YLR340W RPP0--Suva YGL103W RPL28	CPX-1601	"60S cytosolic large
ribosomal subunit"	0.8508361936986872	0.6780750375992575	0.2848187379911831	0.8708832696041291	False	False	0.5172409544144672	0.42130919666745503	10
87	protein complex	CPX-1601	interlogous PPIs		-0.0	Scer YLR340W RPP0--Suva YGL030W RPL30	CPX-1601	"60S cytosolic large
ribosomal subunit"	0.7594019797986931	0.5831497861444775	0.3137949384779749	0.9507856355976558	False	False	0.5172409544144672	0.42130919666745503	10
88	protein complex	CPX-1632	Suva-intralogous PPIs		-0.0	Suva YDL201W TRM8--Suva YDR165W TRM82	CPX-1632	"tRNA
(guanine-N(7)-)-methyltransferase"	0.7438824609689576	0.6692939376377395	0.12870646820277976	0.4404010287596432	False	False	0.4404010287596432		2
89	protein complex	CPX-1616	Suva-intralogous PPIs		-0.0	Suva YGL206C CHC1--Suva YGR167W CLC1	CPX-1616	Clathrin complex	0.5454762856316064	0.4867407905102285	0.12034570138680595	0.4173460719711923	False	False	0.4173460719711923		2
90	protein complex	CPX-1637	Suva-intralogous PPIs		-0.0	Suva YIL034C CAP2--Suva YKL007W CAP1	CPX-1637	"F-actin capping
protein complex"	0.7818083816754551	0.7181381549297376	0.10604218733402793	0.3779038885365634	False	False	0.3779038885365634		2
91	protein complex	CPX-1652	interlogous PPIs		-0.0	Scer YNL287W SEC21--Suva YGL137W SEC27	CPX-1652	"COPI vesicle coat
complex"	0.045788765628807626	0.0	0.18237772225534687	0.5884004252503799	False	False	0.35070342536536364	0.336154320972786	7
92	protein complex	CPX-1652	interlogous PPIs		-0.0	Scer YNL287W SEC21--Suva YIL076W SEC28	CPX-1652	"COPI vesicle coat
complex"	0.11194095301721252	0.10901422908157354	0.00997842373306934	0.11300642548034738	False	False	0.35070342536536364	0.336154320972786	7
93	protein complex	CPX-1102	interlogous PPIs		-0.0	Scer YJL026W RNR2--Suva YGR180C RNR4	CPX-1102	"Ribonucleoside-diphosphate
reductase variant 1"	0.4847670030703785	0.31488747989917865	0.3941176771987247	1.1722769546473455	False	False	0.31337385823287195	1.2146724077135949	3
94	protein complex	CPX-1102	interlogous PPIs		-0.0	Scer YGR180C RNR4--Suva YJL026W RNR2	CPX-1102	"Ribonucleoside-diphosphate
reductase variant 1"	0.5456274107435941	0.6671468584263971	-0.2288362994694577	-0.5455292381816018	False	False	0.31337385823287195	1.2146724077135949	3
95	protein complex	CPX-1103	interlogous PPIs		-0.0	Scer YJL026W RNR2--Suva YGR180C RNR4	CPX-1103	"Ribonucleoside-diphosphate
reductase variant 2"	0.4847670030703785	0.31488747989917865	0.3941176771987247	1.1722769546473455	False	False	0.31337385823287195	1.2146724077135949	4
96	protein complex	CPX-1103	interlogous PPIs		-0.0	Scer YGR180C RNR4--Suva YJL026W RNR2	CPX-1103	"Ribonucleoside-diphosphate
reductase variant 2"	0.5456274107435941	0.6671468584263971	-0.2288362994694577	-0.5455292381816018	False	False	0.31337385823287195	1.2146724077135949	4
97	protein complex	CPX-1103	Suva-intralogous PPIs		-0.0	Suva YGR180C RNR4--Suva YJL026W RNR2	CPX-1103	"Ribonucleoside-diphosphate
reductase variant 2"	0.7434839366013817	0.6957624195962382	0.08145037116868503	0.31009153692806185	False	False	0.31009153692806185		4
98	protein complex	CPX-1102	Suva-intralogous PPIs		-0.0	Suva YGR180C RNR4--Suva YJL026W RNR2	CPX-1102	"Ribonucleoside-diphosphate
reductase variant 1"	0.7434839366013817	0.6957624195962382	0.08145037116868503	0.31009153692806185	False	False	0.31009153692806185		3
99	protein complex	CPX-1947	Scer-intralogous PPIs		-0.0	Scer YGL105W ARC1--Scer YGL245W GUS1	CPX-1947	"Methionyl glutamyl
tRNA synthetase complex"	0.5215570658397695	0.4841912537037058	0.07755812676658562	0.2993586067464611	False	False	0.2993586067464611		3
100	protein complex	CPX-1601	Scer-intralogous PPIs		-0.0	Scer YGL103W RPL28--Scer YOR063W RPL3	CPX-1601	"60S cytosolic large
ribosomal subunit"	0.7831182311803638	0.8028591670417572	-0.03177828990979936	-0.0021384230549272216	False	False	0.2563552016018577	0.5282184908572249	10
101	protein complex	CPX-1601	Scer-intralogous PPIs		-0.0	Scer YBL092W RPL32--Scer YLR075W RPL10	CPX-1601	"60S cytosolic large
ribosomal subunit"	0.8274840465656836	0.6449960029904367	0.30780181612491586	0.9342594987110618	False	False	0.2563552016018577	0.5282184908572249	10
102	protein complex	CPX-1601	Scer-intralogous PPIs		-0.0	Scer YBL092W RPL32--Scer YLR340W RPP0	CPX-1601	"60S cytosolic large
ribosomal subunit"	0.8938453323095276	0.5397564760080797	0.6100072581724136	1.7675961484461304	False	False	0.2563552016018577	0.5282184908572249	10
103	protein complex	CPX-1601	Scer-intralogous PPIs		-0.0	Scer YBL092W RPL32--Scer YOR063W RPL3	CPX-1601	"60S cytosolic large
ribosomal subunit"	0.7362709703663455	0.6615176723050339	0.12981930949590914	0.4434697075650947	False	False	0.2563552016018577	0.5282184908572249	10
104	protein complex	CPX-1601	Scer-intralogous PPIs		-0.0	Scer YBL092W RPL32--Scer YPL131W RPL5	CPX-1601	"60S cytosolic large
ribosomal subunit"	0.0	0.0	0.0	0.08549075221180986	False	False	0.2563552016018577	0.5282184908572249	10
105	protein complex	CPX-1601	Scer-intralogous PPIs		-0.0	Scer YGL103W RPL28--Scer YLR340W RPP0	CPX-1601	"60S cytosolic large
ribosomal subunit"	0.8450878132481884	0.7018008941740953	0.2344414945343253	0.7319671633924228	False	False	0.2563552016018577	0.5282184908572249	10
106	protein complex	CPX-1601	Scer-intralogous PPIs		-0.0	Scer YLR075W RPL10--Scer YOR063W RPL3	CPX-1601	"60S cytosolic large
ribosomal subunit"	0.7780796213799457	0.7924190989824359	-0.023221994431938956	0.02145570734641361	False	False	0.2563552016018577	0.5282184908572249	10
107	protein complex	CPX-1601	Scer-intralogous PPIs		-0.0	Scer YGL103W RPL28--Scer YPL131W RPL5	CPX-1601	"60S cytosolic large
ribosomal subunit"	0.0	0.0	0.0	0.08549075221180986	False	False	0.2563552016018577	0.5282184908572249	10
108	protein complex	CPX-1601	Scer-intralogous PPIs		-0.0	Scer YLR075W RPL10--Scer YLR340W RPP0	CPX-1601	"60S cytosolic large
ribosomal subunit"	0.8714021843492654	0.688903625663442	0.2972239637284487	0.90509089070142	False	False	0.2563552016018577	0.5282184908572249	10
109	protein complex	CPX-1601	Scer-intralogous PPIs		-0.0	Scer YLR075W RPL10--Scer YPL131W RPL5	CPX-1601	"60S cytosolic large
ribosomal subunit"	0.0	0.0	0.0	0.08549075221180986	False	False	0.2563552016018577	0.5282184908572249	10
110	protein complex	CPX-1601	Scer-intralogous PPIs		-0.0	Scer YLR340W RPP0--Scer YOR063W RPL3	CPX-1601	"60S cytosolic large
ribosomal subunit"	0.7380879540251901	0.6185644031059077	0.21130502644998847	0.6681679588861278	False	False	0.2563552016018577	0.5282184908572249	10
111	protein complex	CPX-1601	Scer-intralogous PPIs		-0.0	Scer YLR340W RPP0--Scer YPL131W RPL5	CPX-1601	"60S cytosolic large
ribosomal subunit"	0.0	0.0	0.0	0.08549075221180986	False	False	0.2563552016018577	0.5282184908572249	10
112	protein complex	CPX-1601	Scer-intralogous PPIs		-0.0	Scer YOR063W RPL3--Scer YPL131W RPL5	CPX-1601	"60S cytosolic large
ribosomal subunit"	0.0	0.0	0.0	0.08549075221180986	False	False	0.2563552016018577	0.5282184908572249	10
113	protein complex	CPX-1601	Scer-intralogous PPIs		-0.0	Scer YBL092W RPL32--Scer YGL103W RPL28	CPX-1601	"60S cytosolic large
ribosomal subunit"	0.8527103959600412	0.6176716128865563	0.39725565372917226	1.1809299783358451	False	False	0.2563552016018577	0.5282184908572249	10
114	protein complex	CPX-1601	Scer-intralogous PPIs		-0.0	Scer YGL103W RPL28--Scer YLR075W RPL10	CPX-1601	"60S cytosolic large
ribosomal subunit"	0.8556946678422029	0.8159299595624965	0.061963153156095685	0.2563552016018577	False	False	0.2563552016018577	0.5282184908572249	10
115	protein complex	CPX-1599	interlogous PPIs		-0.0	Scer YHL015W RPS20--Suva YGL123W RPS2	CPX-1599	"40S cytosolic small
ribosomal subunit"	0.5626330441745034	0.5634460651322388	-0.0015918473375850226	0.08110120608648133	False	False	0.21679917806116306	0.5783837472490899	9
116	protein complex	CPX-1599	interlogous PPIs		-0.0	Scer YHL015W RPS20--Suva YOL040C RPS15	CPX-1599	"40S cytosolic small
ribosomal subunit"	0.5905669706994232	0.5206503219600325	0.1379067692543969	0.4657710154910655	False	False	0.21679917806116306	0.5783837472490899	9
117	protein complex	CPX-1599	interlogous PPIs		-0.0	Scer YHL015W RPS20--Suva YDR064W RPS13	CPX-1599	"40S cytosolic small
ribosomal subunit"	0.731131862230678	0.5242753944088541	0.3828647626359679	1.1412468512251548	False	False	0.21679917806116306	0.5783837472490899	9
118	protein complex	CPX-1599	interlogous PPIs		-0.0	Scer YOL040C RPS15--Suva YNL178W RPS3	CPX-1599	"40S cytosolic small
ribosomal subunit"	0.6295283514039186	0.3832870826690242	0.5118193863192237	1.496841420733804	False	False	0.21679917806116306	0.5783837472490899	9
119	protein complex	CPX-1599	interlogous PPIs		-0.0	Scer YOL040C RPS15--Suva YHL015W RPS20	CPX-1599	"40S cytosolic small
ribosomal subunit"	0.4607851449363507	0.525299130760823	-0.1352658272443784	-0.28750706852814994	False	False	0.21679917806116306	0.5783837472490899	9
120	protein complex	CPX-1599	interlogous PPIs		-0.0	Scer YOL040C RPS15--Suva YGL123W RPS2	CPX-1599	"40S cytosolic small
ribosomal subunit"	0.6719922289168497	0.6689278300755646	0.005449266251059293	0.10051719664115406	False	False	0.21679917806116306	0.5783837472490899	9
121	protein complex	CPX-1599	interlogous PPIs		-0.0	Scer YOL040C RPS15--Suva YDR064W RPS13	CPX-1599	"40S cytosolic small
ribosomal subunit"	0.5458982457020249	0.6760067141413721	-0.24403734371573396	-0.5874463764000308	False	False	0.21679917806116306	0.5783837472490899	9
122	protein complex	CPX-1599	interlogous PPIs		-0.0	Scer YNL178W RPS3--Suva YOL040C RPS15	CPX-1599	"40S cytosolic small
ribosomal subunit"	0.7820352006385279	0.693791358156616	0.14843190876754705	0.4947942668278306	False	False	0.21679917806116306	0.5783837472490899	9
123	protein complex	CPX-1599	interlogous PPIs		-0.0	Scer YNL178W RPS3--Suva YGL123W RPS2	CPX-1599	"40S cytosolic small
ribosomal subunit"	0.7009746273924176	0.712241186755048	-0.019434679170578284	0.031899293636619294	False	False	0.21679917806116306	0.5783837472490899	9
124	protein complex	CPX-1599	interlogous PPIs		-0.0	Scer YNL178W RPS3--Suva YDR064W RPS13	CPX-1599	"40S cytosolic small
ribosomal subunit"	0.6614186085987942	0.6677518868142089	-0.011318983594243605	0.05427846231085349	False	False	0.21679917806116306	0.5783837472490899	9
125	protein complex	CPX-1599	interlogous PPIs		-0.0	Scer YNL178W RPS3--Suva YHL015W RPS20	CPX-1599	"40S cytosolic small
ribosomal subunit"	0.6146437654411845	0.5951146087644615	0.03678994021000578	0.1869396384755493	False	False	0.21679917806116306	0.5783837472490899	9
126	protein complex	CPX-1599	interlogous PPIs		-0.0	Scer YGL123W RPS2--Suva YHL015W RPS20	CPX-1599	"40S cytosolic small
ribosomal subunit"	0.6442485969207095	0.6528143238597146	-0.015522884312002104	0.04268613453468753	False	False	0.21679917806116306	0.5783837472490899	9
127	protein complex	CPX-1599	interlogous PPIs		-0.0	Scer YHL015W RPS20--Suva YNL178W RPS3	CPX-1599	"40S cytosolic small
ribosomal subunit"	0.5203461344684089	0.38978269597870696	0.28498088506563524	0.8713303929215409	False	False	0.21679917806116306	0.5783837472490899	9
128	protein complex	CPX-1599	interlogous PPIs		-0.0	Scer YDR064W RPS13--Suva YGL123W RPS2	CPX-1599	"40S cytosolic small
ribosomal subunit"	0.6065697479264829	0.5759284745076596	0.05844677088623715	0.24665871764677674	False	False	0.21679917806116306	0.5783837472490899	9
129	protein complex	CPX-1599	interlogous PPIs		-0.0	Scer YDR064W RPS13--Suva YHL015W RPS20	CPX-1599	"40S cytosolic small
ribosomal subunit"	0.6350119362344335	0.5022679957622009	0.25887596921898753	0.7993456431901242	False	False	0.21679917806116306	0.5783837472490899	9
130	protein complex	CPX-1599	interlogous PPIs		-0.0	Scer YDR064W RPS13--Suva YNL178W RPS3	CPX-1599	"40S cytosolic small
ribosomal subunit"	0.5584046621204002	0.3357303934836785	0.4916442307261804	1.4412080858213636	False	False	0.21679917806116306	0.5783837472490899	9
131	protein complex	CPX-1599	interlogous PPIs		-0.0	Scer YDR064W RPS13--Suva YOL040C RPS15	CPX-1599	"40S cytosolic small
ribosomal subunit"	0.749358626626537	0.7072626594136172	0.07133848278258026	0.28220783260732	False	False	0.21679917806116306	0.5783837472490899	9
132	protein complex	CPX-1599	interlogous PPIs		-0.0	Scer YGL123W RPS2--Suva YDR064W RPS13	CPX-1599	"40S cytosolic small
ribosomal subunit"	0.7086097930472093	0.7074353973094472	0.0020234315668209435	0.09107039919446652	False	False	0.21679917806116306	0.5783837472490899	9
133	protein complex	CPX-1599	interlogous PPIs		-0.0	Scer YGL123W RPS2--Suva YOL040C RPS15	CPX-1599	"40S cytosolic small
ribosomal subunit"	0.7480025120161098	0.7578040760859559	-0.016282801364301824	0.040590650329805265	False	False	0.21679917806116306	0.5783837472490899	9
134	protein complex	CPX-1599	interlogous PPIs		-0.0	Scer YGL123W RPS2--Suva YNL178W RPS3	CPX-1599	"40S cytosolic small
ribosomal subunit"	0.6657050303647839	0.4443542409191247	0.4382946972277897	1.2940958392341888	False	False	0.21679917806116306	0.5783837472490899	9
135	protein complex	CPX-1637	interlogous PPIs		-0.0	Scer YKL007W CAP1--Suva YIL034C CAP2	CPX-1637	"F-actin capping
protein complex"	0.8532939996562658	0.7652863120696687	0.13995788986643104	0.4714270154871424	False	False	0.2086219447006328	0.3716624953667032	2
136	protein complex	CPX-1637	interlogous PPIs		-0.0	Scer YIL034C CAP2--Suva YKL007W CAP1	CPX-1637	"F-actin capping
protein complex"	0.6628062494066773	0.691451357570384	-0.05065204578108995	-0.05418312608587685	False	False	0.2086219447006328	0.3716624953667032	2
137	protein complex	CPX-2262	Scer-intralogous PPIs		-0.0	Scer YGR135W PRE9--Scer YMR314W PRE5	CPX-2262	"26S Proteasome
complex"	0.6739988026260232	0.6498989997577203	0.043170900534003465	0.20453524516769112	False	False	0.20453524516769112	1.0496809517800627	33
138	protein complex	CPX-2262	Scer-intralogous PPIs		-0.0	Scer YFR004W RPN11--Scer YPR108W RPN7	CPX-2262	"26S Proteasome
complex"	0.4319575866159049	0.6605117578606865	-0.456504684749382	-1.173328685320432	False	False	0.20453524516769112	1.0496809517800627	33
139	protein complex	CPX-2262	Scer-intralogous PPIs		-0.0	Scer YGR135W PRE9--Scer YHR027C RPN1	CPX-2262	"26S Proteasome
complex"	0.08208907891495609	0.23539003575612336	-0.4865772926970074	-1.2562544135471647	False	False	0.20453524516769112	1.0496809517800627	33
140	protein complex	CPX-2262	Scer-intralogous PPIs		-0.0	Scer YGR135W PRE9--Scer YML092C PRE8	CPX-2262	"26S Proteasome
complex"	0.6739988026260232	0.7493004590506183	-0.1293946725386428	-0.2713172595048398	False	False	0.20453524516769112	1.0496809517800627	33
141	protein complex	CPX-2262	Scer-intralogous PPIs		-0.0	Scer YML092C PRE8--Scer YPR108W RPN7	CPX-2262	"26S Proteasome
complex"	0.31413091113290104	0.3501476024925453	-0.0900999797834242	-0.16296147546883935	False	False	0.20453524516769112	1.0496809517800627	33
142	protein complex	CPX-2262	Scer-intralogous PPIs		-0.0	Scer YGR135W PRE9--Scer YPR108W RPN7	CPX-2262	"26S Proteasome
complex"	0.14087078539948186	0.30346687201654376	-0.4706143877084346	-1.212236431365607	False	False	0.20453524516769112	1.0496809517800627	33
143	protein complex	CPX-2262	Scer-intralogous PPIs		-0.0	Scer YHR027C RPN1--Scer YML092C PRE8	CPX-2262	"26S Proteasome
complex"	0.2317119415702814	0.2705003037831739	-0.1075092328807985	-0.21096778717607712	False	False	0.20453524516769112	1.0496809517800627	33
144	protein complex	CPX-2262	Scer-intralogous PPIs		-0.0	Scer YML092C PRE8--Scer YMR314W PRE5	CPX-2262	"26S Proteasome
complex"	1.0	0.6788851854517247	0.5013932003943575	1.4680910356008408	False	False	0.20453524516769112	1.0496809517800627	33
145	protein complex	CPX-2262	Scer-intralogous PPIs		-0.0	Scer YHR027C RPN1--Scer YMR314W PRE5	CPX-2262	"26S Proteasome
complex"	0.2317119415702814	0.1250297132502629	0.32799820106054844	0.9899513738969978	False	False	0.20453524516769112	1.0496809517800627	33
146	protein complex	CPX-2262	Scer-intralogous PPIs		-0.0	Scer YFR004W RPN11--Scer YML092C PRE8	CPX-2262	"26S Proteasome
complex"	0.17853548724117466	0.2869574476865301	-0.30853672107016866	-0.7653045071814569	False	False	0.20453524516769112	1.0496809517800627	33
147	protein complex	CPX-2262	Scer-intralogous PPIs		-0.0	Scer YHR027C RPN1--Scer YPR108W RPN7	CPX-2262	"26S Proteasome
complex"	0.163510888870248	0.22960462710619825	-0.1976416279416342	-0.4595094005358699	False	False	0.20453524516769112	1.0496809517800627	33
148	protein complex	CPX-2262	Scer-intralogous PPIs		-0.0	Scer YFR004W RPN11--Scer YMR314W PRE5	CPX-2262	"26S Proteasome
complex"	0.17853548724117466	0.14918013873322922	0.0920517457370047	0.3393250077269151	False	False	0.20453524516769112	1.0496809517800627	33
149	protein complex	CPX-2262	Scer-intralogous PPIs		-0.0	Scer YMR314W PRE5--Scer YPR108W RPN7	CPX-2262	"26S Proteasome
complex"	0.31413091113290104	0.19023995254108586	0.3435963108427875	1.0329634270885746	False	False	0.20453524516769112	1.0496809517800627	33
150	protein complex	CPX-2262	Scer-intralogous PPIs		-0.0	Scer YFR004W RPN11--Scer YHR027C RPN1	CPX-2262	"26S Proteasome
complex"	0.3019288057254833	0.24075886890803974	0.16514554275561882	0.5408823970022992	False	False	0.20453524516769112	1.0496809517800627	33
151	protein complex	CPX-2262	Scer-intralogous PPIs		-0.0	Scer YDR363W-A SEM1--Scer YMR314W PRE5	CPX-2262	"26S Proteasome
complex"	0.1269607140685196	0.0	0.4709633964294686	1.3841803332773206	False	False	0.20453524516769112	1.0496809517800627	33
152	protein complex	CPX-2262	Scer-intralogous PPIs		-0.0	Scer YDR363W-A SEM1--Scer YPR108W RPN7	CPX-2262	"26S Proteasome
complex"	0.06638065192891107	0.0	0.2594598848016696	0.8009558003471351	False	False	0.20453524516769112	1.0496809517800627	33
153	protein complex	CPX-2262	Scer-intralogous PPIs		-0.0	Scer YFR004W RPN11--Scer YGR135W PRE9	CPX-2262	"26S Proteasome
complex"	0.049722555953396363	0.2564490205219309	-0.664417593139079	-1.7466520687124254	False	False	0.20453524516769112	1.0496809517800627	33
154	protein complex	CPX-2262	Scer-intralogous PPIs		-0.0	Scer YDR363W-A SEM1--Scer YML092C PRE8	CPX-2262	"26S Proteasome
complex"	0.1269607140685196	0.0	0.4709633964294686	1.3841803332773206	False	False	0.20453524516769112	1.0496809517800627	33
155	protein complex	CPX-2262	Scer-intralogous PPIs		-0.0	Scer YDR363W-A SEM1--Scer YHR027C RPN1	CPX-2262	"26S Proteasome
complex"	0.6560168824520562	0.3702838975050531	0.5909343217936429	1.7150022017759152	False	False	0.20453524516769112	1.0496809517800627	33
156	protein complex	CPX-2262	Scer-intralogous PPIs		-0.0	Scer YDR363W-A SEM1--Scer YGR135W PRE9	CPX-2262	"26S Proteasome
complex"	0.0	0.002644662468703207	-0.010980023929483274	0.05521314935524596	False	False	0.20453524516769112	1.0496809517800627	33
157	protein complex	CPX-2262	Scer-intralogous PPIs		-0.0	Scer YDR363W-A SEM1--Scer YFR004W RPN11	CPX-2262	"26S Proteasome
complex"	0.2441491508197952	0.07690961551032582	0.5298247075654159	1.5464914005059986	False	False	0.20453524516769112	1.0496809517800627	33
158	protein complex	CPX-2262	Suva-intralogous PPIs		-0.0	Suva YDR363W-A SEM1--Suva YMR314W PRE5	CPX-2262	"26S Proteasome
complex"	0.28727254876647995	0.23922996632323146	0.13105432129890893	0.446875273630756	False	False	0.1868334880523843	0.4989366661762904	33
159	protein complex	CPX-2262	Suva-intralogous PPIs		-0.0	Suva YDR363W-A SEM1--Suva YGR135W PRE9	CPX-2262	"26S Proteasome
complex"	0.2879025870943632	0.09102415656758944	0.5984301540856951	1.735672086894175	False	False	0.1868334880523843	0.4989366661762904	33
160	protein complex	CPX-2262	Suva-intralogous PPIs		-0.0	Suva YDR363W-A SEM1--Suva YHR027C RPN1	CPX-2262	"26S Proteasome
complex"	0.3305499555399316	0.3125273534362518	0.04566211131113124	0.2114048012839879	False	False	0.1868334880523843	0.4989366661762904	33
161	protein complex	CPX-2262	Suva-intralogous PPIs		-0.0	Suva YDR363W-A SEM1--Suva YML092C PRE8	CPX-2262	"26S Proteasome
complex"	0.30646158186782896	0.22831803844642784	0.21212988378898795	0.6704425170368151	False	False	0.1868334880523843	0.4989366661762904	33
162	protein complex	CPX-2262	Suva-intralogous PPIs		-0.0	Suva YDR363W-A SEM1--Suva YOR362C PRE10	CPX-2262	"26S Proteasome
complex"	0.3356748981217719	0.29272181809874664	0.10982821386582592	0.3883439211330669	False	False	0.1868334880523843	0.4989366661762904	33
163	protein complex	CPX-2262	Suva-intralogous PPIs		-0.0	Suva YFR052W RPN12--Suva YMR314W PRE5	CPX-2262	"26S Proteasome
complex"	0.3113117373276256	0.31729591332283125	-0.015295684436889999	0.043312642057064935	False	False	0.1868334880523843	0.4989366661762904	33
164	protein complex	CPX-2262	Suva-intralogous PPIs		-0.0	Suva YFR052W RPN12--Suva YGR135W PRE9	CPX-2262	"26S Proteasome
complex"	0.294341013122146	0.15347899711609614	0.4062883517702266	1.2058377969131746	False	False	0.1868334880523843	0.4989366661762904	33
165	protein complex	CPX-2262	Suva-intralogous PPIs		-0.0	Suva YGR135W PRE9--Suva YOR362C PRE10	CPX-2262	"26S Proteasome
complex"	0.7658732927057053	0.6773232505243991	0.15093838925362102	0.5017059294264246	False	False	0.1868334880523843	0.4989366661762904	33
166	protein complex	CPX-2262	Suva-intralogous PPIs		-0.0	Suva YHR027C RPN1--Suva YOR362C PRE10	CPX-2262	"26S Proteasome
complex"	0.3424132870923886	0.36134464308025904	-0.046256288166459485	-0.042061749651339235	False	False	0.1868334880523843	0.4989366661762904	33
167	protein complex	CPX-2262	Suva-intralogous PPIs		-0.0	Suva YFR052W RPN12--Suva YHR027C RPN1	CPX-2262	"26S Proteasome
complex"	0.3692451291135607	0.36577284315638414	0.008330885384041586	0.10846331044315012	False	False	0.1868334880523843	0.4989366661762904	33
168	protein complex	CPX-2262	Suva-intralogous PPIs		-0.0	Suva YFR052W RPN12--Suva YML092C PRE8	CPX-2262	"26S Proteasome
complex"	0.31950013240386066	0.30515694173984553	0.03675144528053603	0.1868334880523843	False	False	0.1868334880523843	0.4989366661762904	33
169	protein complex	CPX-2262	Suva-intralogous PPIs		-0.0	Suva YGR135W PRE9--Suva YML092C PRE8	CPX-2262	"26S Proteasome
complex"	0.7287760930193724	0.6847064286830294	0.07601913657884808	0.2951148151114223	False	False	0.1868334880523843	0.4989366661762904	33
170	protein complex	CPX-2262	Suva-intralogous PPIs		-0.0	Suva YHR027C RPN1--Suva YML092C PRE8	CPX-2262	"26S Proteasome
complex"	0.2929194796949336	0.2906825195190039	0.005880192903293503	0.10170548421870856	False	False	0.1868334880523843	0.4989366661762904	33
171	protein complex	CPX-2262	Suva-intralogous PPIs		-0.0	Suva YHR027C RPN1--Suva YMR314W PRE5	CPX-2262	"26S Proteasome
complex"	0.2850354445574149	0.3025695142386655	-0.045976617174882994	-0.041290552132295835	False	False	0.1868334880523843	0.4989366661762904	33
172	protein complex	CPX-2262	Suva-intralogous PPIs		-0.0	Suva YGR135W PRE9--Suva YMR314W PRE5	CPX-2262	"26S Proteasome
complex"	0.6281152617324691	0.6538933412849021	-0.0470252192985835	-0.044182090334749236	False	False	0.1868334880523843	0.4989366661762904	33
173	protein complex	CPX-2262	Suva-intralogous PPIs		-0.0	Suva YML092C PRE8--Suva YMR314W PRE5	CPX-2262	"26S Proteasome
complex"	0.6765209622872603	0.7493776091883788	-0.12505649126845214	-0.2593546508199972	False	False	0.1868334880523843	0.4989366661762904	33
174	protein complex	CPX-2262	Suva-intralogous PPIs		-0.0	Suva YDR363W-A SEM1--Suva YFR052W RPN12	CPX-2262	"26S Proteasome
complex"	0.4141771465816293	0.3424151503641364	0.17015487368424098	0.5546957122926842	False	False	0.1868334880523843	0.4989366661762904	33
175	protein complex	CPX-2262	Suva-intralogous PPIs		-0.0	Suva YML092C PRE8--Suva YOR362C PRE10	CPX-2262	"26S Proteasome
complex"	0.6793179473809856	0.7006081103453967	-0.03723970058904375	-0.017198355951680042	False	False	0.1868334880523843	0.4989366661762904	33
176	protein complex	CPX-2262	Suva-intralogous PPIs		-0.0	Suva YFR052W RPN12--Suva YOR362C PRE10	CPX-2262	"26S Proteasome
complex"	0.3710822847175337	0.3774598387102259	-0.015183050771391647	0.043623231306609375	False	False	0.1868334880523843	0.4989366661762904	33
177	protein complex	CPX-2262	Suva-intralogous PPIs		-0.0	Suva YMR314W PRE5--Suva YOR362C PRE10	CPX-2262	"26S Proteasome
complex"	0.7942139792634064	0.8272365163654577	-0.0524409829266298	-0.059116150710947925	False	False	0.1868334880523843	0.4989366661762904	33
178	protein complex	CPX-2262	Suva-intralogous PPIs		-0.0	Suva YGR135W PRE9--Suva YHR027C RPN1	CPX-2262	"26S Proteasome
complex"	0.268674218861389	0.13740845530956747	0.3897500162126404	1.1602330551442055	False	False	0.1868334880523843	0.4989366661762904	33
179	protein complex	CPX-1276	interlogous PPIs		2.6954558542574856	Scer YLL024C SSA2--Suva YCL037C SRO9	CPX-1276	HMC complex	0.0	0.08382425937501857	-0.3225953608389327	-0.8040714456103575	False	False	0.08549075221180986	1.7579421162966458	7
180	protein complex	CPX-1276	interlogous PPIs		2.6954558542574856	Scer YLL024C SSA2--Suva YPL240C HSP82	CPX-1276	HMC complex	0.17645958198432554	0.0	0.6291241658896283	1.8203113468304608	False	False	0.08549075221180986	1.7579421162966458	7
181	protein complex	CPX-1276	interlogous PPIs		2.6954558542574856	Scer YMR186W HSC82--Suva YAL005C SSA1	CPX-1276	HMC complex	0.025922573501310664	0.1269270169433243	-0.36564684812694814	-0.9227866545081111	False	False	0.08549075221180986	1.7579421162966458	7
182	protein complex	CPX-1276	interlogous PPIs		2.6954558542574856	Scer YMR186W HSC82--Suva YCL037C SRO9	CPX-1276	HMC complex	0.16558223692147903	0.0	0.595384137729452	1.7272726449511306	False	False	0.08549075221180986	1.7579421162966458	7
183	protein complex	CPX-1276	interlogous PPIs		2.6954558542574856	Scer YMR186W HSC82--Suva YLL024C SSA2	CPX-1276	HMC complex	0.0	0.0	0.0	0.08549075221180986	False	False	0.08549075221180986	1.7579421162966458	7
184	protein complex	CPX-1276	interlogous PPIs		2.6954558542574856	Scer YCL037C SRO9--Suva YPL240C HSP82	CPX-1276	HMC complex	0.021346231128035572	0.0	0.08701428134126954	0.3254341139221575	False	False	0.08549075221180986	1.7579421162966458	7
185	protein complex	CPX-1276	interlogous PPIs		2.6954558542574856	Scer YPL240C HSP82--Suva YAL005C SSA1	CPX-1276	HMC complex	0.042928010255328435	0.4320628710439024	-1.12482078707065	-3.0162217116639867	False	True	0.08549075221180986	1.7579421162966458	7
186	protein complex	CPX-1276	interlogous PPIs		2.6954558542574856	Scer YPL240C HSP82--Suva YCL037C SRO9	CPX-1276	HMC complex	0.13147701700430692	0.0	0.4859027660368566	1.4253758992255268	False	False	0.08549075221180986	1.7579421162966458	7
187	protein complex	CPX-1276	interlogous PPIs		2.6954558542574856	Scer YPL240C HSP82--Suva YLL024C SSA2	CPX-1276	HMC complex	0.0	0.4025563533317933	-1.2293044566078768	-3.3043372086393643	False	True	0.08549075221180986	1.7579421162966458	7
188	protein complex	CPX-1276	interlogous PPIs		2.6954558542574856	Scer YCL037C SRO9--Suva YAL005C SSA1	CPX-1276	HMC complex	0.0	0.0	0.0	0.08549075221180986	False	False	0.08549075221180986	1.7579421162966458	7
189	protein complex	CPX-1276	interlogous PPIs		2.6954558542574856	Scer YCL037C SRO9--Suva YLL024C SSA2	CPX-1276	HMC complex	0.0	0.0	0.0	0.08549075221180986	False	False	0.08549075221180986	1.7579421162966458	7
190	protein complex	CPX-1276	interlogous PPIs		2.6954558542574856	Scer YLL024C SSA2--Suva YAL005C SSA1	CPX-1276	HMC complex	0.021247770232313168	0.11494410684986422	-0.3440625416942338	-0.8632675621726851	False	False	0.08549075221180986	1.7579421162966458	7
191	protein complex	CPX-1947	interlogous PPIs		-0.0	Scer YGL245W GUS1--Suva YGR264C MES1	CPX-1947	"Methionyl glutamyl
tRNA synthetase complex"	0.0	0.0	0.0	0.08549075221180986	False	False	0.08549075221180986	0.0	3
192	protein complex	CPX-1947	interlogous PPIs		-0.0	Scer YGL105W ARC1--Suva YGR264C MES1	CPX-1947	"Methionyl glutamyl
tRNA synthetase complex"	0.0	0.0	0.0	0.08549075221180986	False	False	0.08549075221180986	0.0	3
193	protein complex	CPX-1883	Suva-intralogous PPIs		-0.0	Suva YCL037C SRO9--Suva YLL024C SSA2	CPX-1883	"HAP1
transcriptional repressor complex
variant 2"	0.0	0.0	0.0	0.08549075221180986	False	False	0.08549075221180986		4
194	protein complex	CPX-1276	interlogous PPIs		2.6954558542574856	Scer YMR186W HSC82--Suva YPL240C HSP82	CPX-1276	HMC complex	0.2660057944721169	0.0	0.8878737847764321	2.5338178246173992	True	False	0.08549075221180986	1.7579421162966458	7
195	protein complex	CPX-1162	interlogous PPIs		-0.0	Scer YKL182W FAS1--Suva YPL231W FAS2	CPX-1162	"Fatty-acyl-CoA
synthase"	0.8506742044808484	0.8858749389892264	-0.05354901692553615	-0.062171573320763285	False	False	0.07372945698159232	0.19219308019406825	2
196	protein complex	CPX-1162	interlogous PPIs		-0.0	Scer YPL231W FAS2--Suva YKL182W FAS1	CPX-1162	"Fatty-acyl-CoA
synthase"	0.9024062899289242	0.8723988395287583	0.045018665055787006	0.20963048728394792	False	False	0.07372945698159232	0.19219308019406825	2
197	protein complex	CPX-1632	Scer-intralogous PPIs		-0.0	Scer YDL201W TRM8--Scer YDR165W TRM82	CPX-1632	"tRNA
(guanine-N(7)-)-methyltransferase"	0.6539147129518634	0.6645770983288967	-0.019143923245984015	0.032701058047115664	False	False	0.032701058047115664		2
198	protein complex	CPX-1162	Suva-intralogous PPIs		-0.0	Suva YKL182W FAS1--Suva YPL231W FAS2	CPX-1162	"Fatty-acyl-CoA
synthase"	0.8518503724607269	0.8664705650214322	-0.022389047808834883	0.02375257183569236	False	False	0.02375257183569236		2
199	protein complex	CPX-1602	Suva-intralogous PPIs		-0.0	Suva YDR462W MRPL28--Suva YGL068W MNP1	CPX-1602	"54S mitochondrial
large ribosomal subunit"	0.38405853808282503	0.4409956050393081	-0.12990903844701127	-0.2727356322512524	False	False	-0.03459065205050786	0.18232695804053992	46
200	protein complex	CPX-1602	Suva-intralogous PPIs		-0.0	Suva YGL068W MNP1--Suva YPL173W MRPL40	CPX-1602	"54S mitochondrial
large ribosomal subunit"	0.31151816741579563	0.3286758194679377	-0.04354693132519128	-0.03459065205050786	False	False	-0.03459065205050786	0.18232695804053992	46
201	protein complex	CPX-1602	Suva-intralogous PPIs		-0.0	Suva YDR462W MRPL28--Suva YPL173W MRPL40	CPX-1602	"54S mitochondrial
large ribosomal subunit"	1.0	1.0	0.0	0.08549075221180986	False	False	-0.03459065205050786	0.18232695804053992	46
202	protein complex	CPX-1276	Suva-intralogous PPIs		-0.0	Suva YLL024C SSA2--Suva YPL240C HSP82	CPX-1276	HMC complex	0.0	0.0	0.0	0.08549075221180986	False	False	-0.05234424566330643	0.19866077935791465	7
203	protein complex	CPX-1276	Suva-intralogous PPIs		-0.0	Suva YCL037C SRO9--Suva YLL024C SSA2	CPX-1276	HMC complex	0.0	0.0	0.0	0.08549075221180986	False	False	-0.05234424566330643	0.19866077935791465	7
204	protein complex	CPX-1276	Suva-intralogous PPIs		-0.0	Suva YAL005C SSA1--Suva YPL240C HSP82	CPX-1276	HMC complex	0.0201897837259154	0.06364187268119281	-0.16697857288958295	-0.37495550436975705	False	False	-0.05234424566330643	0.19866077935791465	7
205	protein complex	CPX-1276	Suva-intralogous PPIs		-0.0	Suva YAL005C SSA1--Suva YLL024C SSA2	CPX-1276	HMC complex	0.5954405260955771	0.6528073039369913	-0.10624038298503297	-0.2074689119937177	False	False	-0.05234424566330643	0.19866077935791465	7
206	protein complex	CPX-1276	Suva-intralogous PPIs		-0.0	Suva YAL005C SSA1--Suva YCL037C SRO9	CPX-1276	HMC complex	0.0	0.0	0.0	0.08549075221180986	False	False	-0.05234424566330643	0.19866077935791465	7
207	protein complex	CPX-1276	Suva-intralogous PPIs		-0.0	Suva YCL037C SRO9--Suva YPL240C HSP82	CPX-1276	HMC complex	0.06892560015487947	0.0969185879753116	-0.09997036965962812	-0.19017924353842272	False	False	-0.05234424566330643	0.19866077935791465	7
208	protein complex	CPX-427	interlogous PPIs		-0.0	Scer YPL237W SUI3--Suva YJR007W SUI2	CPX-427	"Eukaryotic
translation initiation factor 2
complex"	0.07996739449429667	0.0	0.3087997844762997	0.9370114134246068	False	False	-0.057537579736502524	1.4065046745729473	3
209	protein complex	CPX-427	interlogous PPIs		-0.0	Scer YJR007W SUI2--Suva YPL237W SUI3	CPX-427	"Eukaryotic
translation initiation factor 2
complex"	0.12049179729403993	0.2565109045219962	-0.4125368283120595	-1.052086572897612	False	False	-0.057537579736502524	1.4065046745729473	3
210	protein complex	CPX-1162	Scer-intralogous PPIs		-0.0	Scer YKL182W FAS1--Scer YPL231W FAS2	CPX-1162	"Fatty-acyl-CoA
synthase"	0.8925061831513483	0.9350395161478934	-0.06262267529303034	-0.08719234069536189	False	False	-0.08719234069536189		2
211	protein complex	CPX-1616	Scer-intralogous PPIs		-0.0	Scer YGL206C CHC1--Scer YGR167W CLC1	CPX-1616	Clathrin complex	0.5352068999955124	0.569210421637148	-0.06726806017993789	-0.10000206858165528	False	False	-0.10000206858165528		2
212	protein complex	CPX-1616	interlogous PPIs		-0.0	Scer YGL206C CHC1--Suva YGR167W CLC1	CPX-1616	Clathrin complex	0.5212803513241049	0.4906745634074383	0.06332830964557806	0.2601196438554507	False	False	-0.12175870554722006	0.5400575409019085	2
213	protein complex	CPX-1616	interlogous PPIs		-0.0	Scer YGR167W CLC1--Suva YGL206C CHC1	CPX-1616	Clathrin complex	0.52289035216963	0.6334639075385742	-0.213644305026517	-0.5036370549498908	False	False	-0.12175870554722006	0.5400575409019085	2
214	protein complex	CPX-1602	interlogous PPIs		-0.0	Scer YNL252C MRPL17--Suva YPL173W MRPL40	CPX-1602	"54S mitochondrial
large ribosomal subunit"	1.0	1.0	0.0	0.08549075221180986	False	False	-0.1347165617859599	0.2538479656249824	46
215	protein complex	CPX-1602	interlogous PPIs		-0.0	Scer YNL252C MRPL17--Suva YGL068W MNP1	CPX-1602	"54S mitochondrial
large ribosomal subunit"	0.5314625449361728	0.6366799534705732	-0.20217159098745235	-0.4720008507309741	False	False	-0.1347165617859599	0.2538479656249824	46
216	protein complex	CPX-1602	interlogous PPIs		-0.0	Scer YNL252C MRPL17--Suva YDR462W MRPL28	CPX-1602	"54S mitochondrial
large ribosomal subunit"	1.0	1.0	0.0	0.08549075221180986	False	False	-0.1347165617859599	0.2538479656249824	46
217	protein complex	CPX-1602	interlogous PPIs		-0.0	Scer YGL068W MNP1--Suva YPL173W MRPL40	CPX-1602	"54S mitochondrial
large ribosomal subunit"	0.4336116638800232	0.4701281333431093	-0.07985710059667338	-0.1347165617859599	False	False	-0.1347165617859599	0.2538479656249824	46
218	protein complex	CPX-1602	interlogous PPIs		-0.0	Scer YGL068W MNP1--Suva YDR462W MRPL28	CPX-1602	"54S mitochondrial
large ribosomal subunit"	0.5637762253446921	0.6492566437943706	-0.1608695963113795	-0.3581098974855835	False	False	-0.1347165617859599	0.2538479656249824	46
219	protein complex	CPX-1652	Suva-intralogous PPIs		-0.0	Suva YGL137W SEC27--Suva YIL076W SEC28	CPX-1652	"COPI vesicle coat
complex"	0.11579208451912093	0.1401025253459497	-0.08058847967925464	-0.13673335205365064	False	False	-0.13673335205365064		7
220	protein complex	CPX-2262	interlogous PPIs	high	1.3055733849797189	Scer YFR004W RPN11--Suva YDR363W-A SEM1	CPX-2262	"26S Proteasome
complex"	0.448669690891804	0.5863841282369164	-0.28212846089669297	-0.6924832803061399	False	False	-0.16615617041622846	0.8488318555301109	33
221	protein complex	CPX-2262	interlogous PPIs	high	1.3055733849797189	Scer YFR004W RPN11--Suva YOR362C PRE10	CPX-2262	"26S Proteasome
complex"	0.1577574437445214	0.2757475305765228	-0.34340690646900884	-0.8614596368807528	False	False	-0.16615617041622846	0.8488318555301109	33
222	protein complex	CPX-2262	interlogous PPIs	high	1.3055733849797189	Scer YHR027C RPN1--Suva YOR362C PRE10	CPX-2262	"26S Proteasome
complex"	0.20953487200802126	0.2595394913726061	-0.1417467884320366	-0.30537842930376835	False	False	-0.16615617041622846	0.8488318555301109	33
223	protein complex	CPX-2262	interlogous PPIs	high	1.3055733849797189	Scer YHR027C RPN1--Suva YMR314W PRE5	CPX-2262	"26S Proteasome
complex"	0.1611977890360854	0.2082864265507708	-0.14318891772753728	-0.3093551253799709	False	False	-0.16615617041622846	0.8488318555301109	33
224	protein complex	CPX-2262	interlogous PPIs	high	1.3055733849797189	Scer YHR027C RPN1--Suva YML092C PRE8	CPX-2262	"26S Proteasome
complex"	0.16790763987786705	0.1977952954324156	-0.0911137720866999	-0.1657570249990367	False	False	-0.16615617041622846	0.8488318555301109	33
225	protein complex	CPX-2262	interlogous PPIs	high	1.3055733849797189	Scer YHR027C RPN1--Suva YGR135W PRE9	CPX-2262	"26S Proteasome
complex"	0.1485695539606834	0.06461926572633525	0.2885144011291079	0.881074123604116	False	False	-0.16615617041622846	0.8488318555301109	33
226	protein complex	CPX-2262	interlogous PPIs	high	1.3055733849797189	Scer YHR027C RPN1--Suva YFR052W RPN12	CPX-2262	"26S Proteasome
complex"	0.2317119415702813	0.4338101771386037	-0.5076173111085265	-1.3142726224008083	False	False	-0.16615617041622846	0.8488318555301109	33
227	protein complex	CPX-2262	interlogous PPIs	high	1.3055733849797189	Scer YHR027C RPN1--Suva YDR363W-A SEM1	CPX-2262	"26S Proteasome
complex"	0.2276063818764548	0.2735422107867255	-0.1274214546790644	-0.2658760776745007	False	False	-0.16615617041622846	0.8488318555301109	33
228	protein complex	CPX-2262	interlogous PPIs	high	1.3055733849797189	Scer YGR135W PRE9--Suva YOR362C PRE10	CPX-2262	"26S Proteasome
complex"	0.6282475686402196	0.8169585850222496	-0.32190321757708074	-0.8021628487860892	False	False	-0.16615617041622846	0.8488318555301109	33
229	protein complex	CPX-2262	interlogous PPIs	high	1.3055733849797189	Scer YGR135W PRE9--Suva YHR027C RPN1	CPX-2262	"26S Proteasome
complex"	0.1910815563512428	0.3298398408487351	-0.3808382311628602	-0.9646771517745351	False	False	-0.16615617041622846	0.8488318555301109	33
230	protein complex	CPX-2262	interlogous PPIs	high	1.3055733849797189	Scer YGR135W PRE9--Suva YFR052W RPN12	CPX-2262	"26S Proteasome
complex"	0.20712200492940447	0.3470187915488152	-0.3757280256143947	-0.9505856730031288	False	False	-0.16615617041622846	0.8488318555301109	33
231	protein complex	CPX-2262	interlogous PPIs	high	1.3055733849797189	Scer YGR135W PRE9--Suva YDR363W-A SEM1	CPX-2262	"26S Proteasome
complex"	0.22666184837399286	0.2717013514278367	-0.12516601319923482	-0.25965665940810395	False	False	-0.16615617041622846	0.8488318555301109	33
232	protein complex	CPX-2262	interlogous PPIs	high	1.3055733849797189	Scer YDR363W-A SEM1--Suva YFR052W RPN12	CPX-2262	"26S Proteasome
complex"	0.1269607140685196	0.25263282179801805	-0.38025280609320977	-0.9630628321815188	False	False	-0.16615617041622846	0.8488318555301109	33
233	protein complex	CPX-2262	interlogous PPIs	high	1.3055733849797189	Scer YML092C PRE8--Suva YFR052W RPN12	CPX-2262	"26S Proteasome
complex"	0.39919311359601695	0.3905377006225892	0.020131796790448686	0.14100452448816395	False	False	-0.16615617041622846	0.8488318555301109	33
234	protein complex	CPX-2262	interlogous PPIs	high	1.3055733849797189	Scer YDR363W-A SEM1--Suva YGR135W PRE9	CPX-2262	"26S Proteasome
complex"	0.05462408617437065	0.0	0.2158014636728596	0.6805669610538735	False	False	-0.16615617041622846	0.8488318555301109	33
235	protein complex	CPX-2262	interlogous PPIs	high	1.3055733849797189	Scer YDR363W-A SEM1--Suva YHR027C RPN1	CPX-2262	"26S Proteasome
complex"	0.6662508508835235	0.20534686405311453	1.0466367774102023	2.9716094788211165	True	False	-0.16615617041622846	0.8488318555301109	33
236	protein complex	CPX-2262	interlogous PPIs	high	1.3055733849797189	Scer YDR363W-A SEM1--Suva YML092C PRE8	CPX-2262	"26S Proteasome
complex"	0.07031793078081583	0.0	0.2738787694040272	0.8407161200357419	False	False	-0.16615617041622846	0.8488318555301109	33
237	protein complex	CPX-2262	interlogous PPIs	high	1.3055733849797189	Scer YDR363W-A SEM1--Suva YMR314W PRE5	CPX-2262	"26S Proteasome
complex"	0.06430763433060216	0.0	0.2518278620538685	0.7799103677292977	False	False	-0.16615617041622846	0.8488318555301109	33
238	protein complex	CPX-2262	interlogous PPIs	high	1.3055733849797189	Scer YDR363W-A SEM1--Suva YOR362C PRE10	CPX-2262	"26S Proteasome
complex"	0.10738240403551412	0.0019212562789510113	0.3969489834847211	1.1800843299174946	False	False	-0.16615617041622846	0.8488318555301109	33
239	protein complex	CPX-2262	interlogous PPIs	high	1.3055733849797189	Scer YFR004W RPN11--Suva YMR314W PRE5	CPX-2262	"26S Proteasome
complex"	0.1122350794752367	0.22342401723140196	-0.3473371777684152	-0.8722974268788641	False	False	-0.16615617041622846	0.8488318555301109	33
240	protein complex	CPX-2262	interlogous PPIs	high	1.3055733849797189	Scer YFR004W RPN11--Suva YML092C PRE8	CPX-2262	"26S Proteasome
complex"	0.11857212389781502	0.2127311369934467	-0.2949101414789336	-0.7277289820454027	False	False	-0.16615617041622846	0.8488318555301109	33
241	protein complex	CPX-2262	interlogous PPIs	high	1.3055733849797189	Scer YFR004W RPN11--Suva YHR027C RPN1	CPX-2262	"26S Proteasome
complex"	0.2947855330865242	0.29927128718453977	-0.011714179773632538	0.053188702120273226	False	False	-0.16615617041622846	0.8488318555301109	33
242	protein complex	CPX-2262	interlogous PPIs	high	1.3055733849797189	Scer YFR004W RPN11--Suva YGR135W PRE9	CPX-2262	"26S Proteasome
complex"	0.09989020846773287	0.08668789896284812	0.04631808276203908	0.21321365372396306	False	False	-0.16615617041622846	0.8488318555301109	33
243	protein complex	CPX-2262	interlogous PPIs	high	1.3055733849797189	Scer YFR004W RPN11--Suva YFR052W RPN12	CPX-2262	"26S Proteasome
complex"	0.17853548724117466	0.3143921469813974	-0.3798607092858248	-0.9619816185619878	False	False	-0.16615617041622846	0.8488318555301109	33
244	protein complex	CPX-2262	interlogous PPIs	high	1.3055733849797189	Scer YML092C PRE8--Suva YDR363W-A SEM1	CPX-2262	"26S Proteasome
complex"	0.35383737409230004	0.30420515341284315	0.12464558008905935	0.4292030606730696	False	False	-0.16615617041622846	0.8488318555301109	33
245	protein complex	CPX-2262	interlogous PPIs	high	1.3055733849797189	Scer YGR135W PRE9--Suva YML092C PRE8	CPX-2262	"26S Proteasome
complex"	0.7789313922106111	0.7584408834975251	0.03361685375535378	0.17818979857351394	False	False	-0.16615617041622846	0.8488318555301109	33
246	protein complex	CPX-2262	interlogous PPIs	high	1.3055733849797189	Scer YML092C PRE8--Suva YGR135W PRE9	CPX-2262	"26S Proteasome
complex"	0.6298842194514926	0.5625412284151838	0.12790375074005286	0.43818752169458003	False	False	-0.16615617041622846	0.8488318555301109	33
247	protein complex	CPX-2262	interlogous PPIs	high	1.3055733849797189	Scer YMR314W PRE5--Suva YML092C PRE8	CPX-2262	"26S Proteasome
complex"	0.6816469324321768	0.8501121569722471	-0.2774017303256974	-0.679449240311537	False	False	-0.16615617041622846	0.8488318555301109	33
248	protein complex	CPX-2262	interlogous PPIs	high	1.3055733849797189	Scer YGR135W PRE9--Suva YMR314W PRE5	CPX-2262	"26S Proteasome
complex"	0.6715612994962149	0.7572741364081619	-0.1469627380309741	-0.3197614990940285	False	False	-0.16615617041622846	0.8488318555301109	33
249	protein complex	CPX-2262	interlogous PPIs	high	1.3055733849797189	Scer YPR108W RPN7--Suva YOR362C PRE10	CPX-2262	"26S Proteasome
complex"	0.28937704448205925	0.3378670098820901	-0.12408144737126442	-0.2566659506790536	False	False	-0.16615617041622846	0.8488318555301109	33
250	protein complex	CPX-2262	interlogous PPIs	high	1.3055733849797189	Scer YPR108W RPN7--Suva YMR314W PRE5	CPX-2262	"26S Proteasome
complex"	0.2359718490424392	0.2810085437576513	-0.12362128690207552	-0.2553970503537109	False	False	-0.16615617041622846	0.8488318555301109	33
251	protein complex	CPX-2262	interlogous PPIs	high	1.3055733849797189	Scer YPR108W RPN7--Suva YML092C PRE8	CPX-2262	"26S Proteasome
complex"	0.24334448914231846	0.2694723004593797	-0.07190166642345841	-0.1127793166583461	False	False	-0.16615617041622846	0.8488318555301109	33
252	protein complex	CPX-2262	interlogous PPIs	high	1.3055733849797189	Scer YML092C PRE8--Suva YHR027C RPN1	CPX-2262	"26S Proteasome
complex"	0.3692451291135607	0.3740857032580384	-0.011558387632695066	0.05361830160036293	False	False	-0.16615617041622846	0.8488318555301109	33
253	protein complex	CPX-2262	interlogous PPIs	high	1.3055733849797189	Scer YPR108W RPN7--Suva YGR135W PRE9	CPX-2262	"26S Proteasome
complex"	0.22063994323906025	0.11988432314176525	0.3134682016549445	0.9498846532473564	False	False	-0.16615617041622846	0.8488318555301109	33
254	protein complex	CPX-2262	interlogous PPIs	high	1.3055733849797189	Scer YPR108W RPN7--Suva YFR052W RPN12	CPX-2262	"26S Proteasome
complex"	0.31413091113290104	0.3421371585519221	-0.0703954779751097	-0.10862597637793084	False	False	-0.16615617041622846	0.8488318555301109	33
255	protein complex	CPX-2262	interlogous PPIs	high	1.3055733849797189	Scer YPR108W RPN7--Suva YDR363W-A SEM1	CPX-2262	"26S Proteasome
complex"	0.6903568894565598	0.6068718787982146	0.1513472856687216	0.5028334682501464	False	False	-0.16615617041622846	0.8488318555301109	33
256	protein complex	CPX-2262	interlogous PPIs	high	1.3055733849797189	Scer YMR314W PRE5--Suva YOR362C PRE10	CPX-2262	"26S Proteasome
complex"	0.5125970262554671	0.6774841575625952	-0.3139989641870738	-0.7803667355392266	False	False	-0.16615617041622846	0.8488318555301109	33
257	protein complex	CPX-2262	interlogous PPIs	high	1.3055733849797189	Scer YPR108W RPN7--Suva YHR027C RPN1	CPX-2262	"26S Proteasome
complex"	0.2877506058550105	0.326867078013768	-0.10086814538239623	-0.19265487537336326	False	False	-0.16615617041622846	0.8488318555301109	33
258	protein complex	CPX-2262	interlogous PPIs	high	1.3055733849797189	Scer YMR314W PRE5--Suva YHR027C RPN1	CPX-2262	"26S Proteasome
complex"	0.3692451291135607	0.20932187156817075	0.4231751248767002	1.2524033611533223	False	False	-0.16615617041622846	0.8488318555301109	33
259	protein complex	CPX-2262	interlogous PPIs	high	1.3055733849797189	Scer YMR314W PRE5--Suva YFR052W RPN12	CPX-2262	"26S Proteasome
complex"	0.39919311359601695	0.2222805838370264	0.4559949271284333	1.3429045244286286	False	False	-0.16615617041622846	0.8488318555301109	33
260	protein complex	CPX-2262	interlogous PPIs	high	1.3055733849797189	Scer YMR314W PRE5--Suva YDR363W-A SEM1	CPX-2262	"26S Proteasome
complex"	0.35383737409230004	0.15292641143067098	0.5583820052230175	1.6252386348186505	False	False	-0.16615617041622846	0.8488318555301109	33
261	protein complex	CPX-2262	interlogous PPIs	high	1.3055733849797189	Scer YML092C PRE8--Suva YOR362C PRE10	CPX-2262	"26S Proteasome
complex"	0.8140737300818717	0.8730671119989097	-0.09140326833598167	-0.1665553158334202	False	False	-0.16615617041622846	0.8488318555301109	33
262	protein complex	CPX-2262	interlogous PPIs	high	1.3055733849797189	Scer YML092C PRE8--Suva YMR314W PRE5	CPX-2262	"26S Proteasome
complex"	0.9117996117642726	0.8828024606860475	0.043194655513780655	0.20460074992871705	False	False	-0.16615617041622846	0.8488318555301109	33
263	protein complex	CPX-2262	interlogous PPIs	high	1.3055733849797189	Scer YMR314W PRE5--Suva YGR135W PRE9	CPX-2262	"26S Proteasome
complex"	0.6298842194514926	0.7441244621045549	-0.20047095060912806	-0.4673113059442388	False	False	-0.16615617041622846	0.8488318555301109	33
264	protein complex	CPX-1599	Scer-intralogous PPIs		-0.0	Scer YDR064W RPS13--Scer YNL178W RPS3	CPX-1599	"40S cytosolic small
ribosomal subunit"	0.7128197460750353	0.8200333760702316	-0.17631069336362093	-0.4006889854019635	False	False	-0.19525667884069686	0.260617168562191	9
265	protein complex	CPX-1599	Scer-intralogous PPIs		-0.0	Scer YHL015W RPS20--Scer YNL178W RPS3	CPX-1599	"40S cytosolic small
ribosomal subunit"	0.6782213490845621	0.7296343327966919	-0.08889706904037603	-0.15964442862232842	False	False	-0.19525667884069686	0.260617168562191	9
266	protein complex	CPX-1599	Scer-intralogous PPIs		-0.0	Scer YGL123W RPS2--Scer YOL040C RPS15	CPX-1599	"40S cytosolic small
ribosomal subunit"	0.5927326909798941	0.7393387200116432	-0.2620367208508738	-0.6370799651848348	False	False	-0.19525667884069686	0.260617168562191	9
267	protein complex	CPX-1599	Scer-intralogous PPIs		-0.0	Scer YGL123W RPS2--Scer YNL178W RPS3	CPX-1599	"40S cytosolic small
ribosomal subunit"	0.7770119824674617	0.8165748143607141	-0.06350374621747756	-0.08962190876463058	False	False	-0.19525667884069686	0.260617168562191	9
268	protein complex	CPX-1599	Scer-intralogous PPIs		-0.0	Scer YGL123W RPS2--Scer YHL015W RPS20	CPX-1599	"40S cytosolic small
ribosomal subunit"	0.6230159970582047	0.6191124893000903	0.007247263680877747	0.10547520515432199	False	False	-0.19525667884069686	0.260617168562191	9
269	protein complex	CPX-1599	Scer-intralogous PPIs		-0.0	Scer YDR064W RPS13--Scer YOL040C RPS15	CPX-1599	"40S cytosolic small
ribosomal subunit"	0.5160753828372151	0.6585788095625453	-0.2731724932697918	-0.6677870471517267	False	False	-0.19525667884069686	0.260617168562191	9
270	protein complex	CPX-1599	Scer-intralogous PPIs		-0.0	Scer YNL178W RPS3--Scer YOL040C RPS15	CPX-1599	"40S cytosolic small
ribosomal subunit"	0.6092617570639309	0.6891159605360633	-0.1446872605485217	-0.313486831209403	False	False	-0.19525667884069686	0.260617168562191	9
271	protein complex	CPX-1599	Scer-intralogous PPIs		-0.0	Scer YDR064W RPS13--Scer YHL015W RPS20	CPX-1599	"40S cytosolic small
ribosomal subunit"	0.6296537367572327	0.6528320399095027	-0.042273437218647625	-0.03107897037788715	False	False	-0.19525667884069686	0.260617168562191	9
272	protein complex	CPX-1599	Scer-intralogous PPIs		-0.0	Scer YDR064W RPS13--Scer YGL123W RPS2	CPX-1599	"40S cytosolic small
ribosomal subunit"	0.7176012170694874	0.7866002788334749	-0.11472628421522675	-0.2308689290590653	False	False	-0.19525667884069686	0.260617168562191	9
273	protein complex	CPX-1599	Scer-intralogous PPIs		-0.0	Scer YHL015W RPS20--Scer YOL040C RPS15	CPX-1599	"40S cytosolic small
ribosomal subunit"	0.4858758287562749	0.5045389722822291	-0.03903309648132528	-0.02214367564677553	False	False	-0.19525667884069686	0.260617168562191	9
274	protein complex	CPX-1793	Suva-intralogous PPIs		-0.0	Suva YDR138W HPR1--Suva YDR381W YRA1	CPX-1793	TREX complex	0.28229658732931584	0.33703236565219097	-0.14076049082280773	-0.3026586968603423	False	False	-0.2027594585939074	0.3275616330065204	7
275	protein complex	CPX-1793	Suva-intralogous PPIs		-0.0	Suva YDR138W HPR1--Suva YNL139C THO2	CPX-1793	TREX complex	0.9052760695226932	0.8518357901260887	0.08069521865267959	0.30800919101309954	False	False	-0.2027594585939074	0.3275616330065204	7
276	protein complex	CPX-1793	Suva-intralogous PPIs		-0.0	Suva YDR381W YRA1--Suva YNL139C THO2	CPX-1793	TREX complex	0.32091044754984777	0.3631918669066143	-0.10453252284598323	-0.2027594585939074	False	False	-0.2027594585939074	0.3275616330065204	7
277	protein complex	CPX-427	Scer-intralogous PPIs		-0.0	Scer YJR007W SUI2--Scer YPL237W SUI3	CPX-427	"Eukaryotic
translation initiation factor 2
complex"	0.05369029155875205	0.08544703239211326	-0.11607841310858967	-0.23459744749463995	False	False	-0.23459744749463995		3
278	protein complex	CPX-1671	Scer-intralogous PPIs		-0.0	Scer YJL179W PFD1--Scer YML094W GIM5	CPX-1671	Prefoldin complex	0.8110093879128052	0.8654546126765512	-0.08469102275167495	-0.14804618439777242	False	False	-0.2832096447305202	0.2695206795607822	6
279	protein complex	CPX-1671	Scer-intralogous PPIs		-0.0	Scer YEL003W GIM4--Scer YML094W GIM5	CPX-1671	Prefoldin complex	0.7941645714075758	0.8792503593136681	-0.13253068140030244	-0.2799648573131685	False	False	-0.2832096447305202	0.2695206795607822	6
280	protein complex	CPX-1671	Scer-intralogous PPIs		-0.0	Scer YML094W GIM5--Scer YNL153C GIM3	CPX-1671	Prefoldin complex	0.7355272772326846	0.8181311358604308	-0.1347001710138534	-0.2859472618454715	False	False	-0.2832096447305202	0.2695206795607822	6
281	protein complex	CPX-1671	Scer-intralogous PPIs		-0.0	Scer YLR200W YKE2--Scer YML094W GIM5	CPX-1671	Prefoldin complex	0.7555604915884939	0.788233119697316	-0.05346938074360735	-0.061951975193752035	False	False	-0.2832096447305202	0.2695206795607822	6
282	protein complex	CPX-1671	Scer-intralogous PPIs		-0.0	Scer YJL179W PFD1--Scer YNL153C GIM3	CPX-1671	Prefoldin complex	0.7257121871220107	0.7957038286464555	-0.11558256608076595	-0.2332301408765057	False	False	-0.2832096447305202	0.2695206795607822	6
283	protein complex	CPX-1671	Scer-intralogous PPIs		-0.0	Scer YJL179W PFD1--Scer YLR200W YKE2	CPX-1671	Prefoldin complex	0.5923506347057642	0.7765845072937021	-0.3243943393056796	-0.8090321593495521	False	False	-0.2832096447305202	0.2695206795607822	6
284	protein complex	CPX-1671	Scer-intralogous PPIs		-0.0	Scer YGR078C PAC10--Scer YNL153C GIM3	CPX-1671	Prefoldin complex	0.6775697510080825	0.7556996396512708	-0.13370738761635892	-0.2832096447305202	False	False	-0.2832096447305202	0.2695206795607822	6
285	protein complex	CPX-1671	Scer-intralogous PPIs		-0.0	Scer YGR078C PAC10--Scer YML094W GIM5	CPX-1671	Prefoldin complex	0.7752700114139096	0.8106081129429084	-0.05689069943524505	-0.07138631971398479	False	False	-0.2832096447305202	0.2695206795607822	6
286	protein complex	CPX-1671	Scer-intralogous PPIs		-0.0	Scer YGR078C PAC10--Scer YLR200W YKE2	CPX-1671	Prefoldin complex	0.8315893134696841	0.8066546640951471	0.0393441634408751	0.19398295250545874	False	False	-0.2832096447305202	0.2695206795607822	6
287	protein complex	CPX-1671	Scer-intralogous PPIs		-0.0	Scer YGR078C PAC10--Scer YJL179W PFD1	CPX-1671	Prefoldin complex	0.6409105966697126	0.7784435840319301	-0.2368944979500504	-0.5677498576357739	False	False	-0.2832096447305202	0.2695206795607822	6
288	protein complex	CPX-1671	Scer-intralogous PPIs		-0.0	Scer YEL003W GIM4--Scer YNL153C GIM3	CPX-1671	Prefoldin complex	0.7742711197329221	0.7275643539449028	0.07772318439792664	0.2998137559740296	False	False	-0.2832096447305202	0.2695206795607822	6
289	protein complex	CPX-1671	Scer-intralogous PPIs		-0.0	Scer YLR200W YKE2--Scer YNL153C GIM3	CPX-1671	Prefoldin complex	0.6381422735758995	0.7349375553463438	-0.16988770047814966	-0.3829774732061985	False	False	-0.2832096447305202	0.2695206795607822	6
290	protein complex	CPX-1671	Scer-intralogous PPIs		-0.0	Scer YEL003W GIM4--Scer YLR200W YKE2	CPX-1671	Prefoldin complex	0.6617425058563469	0.7421271345663643	-0.13925254059000142	-0.2985004984293011	False	False	-0.2832096447305202	0.2695206795607822	6
291	protein complex	CPX-1671	Scer-intralogous PPIs		-0.0	Scer YEL003W GIM4--Scer YJL179W PFD1	CPX-1671	Prefoldin complex	0.7740243222126899	0.8647295115083613	-0.14314740204483145	-0.30924064517834665	False	False	-0.2832096447305202	0.2695206795607822	6
292	protein complex	CPX-1671	Scer-intralogous PPIs		-0.0	Scer YEL003W GIM4--Scer YGR078C PAC10	CPX-1671	Prefoldin complex	0.7030783100957272	0.7863330895807401	-0.1392687149565932	-0.29854509952045244	False	False	-0.2832096447305202	0.2695206795607822	6
293	protein complex	CPX-1637	Scer-intralogous PPIs		-0.0	Scer YIL034C CAP2--Scer YKL007W CAP1	CPX-1637	"F-actin capping
protein complex"	0.694576650757181	0.7750651634238901	-0.13571656023789466	-0.2887499724288773	False	False	-0.2887499724288773		2
294	protein complex	CPX-1883	Scer-intralogous PPIs		-0.0	Scer YCL037C SRO9--Scer YLL024C SSA2	CPX-1883	"HAP1
transcriptional repressor complex
variant 2"	0.0	0.03521884746834103	-0.14167384436759334	-0.3051772848046179	False	False	-0.3051772848046179		4
295	protein complex	CPX-1671	interlogous PPIs		-0.0	Scer YLR200W YKE2--Suva YJL179W PFD1	CPX-1671	Prefoldin complex	0.6154369909271029	0.6642579246931118	-0.08916097945990745	-0.16037216609572547	False	False	-0.3070490183851517	0.4350948530548552	6
296	protein complex	CPX-1671	interlogous PPIs		-0.0	Scer YLR200W YKE2--Suva YML094W GIM5	CPX-1671	Prefoldin complex	0.5761970578794505	0.5893040559137839	-0.02519586077481764	0.016012737312337218	False	False	-0.3070490183851517	0.4350948530548552	6
297	protein complex	CPX-1671	interlogous PPIs		-0.0	Scer YLR200W YKE2--Suva YNL153C GIM3	CPX-1671	Prefoldin complex	0.7133120945161906	0.80532770311736	-0.1521485604741502	-0.3340614927395369	False	False	-0.3070490183851517	0.4350948530548552	6
298	protein complex	CPX-1671	interlogous PPIs		-0.0	Scer YML094W GIM5--Suva YEL003W GIM4	CPX-1671	Prefoldin complex	0.5671311442568832	0.7711650669940086	-0.36415627825734426	-0.9186763827244	False	False	-0.3070490183851517	0.4350948530548552	6
299	protein complex	CPX-1671	interlogous PPIs		-0.0	Scer YLR200W YKE2--Suva YGR078C PAC10	CPX-1671	Prefoldin complex	0.5722133396767892	0.7949349733572476	-0.3928280623878946	-0.997739315434674	False	False	-0.3070490183851517	0.4350948530548552	6
300	protein complex	CPX-1671	interlogous PPIs		-0.0	Scer YML094W GIM5--Suva YLR200W YKE2	CPX-1671	Prefoldin complex	0.8400098058822594	0.9058616389241959	-0.09985044906521644	-0.18984856045838225	False	False	-0.3070490183851517	0.4350948530548552	6
301	protein complex	CPX-1671	interlogous PPIs		-0.0	Scer YLR200W YKE2--Suva YEL003W GIM4	CPX-1671	Prefoldin complex	0.4990742988975218	0.6285320731407555	-0.2536020468343176	-0.6138212080329379	False	False	-0.3070490183851517	0.4350948530548552	6
302	protein complex	CPX-1671	interlogous PPIs		-0.0	Scer YEL003W GIM4--Suva YGR078C PAC10	CPX-1671	Prefoldin complex	0.6347373855896825	0.8437343261469472	-0.35185813771513696	-0.8847640508749847	False	False	-0.3070490183851517	0.4350948530548552	6
303	protein complex	CPX-1671	interlogous PPIs		-0.0	Scer YEL003W GIM4--Suva YJL179W PFD1	CPX-1671	Prefoldin complex	0.7228771965647218	0.8294179451877371	-0.17386668165776692	-0.3939495815279937	False	False	-0.3070490183851517	0.4350948530548552	6
304	protein complex	CPX-1671	interlogous PPIs		-0.0	Scer YEL003W GIM4--Suva YLR200W YKE2	CPX-1671	Prefoldin complex	0.7433504494886756	0.8523998180925811	-0.1749826594305582	-0.3970269092294933	False	False	-0.3070490183851517	0.4350948530548552	6
305	protein complex	CPX-1671	interlogous PPIs		-0.0	Scer YEL003W GIM4--Suva YML094W GIM5	CPX-1671	Prefoldin complex	0.7030516380624691	0.6405127513950781	0.11111058880310776	0.3918800918475927	False	False	-0.3070490183851517	0.4350948530548552	6
306	protein complex	CPX-1671	interlogous PPIs		-0.0	Scer YEL003W GIM4--Suva YNL153C GIM3	CPX-1671	Prefoldin complex	0.6529842414043643	0.8040752096508642	-0.25630095069752673	-0.6212634813688702	False	False	-0.3070490183851517	0.4350948530548552	6
307	protein complex	CPX-1671	interlogous PPIs		-0.0	Scer YGR078C PAC10--Suva YEL003W GIM4	CPX-1671	Prefoldin complex	0.4722928869135111	0.6921898827898003	-0.424370424616292	-1.0847179161046496	False	False	-0.3070490183851517	0.4350948530548552	6
308	protein complex	CPX-1671	interlogous PPIs		-0.0	Scer YGR078C PAC10--Suva YJL179W PFD1	CPX-1671	Prefoldin complex	0.694858010862214	0.7531703915420125	-0.09917576368887426	-0.18798810405052616	False	False	-0.3070490183851517	0.4350948530548552	6
309	protein complex	CPX-1671	interlogous PPIs		-0.0	Scer YGR078C PAC10--Suva YLR200W YKE2	CPX-1671	Prefoldin complex	0.7585705542759443	0.7807233320277828	-0.03631661107849543	-0.014652920916115681	False	False	-0.3070490183851517	0.4350948530548552	6
310	protein complex	CPX-1671	interlogous PPIs		-0.0	Scer YGR078C PAC10--Suva YML094W GIM5	CPX-1671	Prefoldin complex	0.6509377999683821	0.6611136358404592	-0.018321223800193017	0.03496966577055505	False	False	-0.3070490183851517	0.4350948530548552	6
311	protein complex	CPX-1671	interlogous PPIs		-0.0	Scer YGR078C PAC10--Suva YNL153C GIM3	CPX-1671	Prefoldin complex	0.734007565291815	0.8678578536395994	-0.2143369829915946	-0.5055471262274038	False	False	-0.3070490183851517	0.4350948530548552	6
312	protein complex	CPX-1671	interlogous PPIs		-0.0	Scer YJL179W PFD1--Suva YEL003W GIM4	CPX-1671	Prefoldin complex	0.6801227034414647	0.7153486287703553	-0.06121837724531026	-0.08331996492877122	False	False	-0.3070490183851517	0.4350948530548552	6
313	protein complex	CPX-1671	interlogous PPIs		-0.0	Scer YJL179W PFD1--Suva YGR078C PAC10	CPX-1671	Prefoldin complex	0.6707328052861224	0.783282454135153	-0.19105162837239248	-0.44133736456729095	False	False	-0.3070490183851517	0.4350948530548552	6
314	protein complex	CPX-1671	interlogous PPIs		-0.0	Scer YJL179W PFD1--Suva YLR200W YKE2	CPX-1671	Prefoldin complex	0.8533391336744603	0.8470735687432721	0.00965850581757166	0.11212424638362163	False	False	-0.3070490183851517	0.4350948530548552	6
315	protein complex	CPX-1671	interlogous PPIs		-0.0	Scer YJL179W PFD1--Suva YML094W GIM5	CPX-1671	Prefoldin complex	0.7263397089267984	0.6427081449586085	0.14701307586442214	0.4908818109500898	False	False	-0.3070490183851517	0.4350948530548552	6
316	protein complex	CPX-1671	interlogous PPIs		-0.0	Scer YJL179W PFD1--Suva YNL153C GIM3	CPX-1671	Prefoldin complex	0.598648557500141	0.8031189587372696	-0.3552475365613154	-0.8941103758781139	False	False	-0.3070490183851517	0.4350948530548552	6
317	protein complex	CPX-1671	interlogous PPIs		-0.0	Scer YML094W GIM5--Suva YJL179W PFD1	CPX-1671	Prefoldin complex	0.7765661082694816	0.8605118654975197	-0.13255667823626005	-0.28003654403076644	False	False	-0.3070490183851517	0.4350948530548552	6
318	protein complex	CPX-1671	interlogous PPIs		-0.0	Scer YML094W GIM5--Suva YGR078C PAC10	CPX-1671	Prefoldin complex	0.6361138511571252	0.8707399551823358	-0.3907503241699313	-0.9920099169372376	False	False	-0.3070490183851517	0.4350948530548552	6
319	protein complex	CPX-1671	interlogous PPIs		-0.0	Scer YML094W GIM5--Suva YNL153C GIM3	CPX-1671	Prefoldin complex	0.7608322418937372	0.8160997510423801	-0.08929201210041943	-0.16073349083200547	False	False	-0.3070490183851517	0.4350948530548552	6
320	protein complex	CPX-1671	interlogous PPIs		-0.0	Scer YNL153C GIM3--Suva YML094W GIM5	CPX-1671	Prefoldin complex	0.6745701126654579	0.6060610514651759	0.12508427574344447	0.4304127714062773	False	False	-0.3070490183851517	0.4350948530548552	6
321	protein complex	CPX-1671	interlogous PPIs		-0.0	Scer YNL153C GIM3--Suva YEL003W GIM4	CPX-1671	Prefoldin complex	0.6503815409390169	0.6527114127653197	-0.00421114101837361	0.07387845918347376	False	False	-0.3070490183851517	0.4350948530548552	6
322	protein complex	CPX-1671	interlogous PPIs		-0.0	Scer YNL153C GIM3--Suva YGR078C PAC10	CPX-1671	Prefoldin complex	0.6227849279844262	0.7706459686880363	-0.2574929546060445	-0.6245504524335381	False	False	-0.3070490183851517	0.4350948530548552	6
323	protein complex	CPX-1671	interlogous PPIs		-0.0	Scer YNL153C GIM3--Suva YJL179W PFD1	CPX-1671	Prefoldin complex	0.703626364738897	0.7213202551620227	-0.030374415643358244	0.0017327841275742938	False	False	-0.3070490183851517	0.4350948530548552	6
324	protein complex	CPX-1671	interlogous PPIs		-0.0	Scer YNL153C GIM3--Suva YLR200W YKE2	CPX-1671	Prefoldin complex	0.7208353118470899	0.8319394397051774	-0.1812889014642784	-0.4144164789645508	False	False	-0.3070490183851517	0.4350948530548552	6
325	protein complex	CPX-1602	Scer-intralogous PPIs		-0.0	Scer YGL068W MNP1--Scer YNL252C MRPL17	CPX-1602	"54S mitochondrial
large ribosomal subunit"	0.5186022416294797	0.5984289829460636	-0.1570385100904995	-0.34754561202955725	False	False	-0.34754561202955725		46
326	protein complex	CPX-1883	interlogous PPIs		-0.0	Scer YCL037C SRO9--Suva YLL024C SSA2	CPX-1883	"HAP1
transcriptional repressor complex
variant 2"	0.0	0.0	0.0	0.08549075221180986	False	False	-0.3592903466992738	0.6290154623672636	4
327	protein complex	CPX-1883	interlogous PPIs		-0.0	Scer YLL024C SSA2--Suva YCL037C SRO9	CPX-1883	"HAP1
transcriptional repressor complex
variant 2"	0.0	0.08382425937501857	-0.3225953608389327	-0.8040714456103575	False	False	-0.3592903466992738	0.6290154623672636	4
328	protein complex	CPX-607	interlogous PPIs		-0.0	Scer YIL062C ARC15--Suva YNR035C ARC35	CPX-607	Arp2/3 complex	0.6701027721050439	0.5247370770349176	0.2761050738344444	0.8468551923924951	False	False	-0.38021587346513536	1.7353405433314704	7
329	protein complex	CPX-607	interlogous PPIs		-0.0	Scer YIL062C ARC15--Suva YJR065C ARP3	CPX-607	Arp2/3 complex	0.044188283946733235	0.2308692643168061	-0.6138775136326773	-1.6072869393227658	False	False	-0.38021587346513536	1.7353405433314704	7
330	protein complex	CPX-1671	Suva-intralogous PPIs		-0.0	Suva YEL003W GIM4--Suva YGR078C PAC10	CPX-1671	Prefoldin complex	0.6558459156385974	0.835963796661092	-0.30142490909276515	-0.745693564616552	False	False	-0.5547975016699632	0.5617312621834816	6
331	protein complex	CPX-1671	Suva-intralogous PPIs		-0.0	Suva YJL179W PFD1--Suva YML094W GIM5	CPX-1671	Prefoldin complex	0.7587048604995241	0.6989661906345745	0.1012037072188084	0.3645616972718771	False	False	-0.5547975016699632	0.5617312621834816	6
332	protein complex	CPX-1671	Suva-intralogous PPIs		-0.0	Suva YML094W GIM5--Suva YNL153C GIM3	CPX-1671	Prefoldin complex	0.5922113780706261	0.6261890517970645	-0.06376270578997706	-0.09033599419307776	False	False	-0.5547975016699632	0.5617312621834816	6
333	protein complex	CPX-1671	Suva-intralogous PPIs		-0.0	Suva YLR200W YKE2--Suva YNL153C GIM3	CPX-1671	Prefoldin complex	0.7103109892649565	0.7672026018408915	-0.09560654519480227	-0.17814592330794735	False	False	-0.5547975016699632	0.5617312621834816	6
334	protein complex	CPX-1671	Suva-intralogous PPIs		-0.0	Suva YLR200W YKE2--Suva YML094W GIM5	CPX-1671	Prefoldin complex	0.7242801187788395	0.6193437402857169	0.18651240209206468	0.5998018752689935	False	False	-0.5547975016699632	0.5617312621834816	6
335	protein complex	CPX-1671	Suva-intralogous PPIs		-0.0	Suva YJL179W PFD1--Suva YNL153C GIM3	CPX-1671	Prefoldin complex	0.6931371937441256	0.7280765845941783	-0.06007467285600392	-0.0801661806103471	False	False	-0.5547975016699632	0.5617312621834816	6
336	protein complex	CPX-1671	Suva-intralogous PPIs		-0.0	Suva YJL179W PFD1--Suva YLR200W YKE2	CPX-1671	Prefoldin complex	0.82363890321403	0.8313223087624803	-0.012046915450293459	0.05227117782899205	False	False	-0.5547975016699632	0.5617312621834816	6
337	protein complex	CPX-1671	Suva-intralogous PPIs		-0.0	Suva YEL003W GIM4--Suva YJL179W PFD1	CPX-1671	Prefoldin complex	0.6186582884255881	0.7984343771549317	-0.31018476038662585	-0.7698490036448669	False	False	-0.5547975016699632	0.5617312621834816	6
338	protein complex	CPX-1671	Suva-intralogous PPIs		-0.0	Suva YGR078C PAC10--Suva YNL153C GIM3	CPX-1671	Prefoldin complex	0.5428985949206542	0.7753400653402382	-0.4187899925059633	-1.0693297795860348	False	False	-0.5547975016699632	0.5617312621834816	6
339	protein complex	CPX-1671	Suva-intralogous PPIs		-0.0	Suva YGR078C PAC10--Suva YML094W GIM5	CPX-1671	Prefoldin complex	0.6675389021952113	0.7280512017232357	-0.1051726009878377	-0.2045244849636768	False	False	-0.5547975016699632	0.5617312621834816	6
340	protein complex	CPX-1671	Suva-intralogous PPIs		-0.0	Suva YGR078C PAC10--Suva YJL179W PFD1	CPX-1671	Prefoldin complex	0.6054740840673412	0.8426155161293147	-0.4045043017479796	-1.0299367441901386	False	False	-0.5547975016699632	0.5617312621834816	6
341	protein complex	CPX-1671	Suva-intralogous PPIs		-0.0	Suva YEL003W GIM4--Suva YNL153C GIM3	CPX-1671	Prefoldin complex	0.47122397607005	0.7214990246095654	-0.4772100048895244	-1.2304239579944642	False	False	-0.5547975016699632	0.5617312621834816	6
342	protein complex	CPX-1671	Suva-intralogous PPIs		-0.0	Suva YEL003W GIM4--Suva YML094W GIM5	CPX-1671	Prefoldin complex	0.6930741393578139	0.833881645706782	-0.2321973896908027	-0.5547975016699632	False	False	-0.5547975016699632	0.5617312621834816	6
343	protein complex	CPX-1671	Suva-intralogous PPIs		-0.0	Suva YEL003W GIM4--Suva YLR200W YKE2	CPX-1671	Prefoldin complex	0.5721002367588022	0.7470925207594192	-0.3146931989682203	-0.7822810997635454	False	False	-0.5547975016699632	0.5617312621834816	6
344	protein complex	CPX-1671	Suva-intralogous PPIs		-0.0	Suva YGR078C PAC10--Suva YLR200W YKE2	CPX-1671	Prefoldin complex	0.6431944573710711	0.8931584632721167	-0.4115843592590091	-1.0494601232735823	False	False	-0.5547975016699632	0.5617312621834816	6
345	protein complex	CPX-1793	interlogous PPIs		-0.0	Scer YDR381W YRA1--Suva YDR138W HPR1	CPX-1793	TREX complex	0.11180873466224384	0.17585555551917353	-0.20722040752169926	-0.4859230482508819	False	False	-0.6027374188170483	0.16520046713474915	7
346	protein complex	CPX-1793	interlogous PPIs		-0.0	Scer YDR381W YRA1--Suva YNL139C THO2	CPX-1793	TREX complex	0.1790854686171519	0.2813418138110492	-0.2919447227325366	-0.7195517893832148	False	False	-0.6027374188170483	0.16520046713474915	7
347	protein complex	CPX-607	Suva-intralogous PPIs		-0.0	Suva YJR065C ARP3--Suva YNR035C ARC35	CPX-607	Arp2/3 complex	0.22924040131507994	0.3320958300340482	-0.27462449904743325	-0.6717909777955219	False	False	-0.6717909777955219	0.5233984666432003	7
348	protein complex	CPX-607	Suva-intralogous PPIs		-0.0	Suva YIL062C ARC15--Suva YNR035C ARC35	CPX-607	Arp2/3 complex	0.652017864784195	0.6562234280487886	-0.007584422512181999	0.06457657805380908	False	False	-0.6717909777955219	0.5233984666432003	7
349	protein complex	CPX-607	Suva-intralogous PPIs		-0.0	Suva YIL062C ARC15--Suva YJR065C ARP3	CPX-607	Arp2/3 complex	0.4126555877489369	0.592710546902975	-0.3747672413716491	-0.9479362941019966	False	False	-0.6717909777955219	0.5233984666432003	7
350	protein complex	CPX-1323	Suva-intralogous PPIs		-0.0	Suva YDL126C CDC48--Suva YEL037C RAD23	CPX-1323	"CDC48-RAD23-UFD2
complex"	0.1793033905941782	0.2554852785167857	-0.2212338047720701	-0.5245652296653227	False	False	-0.689637592213032	0.3785999887385024	3
351	protein complex	CPX-1323	Suva-intralogous PPIs		-0.0	Suva YDL190C UFD2--Suva YEL037C RAD23	CPX-1323	"CDC48-RAD23-UFD2
complex"	0.2611970076585286	0.3712647209375735	-0.28109648608989624	-0.689637592213032	False	False	-0.689637592213032	0.3785999887385024	3
352	protein complex	CPX-1323	Suva-intralogous PPIs		-0.0	Suva YDL126C CDC48--Suva YDL190C UFD2	CPX-1323	"CDC48-RAD23-UFD2
complex"	0.023207181430055623	0.15994545283817707	-0.483251538944415	-1.2470835909727862	False	False	-0.689637592213032	0.3785999887385024	3
353	protein complex	CPX-554	Suva-intralogous PPIs		-0.0	Suva YGR240C PFK1--Suva YMR205C PFK2	CPX-554	"6-phosphofructokinase
complex"	0.2907414790954275	0.4102279173724208	-0.2928984444328434	-0.7221816932033731	False	False	-0.7221816932033731		2
354	protein complex	CPX-427	Suva-intralogous PPIs		-0.0	Suva YJR007W SUI2--Suva YPL237W SUI3	CPX-427	"Eukaryotic
translation initiation factor 2
complex"	0.07162146825819947	0.16049607391659015	-0.3007873238701084	-0.7439354125138978	False	False	-0.7439354125138978		3
355	protein complex	CPX-1103	Scer-intralogous PPIs		-0.0	Scer YGR180C RNR4--Scer YJL026W RNR2	CPX-1103	"Ribonucleoside-diphosphate
reductase variant 2"	0.6223802761390633	0.7974092134085622	-0.3016271774676357	-0.7462513231026996	False	False	-0.7462513231026996		4
356	protein complex	CPX-1102	Scer-intralogous PPIs		-0.0	Scer YGR180C RNR4--Scer YJL026W RNR2	CPX-1102	"Ribonucleoside-diphosphate
reductase variant 1"	0.6223802761390633	0.7974092134085622	-0.3016271774676357	-0.7462513231026996	False	False	-0.7462513231026996		3
357	protein complex	CPX-1323	interlogous PPIs	low	3.4739641517189535	Scer YDL126C CDC48--Suva YDL190C UFD2	CPX-1323	"CDC48-RAD23-UFD2
complex"	0.0	0.157711806223943	-0.5706255233201619	-1.4880188399225565	False	False	-1.4154723044594235	0.8317212700071355	3
358	protein complex	CPX-1323	interlogous PPIs	low	3.4739641517189535	Scer YEL037C RAD23--Suva YDL190C UFD2	CPX-1323	"CDC48-RAD23-UFD2
complex"	0.2250049449142396	0.4298814385973321	-0.5180082339554846	-1.3429257689962912	False	False	-1.4154723044594235	0.8317212700071355	3
359	protein complex	CPX-1323	interlogous PPIs	low	3.4739641517189535	Scer YEL037C RAD23--Suva YDL126C CDC48	CPX-1323	"CDC48-RAD23-UFD2
complex"	0.0	0.3137028568917303	-1.0135999695198996	-2.709528414380576	False	True	-1.4154723044594235	0.8317212700071355	3
360	protein complex	CPX-1323	interlogous PPIs	low	3.4739641517189535	Scer YDL126C CDC48--Suva YEL037C RAD23	CPX-1323	"CDC48-RAD23-UFD2
complex"	0.15422397816664535	0.25310101780347993	-0.2929518629855512	-0.7223289957716049	False	False	-1.4154723044594235	0.8317212700071355	3
361	protein complex	CPX-554	Scer-intralogous PPIs		-0.0	Scer YGR240C PFK1--Scer YMR205C PFK2	CPX-554	"6-phosphofructokinase
complex"	0.18065260329890853	0.4144203257427085	-0.6144998230990646	-1.6090029682675262	False	False	-1.6090029682675262		2
362	protein complex	CPX-1323	Scer-intralogous PPIs	low	3.6259254825281473	Scer YDL126C CDC48--Scer YEL037C RAD23	CPX-1323	"CDC48-RAD23-UFD2
complex"	0.0	0.2869682467754836	-0.9440669303122992	-2.517789875370244	False	True	-2.517789875370244		3
