	gene set type	gene set	comparison type	gene set name	gene set description	gene set size	enrichment type	-log10(P)	interation score ratio hybrid/parent (log2 scale) zscore median
0	protein complex	CPX-1276	within Scer Scer	CPX-1276	HMC complex	7	high	2.9015192827764773	1.1334978080591471
1	protein complex	CPX-1293	between Scer Suva	CPX-1293	Mitochondrial 2-oxoglutarate dehydrogenase complex	4	high	6.817243943285257	2.02705318476494
2	protein complex	CPX-1293	within Scer Scer	CPX-1293	Mitochondrial 2-oxoglutarate dehydrogenase complex	4	high	3.4453929054009755	1.5465094725586594
3	protein complex	CPX-1323	between Scer Suva	CPX-1323	CDC48-RAD23-UFD2 complex	3	low	3.4739641517189535	-1.4154723044594235
4	protein complex	CPX-1323	within Scer Scer	CPX-1323	CDC48-RAD23-UFD2 complex	3	low	3.6259254825281473	-2.517789875370244
5	protein complex	CPX-2262	between Scer Suva	CPX-2262	26S Proteasome complex	33	high	1.3055733849797189	-0.16615617041622846
6	protein complex	CPX-3207	within Scer Scer	CPX-3207	Mitochondrial pyruvate dehydrogenase complex	5	high	3.2235961700475984	1.9929515006548768
7	protein complex	CPX-554	between Scer Suva	CPX-554	6-phosphofructokinase complex	2	high	8.636648718850084	2.8757718997896227
