	gene set type	gene set	comparison type	gene set name	gene set description	gene set size	enrichment type	-log10(P)	interation score ratio hybrid/parent (log2 scale) zscore median
0	Biological process	P GO:0000027	within Scer Scer	GO:0000027	ribosomal large subunit assembly	22	low	10.793228508596926	0.11710969470402595
1	Biological process	P GO:0000027	within Suva Suva	GO:0000027	ribosomal large subunit assembly	22	high	2.1772085751874553	0.11121642320730303
2	Biological process	P GO:0000055	within Scer Scer	GO:0000055	ribosomal large subunit export from nucleus	12	high	2.404778353023836	2.318256229063252
3	Biological process	P GO:0000162	between Scer Suva	GO:0000162	tryptophan biosynthetic process	4	low	3.173007210480133	-2.143585261671152
4	Biological process	P GO:0000470	within Scer Scer	GO:0000470	maturation of LSU-rRNA	14	high	2.265605239746189	0.2020391748756012
5	Biological process	P GO:0000947	between Scer Suva	GO:0000947	amino acid catabolic process to alcohol via Ehrlich pathway	6	low	2.775285719402579	-0.6551975310314384
6	Biological process	P GO:0006099	within Scer Scer	GO:0006099	tricarboxylic acid cycle	9	low	2.547309349861832	-1.4888239458182269
7	Biological process	P GO:0006189	between Scer Suva	GO:0006189	'de novo' IMP biosynthetic process	7	low	2.6293033417327307	0.6394391198884547
8	Biological process	P GO:0006207	between Scer Suva	GO:0006207	'de novo' pyrimidine nucleobase biosynthetic process	7	high	2.6954558542574856	0.8619043500256793
9	Biological process	P GO:0006400	within Scer Scer	GO:0006400	tRNA modification	4	low	3.324947106271323	-2.2869594536592657
10	Biological process	P GO:0006457	between Scer Suva	GO:0006457	protein folding	27	high	3.2553448714460758	-0.017383138741198782
11	Biological process	P GO:0006508	within Scer Scer	GO:0006508	proteolysis	14	low	2.1455115608748527	-0.30251469588572755
12	Biological process	P GO:0006606	between Scer Suva	GO:0006606	protein import into nucleus	35	high	2.8034322279590653	-0.030848810055656
13	Biological process	P GO:0006696	between Scer Suva	GO:0006696	ergosterol biosynthetic process	20	low	3.6529148362840087	-0.06907313431385471
14	Biological process	P GO:0006696	within Scer Scer	GO:0006696	ergosterol biosynthetic process	20	low	1.8274916791651656	-0.8685961137902116
15	Biological process	P GO:0006696	within Suva Suva	GO:0006696	ergosterol biosynthetic process	20	low	4.809872604138165	-1.0287173049671834
16	Biological process	P GO:0006986	between Scer Suva	GO:0006986	response to unfolded protein	10	high	5.035269910715534	1.249320708883163
17	Biological process	P GO:0009073	between Scer Suva	GO:0009073	aromatic amino acid family biosynthetic process	3	low	3.4739641517189535	-1.3531375736342284
18	Biological process	P GO:0009073	within Scer Scer	GO:0009073	aromatic amino acid family biosynthetic process	3	low	7.632136631847224	-2.2336072970118037
19	Biological process	P GO:0016567	between Scer Suva	GO:0016567	protein ubiquitination	19	high	1.7878041706145682	1.2607841626005911
20	Biological process	P GO:0031505	between Scer Suva	GO:0031505	fungal-type cell wall organization	83	low	2.158825049492734	-0.3137256819876757
21	Biological process	P GO:0034599	between Scer Suva	GO:0034599	cellular response to oxidative stress	37	low	2.5780150612492085	-0.35183363565721026
22	Biological process	P GO:0034599	within Suva Suva	GO:0034599	cellular response to oxidative stress	37	high	1.7200666390703203	0.04201728646426461
23	Biological process	P GO:0042026	within Scer Scer	GO:0042026	protein refolding	23	low	1.7042007110940665	0.08549075221180986
24	Biological process	P GO:0042026	within Suva Suva	GO:0042026	protein refolding	23	low	2.1301358361299725	-0.0405802687662067
25	Biological process	P GO:0043161	between Scer Suva	GO:0043161	proteasome-mediated ubiquitin-dependent protein catabolic process	34	low	10.09993967578653	0.08549075221180986
26	Biological process	P GO:0043171	within Scer Scer	GO:0043171	peptide catabolic process	3	low	3.6259254825281473	-2.2994783069425937
27	Biological process	P GO:0045454	within Scer Scer	GO:0045454	cell redox homeostasis	11	low	5.031625641927851	-2.579637664202263
28	Biological process	P GO:0045454	within Suva Suva	GO:0045454	cell redox homeostasis	11	high	2.7993556737350604	0.06375401933803722
