{"colx": "subset", "coly": "protein dosage balance", "colhue": "interaction type", "metricsby": "xs", "xs": ["complex", "not in complex"], "alternative": "two-sided", "hues": ["Scer-intralogous\nPPIs in parent\n(P<1e-02)", "Suva-intralogous\nPPIs in parent\n(P<1e-04)", "Scer-intralogous\nPPIs in hybrid\n(P=9e-02)", "Suva-intralogous\nPPIs in hybrid\n(P<1e-04)", "interlogous PPIs\n(P<1e-02)"], "linestyles": ["-", "-", "-", "-", "--"], "palette": {"Scer-intralogous\nPPIs in parent\n(P<1e-02)": "#dc9f4e", "Suva-intralogous\nPPIs in parent\n(P<1e-04)": "#53a9cb", "Scer-intralogous\nPPIs in hybrid\n(P=9e-02)": "#a9975b", "Suva-intralogous\nPPIs in hybrid\n(P<1e-04)": "#599ba0", "interlogous PPIs\n(P<1e-02)": "#428774"}}