	interaction type	"protein dosage balance
(qbin mid-point)"	interaction score mean	interaction score confidence_interval_95
0	between hybrid Scer Suva	0.462	0.2242453464550558	0.00266774818292828
1	between hybrid Scer Suva	0.7240000000000001	0.21640150092082253	0.002747856146376518
2	between hybrid Scer Suva	0.826	0.22363795371535605	0.002875622013050218
3	between hybrid Scer Suva	0.902	0.22505232650781587	0.0029047362219384275
4	between hybrid Scer Suva	0.968	0.23029013773427684	0.0029324291160567877
