{"colx": "subset", "coly": "protein dosage balance", "colhue": "interaction type", "metricsby": "xs", "xs": ["complex", "not in complex"], "alternative": "two-sided", "hues": ["Scer-intralogous\nPPIs in parent\n(P=4e-02)", "Suva-intralogous\nPPIs in parent\n(P<1e-03)", "Scer-intralogous\nPPIs in hybrid\n(P=2e-01)", "Suva-intralogous\nPPIs in hybrid\n(P<0.025)", "interlogous PPIs\n(P=2e-01)"], "linestyles": ["-", "-", "-", "-", "--"], "palette": {"Scer-intralogous\nPPIs in parent\n(P=4e-02)": "#dc9f4e", "Suva-intralogous\nPPIs in parent\n(P<1e-03)": "#53a9cb", "Scer-intralogous\nPPIs in hybrid\n(P=2e-01)": "#a9975b", "Suva-intralogous\nPPIs in hybrid\n(P<0.025)": "#599ba0", "interlogous PPIs\n(P=2e-01)": "#428774"}}