	interaction type	"protein dosage balance
(qbin mid-point)"	interaction score mean	interaction score confidence_interval_95
0	within parent Scer Scer	0.605	0.19942178645917946	0.0033315854992871387
1	within parent Scer Scer	0.782	0.21605166784914692	0.0035048648858797423
2	within parent Scer Scer	0.856	0.22633099151409924	0.003619774007075011
3	within parent Scer Scer	0.9179999999999999	0.2409822621563621	0.003750953677063326
4	within parent Scer Scer	0.972	0.2410983484949639	0.003746070607766737
