{"label2xy": {"within hybrid Scer Scer": [0.0, 0.0], "within parent Scer Scer": [0.0, 0.5], "within hybrid Suva Suva": [0.3333333333333333, 0.0], "within parent Suva Suva": [0.3333333333333333, 0.5]}, "colval": "$r_{s}$", "line_scale": 40, "legend_title": "", "label2rename": {"within hybrid Scer Scer": "\nhybrid", "within hybrid Suva Suva": "\nhybrid", "within parent Scer Scer": "\nScer", "within parent Suva Suva": "\nSuva"}, "element2color": {"Scer": "#dc9f4e", "Scer alt": "#F3DFC4", "Suva": "#53a9cb", "Suva alt": "#c6e2ee", "between hybrid Scer Suva": "#428774", "between parent Scer Suva": "#c0c0c0", "hybrid": "#428774", "hybrid alt": "#C0D7D1", "neutral": "#d24043", "parent": "#d97e47", "within hybrid Scer Scer": "#a9975b", "within hybrid Suva Suva": "#599ba0", "within parent Scer Scer": "#dc9f4e", "within parent Suva Suva": "#53a9cb"}, "xoff": 0.075, "yoff": 0.075, "label2loc": {"parents": {"xy": [0, 0.55], "width": 0.67, "height": 0.4, "edgecolor": "#d97e47", "alpha": 0.4, "zorder": -1, "facecolor": [0.9254901960784314, 0.7470588235294118, 0.6392156862745098], "lw": 2}, "hybrid": {"xy": [0, 0.05], "width": 0.67, "height": 0.45, "edgecolor": "#428774", "alpha": 0.4, "zorder": -1, "facecolor": [0.5930640913081651, 0.8010535557506584, 0.7437810945273632], "lw": 2}, "intralogous PPIs": {"xy": [0.05, 0.0], "width": 0.58, "height": 1, "edgecolor": "k", "alpha": 0.4, "zorder": -1, "facecolor": [0.5, 0.5, 0.5], "lw": 2}}, "params_legend": {"ncol": 3, "frameon": false, "bbox_to_anchor": [0.35, 0.0], "loc": "upper center"}, "params_line": {"linestyle": "-", "alpha": 1, "annot": true}}