	species1 type	complex id	species name interaction id	species2 type	interaction id	interaction score	species1 name	species2 name	species name interactor1	species name interactor2	species type interactor1	species type interactor2	species type interactor interactor1	protein abundance (log10 scale) interactor1	species type interactor interactor2	protein abundance (log10 scale) interactor2
0	hybrid	CPX-2262	Scer YDR363W-A SEM1--Scer YFR004W RPN11	hybrid	YDR363W-A SEM1--YFR004W RPN11	0.2441491508197952	Scer	Scer	Scer YDR363W-A SEM1	Scer YFR004W RPN11	hybrid Scer YDR363W-A SEM1	hybrid Scer YFR004W RPN11	hybrid Scer YDR363W-A SEM1	0.3924621347451496	hybrid Scer YFR004W RPN11	1.1493696028731122
1	hybrid	CPX-2262	Scer YDR363W-A SEM1--Scer YGR135W PRE9	hybrid	YDR363W-A SEM1--YGR135W PRE9		Scer	Scer	Scer YDR363W-A SEM1	Scer YGR135W PRE9	hybrid Scer YDR363W-A SEM1	hybrid Scer YGR135W PRE9	hybrid Scer YDR363W-A SEM1	0.3924621347451496	hybrid Scer YGR135W PRE9	0.994998889094787
2	hybrid	CPX-2262	Scer YDR363W-A SEM1--Scer YHR027C RPN1	hybrid	YDR363W-A SEM1--YHR027C RPN1	0.6560168824520562	Scer	Scer	Scer YDR363W-A SEM1	Scer YHR027C RPN1	hybrid Scer YDR363W-A SEM1	hybrid Scer YHR027C RPN1	hybrid Scer YDR363W-A SEM1	0.3924621347451496	hybrid Scer YHR027C RPN1	1.0750804435085548
3	hybrid	CPX-2262	Scer YDR363W-A SEM1--Scer YML092C PRE8	hybrid	YDR363W-A SEM1--YML092C PRE8	0.1269607140685196	Scer	Scer	Scer YDR363W-A SEM1	Scer YML092C PRE8	hybrid Scer YDR363W-A SEM1	hybrid Scer YML092C PRE8	hybrid Scer YDR363W-A SEM1	0.3924621347451496	hybrid Scer YML092C PRE8	0.3924621347451496
4	hybrid	CPX-2262	Scer YDR363W-A SEM1--Scer YMR314W PRE5	hybrid	YDR363W-A SEM1--YMR314W PRE5	0.1269607140685196	Scer	Scer	Scer YDR363W-A SEM1	Scer YMR314W PRE5	hybrid Scer YDR363W-A SEM1	hybrid Scer YMR314W PRE5	hybrid Scer YDR363W-A SEM1	0.3924621347451496	hybrid Scer YMR314W PRE5	0.822790870047304
5	hybrid	CPX-2262	Scer YDR363W-A SEM1--Scer YFR052W RPN12	hybrid	YDR363W-A SEM1--YFR052W RPN12		Scer	Scer	Scer YDR363W-A SEM1	Scer YFR052W RPN12	hybrid Scer YDR363W-A SEM1	hybrid Scer YFR052W RPN12	hybrid Scer YDR363W-A SEM1	0.3924621347451496	hybrid Scer YFR052W RPN12	0.3924621347451496
6	hybrid	CPX-2262	Scer YDR363W-A SEM1--Scer YOR362C PRE10	hybrid	YDR363W-A SEM1--YOR362C PRE10		Scer	Scer	Scer YDR363W-A SEM1	Scer YOR362C PRE10	hybrid Scer YDR363W-A SEM1	hybrid Scer YOR362C PRE10	hybrid Scer YDR363W-A SEM1	0.3924621347451496		
7	hybrid	CPX-2262	Scer YDR363W-A SEM1--Scer YPR108W RPN7	hybrid	YDR363W-A SEM1--YPR108W RPN7	0.06638065192891107	Scer	Scer	Scer YDR363W-A SEM1	Scer YPR108W RPN7	hybrid Scer YDR363W-A SEM1	hybrid Scer YPR108W RPN7	hybrid Scer YDR363W-A SEM1	0.3924621347451496	hybrid Scer YPR108W RPN7	0.3924621347451496
8	hybrid	CPX-2262	Scer YDR363W-A SEM1--Suva YDR363W-A SEM1	hybrid	YDR363W-A SEM1--YDR363W-A SEM1		Scer	Suva	Scer YDR363W-A SEM1	Suva YDR363W-A SEM1	hybrid Scer YDR363W-A SEM1	hybrid Suva YDR363W-A SEM1	hybrid Scer YDR363W-A SEM1	0.3924621347451496	hybrid Suva YDR363W-A SEM1	0.5886932021177245
9	hybrid	CPX-2262	Scer YDR363W-A SEM1--Suva YFR004W RPN11	hybrid	YDR363W-A SEM1--YFR004W RPN11		Scer	Suva	Scer YDR363W-A SEM1	Suva YFR004W RPN11	hybrid Scer YDR363W-A SEM1	hybrid Suva YFR004W RPN11	hybrid Scer YDR363W-A SEM1	0.3924621347451496		
10	hybrid	CPX-2262	Scer YDR363W-A SEM1--Suva YGR135W PRE9	hybrid	YDR363W-A SEM1--YGR135W PRE9	0.05462408617437065	Scer	Suva	Scer YDR363W-A SEM1	Suva YGR135W PRE9	hybrid Scer YDR363W-A SEM1	hybrid Suva YGR135W PRE9	hybrid Scer YDR363W-A SEM1	0.3924621347451496	hybrid Suva YGR135W PRE9	1.0420759389696164
11	hybrid	CPX-2262	Scer YDR363W-A SEM1--Suva YHR027C RPN1	hybrid	YDR363W-A SEM1--YHR027C RPN1	0.6662508508835235	Scer	Suva	Scer YDR363W-A SEM1	Suva YHR027C RPN1	hybrid Scer YDR363W-A SEM1	hybrid Suva YHR027C RPN1	hybrid Scer YDR363W-A SEM1	0.3924621347451496	hybrid Suva YHR027C RPN1	1.1131764354629223
12	hybrid	CPX-2262	Scer YDR363W-A SEM1--Suva YML092C PRE8	hybrid	YDR363W-A SEM1--YML092C PRE8	0.07031793078081583	Scer	Suva	Scer YDR363W-A SEM1	Suva YML092C PRE8	hybrid Scer YDR363W-A SEM1	hybrid Suva YML092C PRE8	hybrid Scer YDR363W-A SEM1	0.3924621347451496	hybrid Suva YML092C PRE8	1.2277389084881578
13	hybrid	CPX-2262	Scer YDR363W-A SEM1--Suva YMR314W PRE5	hybrid	YDR363W-A SEM1--YMR314W PRE5	0.06430763433060216	Scer	Suva	Scer YDR363W-A SEM1	Suva YMR314W PRE5	hybrid Scer YDR363W-A SEM1	hybrid Suva YMR314W PRE5	hybrid Scer YDR363W-A SEM1	0.3924621347451496	hybrid Suva YMR314W PRE5	0.8306244335033693
14	hybrid	CPX-2262	Scer YDR363W-A SEM1--Suva YFR052W RPN12	hybrid	YDR363W-A SEM1--YFR052W RPN12	0.1269607140685196	Scer	Suva	Scer YDR363W-A SEM1	Suva YFR052W RPN12	hybrid Scer YDR363W-A SEM1	hybrid Suva YFR052W RPN12	hybrid Scer YDR363W-A SEM1	0.3924621347451496	hybrid Suva YFR052W RPN12	1.0608307493628768
15	hybrid	CPX-2262	Scer YDR363W-A SEM1--Suva YOR362C PRE10	hybrid	YDR363W-A SEM1--YOR362C PRE10	0.10738240403551412	Scer	Suva	Scer YDR363W-A SEM1	Suva YOR362C PRE10	hybrid Scer YDR363W-A SEM1	hybrid Suva YOR362C PRE10	hybrid Scer YDR363W-A SEM1	0.3924621347451496	hybrid Suva YOR362C PRE10	0.9239370816543524
16	hybrid	CPX-2262	Scer YDR363W-A SEM1--Suva YPR108W RPN7	hybrid	YDR363W-A SEM1--YPR108W RPN7		Scer	Suva	Scer YDR363W-A SEM1	Suva YPR108W RPN7	hybrid Scer YDR363W-A SEM1	hybrid Suva YPR108W RPN7	hybrid Scer YDR363W-A SEM1	0.3924621347451496		
17	hybrid	CPX-2262	Scer YFR004W RPN11--Scer YGR135W PRE9	hybrid	YFR004W RPN11--YGR135W PRE9	0.049722555953396363	Scer	Scer	Scer YFR004W RPN11	Scer YGR135W PRE9	hybrid Scer YFR004W RPN11	hybrid Scer YGR135W PRE9	hybrid Scer YFR004W RPN11	1.1493696028731122	hybrid Scer YGR135W PRE9	0.994998889094787
18	hybrid	CPX-2262	Scer YFR004W RPN11--Scer YHR027C RPN1	hybrid	YFR004W RPN11--YHR027C RPN1	0.3019288057254833	Scer	Scer	Scer YFR004W RPN11	Scer YHR027C RPN1	hybrid Scer YFR004W RPN11	hybrid Scer YHR027C RPN1	hybrid Scer YFR004W RPN11	1.1493696028731122	hybrid Scer YHR027C RPN1	1.0750804435085548
19	hybrid	CPX-2262	Scer YFR004W RPN11--Scer YML092C PRE8	hybrid	YFR004W RPN11--YML092C PRE8	0.17853548724117466	Scer	Scer	Scer YFR004W RPN11	Scer YML092C PRE8	hybrid Scer YFR004W RPN11	hybrid Scer YML092C PRE8	hybrid Scer YFR004W RPN11	1.1493696028731122	hybrid Scer YML092C PRE8	0.3924621347451496
20	hybrid	CPX-2262	Scer YFR004W RPN11--Scer YMR314W PRE5	hybrid	YFR004W RPN11--YMR314W PRE5	0.17853548724117466	Scer	Scer	Scer YFR004W RPN11	Scer YMR314W PRE5	hybrid Scer YFR004W RPN11	hybrid Scer YMR314W PRE5	hybrid Scer YFR004W RPN11	1.1493696028731122	hybrid Scer YMR314W PRE5	0.822790870047304
21	hybrid	CPX-2262	Scer YFR004W RPN11--Scer YFR052W RPN12	hybrid	YFR004W RPN11--YFR052W RPN12		Scer	Scer	Scer YFR004W RPN11	Scer YFR052W RPN12	hybrid Scer YFR004W RPN11	hybrid Scer YFR052W RPN12	hybrid Scer YFR004W RPN11	1.1493696028731122	hybrid Scer YFR052W RPN12	0.3924621347451496
22	hybrid	CPX-2262	Scer YFR004W RPN11--Scer YOR362C PRE10	hybrid	YFR004W RPN11--YOR362C PRE10		Scer	Scer	Scer YFR004W RPN11	Scer YOR362C PRE10	hybrid Scer YFR004W RPN11	hybrid Scer YOR362C PRE10	hybrid Scer YFR004W RPN11	1.1493696028731122		
23	hybrid	CPX-2262	Scer YFR004W RPN11--Scer YPR108W RPN7	hybrid	YFR004W RPN11--YPR108W RPN7	0.4319575866159049	Scer	Scer	Scer YFR004W RPN11	Scer YPR108W RPN7	hybrid Scer YFR004W RPN11	hybrid Scer YPR108W RPN7	hybrid Scer YFR004W RPN11	1.1493696028731122	hybrid Scer YPR108W RPN7	0.3924621347451496
24	hybrid	CPX-2262	Scer YFR004W RPN11--Suva YDR363W-A SEM1	hybrid	YDR363W-A SEM1--YFR004W RPN11	0.448669690891804	Scer	Suva	Scer YFR004W RPN11	Suva YDR363W-A SEM1	hybrid Scer YFR004W RPN11	hybrid Suva YDR363W-A SEM1	hybrid Scer YFR004W RPN11	1.1493696028731122	hybrid Suva YDR363W-A SEM1	0.5886932021177245
25	hybrid	CPX-2262	Scer YFR004W RPN11--Suva YFR004W RPN11	hybrid	YFR004W RPN11--YFR004W RPN11		Scer	Suva	Scer YFR004W RPN11	Suva YFR004W RPN11	hybrid Scer YFR004W RPN11	hybrid Suva YFR004W RPN11	hybrid Scer YFR004W RPN11	1.1493696028731122		
26	hybrid	CPX-2262	Scer YFR004W RPN11--Suva YGR135W PRE9	hybrid	YFR004W RPN11--YGR135W PRE9	0.09989020846773287	Scer	Suva	Scer YFR004W RPN11	Suva YGR135W PRE9	hybrid Scer YFR004W RPN11	hybrid Suva YGR135W PRE9	hybrid Scer YFR004W RPN11	1.1493696028731122	hybrid Suva YGR135W PRE9	1.0420759389696164
27	hybrid	CPX-2262	Scer YFR004W RPN11--Suva YHR027C RPN1	hybrid	YFR004W RPN11--YHR027C RPN1	0.2947855330865242	Scer	Suva	Scer YFR004W RPN11	Suva YHR027C RPN1	hybrid Scer YFR004W RPN11	hybrid Suva YHR027C RPN1	hybrid Scer YFR004W RPN11	1.1493696028731122	hybrid Suva YHR027C RPN1	1.1131764354629223
28	hybrid	CPX-2262	Scer YFR004W RPN11--Suva YML092C PRE8	hybrid	YFR004W RPN11--YML092C PRE8	0.11857212389781502	Scer	Suva	Scer YFR004W RPN11	Suva YML092C PRE8	hybrid Scer YFR004W RPN11	hybrid Suva YML092C PRE8	hybrid Scer YFR004W RPN11	1.1493696028731122	hybrid Suva YML092C PRE8	1.2277389084881578
29	hybrid	CPX-2262	Scer YFR004W RPN11--Suva YMR314W PRE5	hybrid	YFR004W RPN11--YMR314W PRE5	0.1122350794752367	Scer	Suva	Scer YFR004W RPN11	Suva YMR314W PRE5	hybrid Scer YFR004W RPN11	hybrid Suva YMR314W PRE5	hybrid Scer YFR004W RPN11	1.1493696028731122	hybrid Suva YMR314W PRE5	0.8306244335033693
30	hybrid	CPX-2262	Scer YFR004W RPN11--Suva YFR052W RPN12	hybrid	YFR004W RPN11--YFR052W RPN12	0.17853548724117466	Scer	Suva	Scer YFR004W RPN11	Suva YFR052W RPN12	hybrid Scer YFR004W RPN11	hybrid Suva YFR052W RPN12	hybrid Scer YFR004W RPN11	1.1493696028731122	hybrid Suva YFR052W RPN12	1.0608307493628768
31	hybrid	CPX-2262	Scer YFR004W RPN11--Suva YOR362C PRE10	hybrid	YFR004W RPN11--YOR362C PRE10	0.1577574437445214	Scer	Suva	Scer YFR004W RPN11	Suva YOR362C PRE10	hybrid Scer YFR004W RPN11	hybrid Suva YOR362C PRE10	hybrid Scer YFR004W RPN11	1.1493696028731122	hybrid Suva YOR362C PRE10	0.9239370816543524
32	hybrid	CPX-2262	Scer YFR004W RPN11--Suva YPR108W RPN7	hybrid	YFR004W RPN11--YPR108W RPN7		Scer	Suva	Scer YFR004W RPN11	Suva YPR108W RPN7	hybrid Scer YFR004W RPN11	hybrid Suva YPR108W RPN7	hybrid Scer YFR004W RPN11	1.1493696028731122		
33	hybrid	CPX-2262	Scer YGR135W PRE9--Scer YHR027C RPN1	hybrid	YGR135W PRE9--YHR027C RPN1	0.08208907891495609	Scer	Scer	Scer YGR135W PRE9	Scer YHR027C RPN1	hybrid Scer YGR135W PRE9	hybrid Scer YHR027C RPN1	hybrid Scer YGR135W PRE9	0.994998889094787	hybrid Scer YHR027C RPN1	1.0750804435085548
34	hybrid	CPX-2262	Scer YGR135W PRE9--Scer YML092C PRE8	hybrid	YGR135W PRE9--YML092C PRE8	0.6739988026260232	Scer	Scer	Scer YGR135W PRE9	Scer YML092C PRE8	hybrid Scer YGR135W PRE9	hybrid Scer YML092C PRE8	hybrid Scer YGR135W PRE9	0.994998889094787	hybrid Scer YML092C PRE8	0.3924621347451496
35	hybrid	CPX-2262	Scer YGR135W PRE9--Scer YMR314W PRE5	hybrid	YGR135W PRE9--YMR314W PRE5	0.6739988026260232	Scer	Scer	Scer YGR135W PRE9	Scer YMR314W PRE5	hybrid Scer YGR135W PRE9	hybrid Scer YMR314W PRE5	hybrid Scer YGR135W PRE9	0.994998889094787	hybrid Scer YMR314W PRE5	0.822790870047304
36	hybrid	CPX-2262	Scer YFR052W RPN12--Scer YGR135W PRE9	hybrid	YFR052W RPN12--YGR135W PRE9		Scer	Scer	Scer YFR052W RPN12	Scer YGR135W PRE9	hybrid Scer YFR052W RPN12	hybrid Scer YGR135W PRE9	hybrid Scer YFR052W RPN12	0.3924621347451496	hybrid Scer YGR135W PRE9	0.994998889094787
37	hybrid	CPX-2262	Scer YGR135W PRE9--Scer YOR362C PRE10	hybrid	YGR135W PRE9--YOR362C PRE10		Scer	Scer	Scer YGR135W PRE9	Scer YOR362C PRE10	hybrid Scer YGR135W PRE9	hybrid Scer YOR362C PRE10	hybrid Scer YGR135W PRE9	0.994998889094787		
38	hybrid	CPX-2262	Scer YGR135W PRE9--Scer YPR108W RPN7	hybrid	YGR135W PRE9--YPR108W RPN7	0.14087078539948186	Scer	Scer	Scer YGR135W PRE9	Scer YPR108W RPN7	hybrid Scer YGR135W PRE9	hybrid Scer YPR108W RPN7	hybrid Scer YGR135W PRE9	0.994998889094787	hybrid Scer YPR108W RPN7	0.3924621347451496
39	hybrid	CPX-2262	Scer YGR135W PRE9--Suva YDR363W-A SEM1	hybrid	YDR363W-A SEM1--YGR135W PRE9	0.22666184837399286	Scer	Suva	Scer YGR135W PRE9	Suva YDR363W-A SEM1	hybrid Scer YGR135W PRE9	hybrid Suva YDR363W-A SEM1	hybrid Scer YGR135W PRE9	0.994998889094787	hybrid Suva YDR363W-A SEM1	0.5886932021177245
40	hybrid	CPX-2262	Scer YGR135W PRE9--Suva YFR004W RPN11	hybrid	YFR004W RPN11--YGR135W PRE9		Scer	Suva	Scer YGR135W PRE9	Suva YFR004W RPN11	hybrid Scer YGR135W PRE9	hybrid Suva YFR004W RPN11	hybrid Scer YGR135W PRE9	0.994998889094787		
41	hybrid	CPX-2262	Scer YGR135W PRE9--Suva YGR135W PRE9	hybrid	YGR135W PRE9--YGR135W PRE9		Scer	Suva	Scer YGR135W PRE9	Suva YGR135W PRE9	hybrid Scer YGR135W PRE9	hybrid Suva YGR135W PRE9	hybrid Scer YGR135W PRE9	0.994998889094787	hybrid Suva YGR135W PRE9	1.0420759389696164
42	hybrid	CPX-2262	Scer YGR135W PRE9--Suva YHR027C RPN1	hybrid	YGR135W PRE9--YHR027C RPN1	0.1910815563512428	Scer	Suva	Scer YGR135W PRE9	Suva YHR027C RPN1	hybrid Scer YGR135W PRE9	hybrid Suva YHR027C RPN1	hybrid Scer YGR135W PRE9	0.994998889094787	hybrid Suva YHR027C RPN1	1.1131764354629223
43	hybrid	CPX-2262	Scer YGR135W PRE9--Suva YML092C PRE8	hybrid	YGR135W PRE9--YML092C PRE8	0.7789313922106111	Scer	Suva	Scer YGR135W PRE9	Suva YML092C PRE8	hybrid Scer YGR135W PRE9	hybrid Suva YML092C PRE8	hybrid Scer YGR135W PRE9	0.994998889094787	hybrid Suva YML092C PRE8	1.2277389084881578
44	hybrid	CPX-2262	Scer YGR135W PRE9--Suva YMR314W PRE5	hybrid	YGR135W PRE9--YMR314W PRE5	0.6715612994962149	Scer	Suva	Scer YGR135W PRE9	Suva YMR314W PRE5	hybrid Scer YGR135W PRE9	hybrid Suva YMR314W PRE5	hybrid Scer YGR135W PRE9	0.994998889094787	hybrid Suva YMR314W PRE5	0.8306244335033693
45	hybrid	CPX-2262	Scer YGR135W PRE9--Suva YFR052W RPN12	hybrid	YFR052W RPN12--YGR135W PRE9	0.20712200492940447	Scer	Suva	Scer YGR135W PRE9	Suva YFR052W RPN12	hybrid Scer YGR135W PRE9	hybrid Suva YFR052W RPN12	hybrid Scer YGR135W PRE9	0.994998889094787	hybrid Suva YFR052W RPN12	1.0608307493628768
46	hybrid	CPX-2262	Scer YGR135W PRE9--Suva YOR362C PRE10	hybrid	YGR135W PRE9--YOR362C PRE10	0.6282475686402196	Scer	Suva	Scer YGR135W PRE9	Suva YOR362C PRE10	hybrid Scer YGR135W PRE9	hybrid Suva YOR362C PRE10	hybrid Scer YGR135W PRE9	0.994998889094787	hybrid Suva YOR362C PRE10	0.9239370816543524
47	hybrid	CPX-2262	Scer YGR135W PRE9--Suva YPR108W RPN7	hybrid	YGR135W PRE9--YPR108W RPN7		Scer	Suva	Scer YGR135W PRE9	Suva YPR108W RPN7	hybrid Scer YGR135W PRE9	hybrid Suva YPR108W RPN7	hybrid Scer YGR135W PRE9	0.994998889094787		
48	hybrid	CPX-2262	Scer YHR027C RPN1--Scer YML092C PRE8	hybrid	YHR027C RPN1--YML092C PRE8	0.2317119415702814	Scer	Scer	Scer YHR027C RPN1	Scer YML092C PRE8	hybrid Scer YHR027C RPN1	hybrid Scer YML092C PRE8	hybrid Scer YHR027C RPN1	1.0750804435085548	hybrid Scer YML092C PRE8	0.3924621347451496
49	hybrid	CPX-2262	Scer YHR027C RPN1--Scer YMR314W PRE5	hybrid	YHR027C RPN1--YMR314W PRE5	0.2317119415702814	Scer	Scer	Scer YHR027C RPN1	Scer YMR314W PRE5	hybrid Scer YHR027C RPN1	hybrid Scer YMR314W PRE5	hybrid Scer YHR027C RPN1	1.0750804435085548	hybrid Scer YMR314W PRE5	0.822790870047304
50	hybrid	CPX-2262	Scer YFR052W RPN12--Scer YHR027C RPN1	hybrid	YFR052W RPN12--YHR027C RPN1		Scer	Scer	Scer YFR052W RPN12	Scer YHR027C RPN1	hybrid Scer YFR052W RPN12	hybrid Scer YHR027C RPN1	hybrid Scer YFR052W RPN12	0.3924621347451496	hybrid Scer YHR027C RPN1	1.0750804435085548
51	hybrid	CPX-2262	Scer YHR027C RPN1--Scer YOR362C PRE10	hybrid	YHR027C RPN1--YOR362C PRE10		Scer	Scer	Scer YHR027C RPN1	Scer YOR362C PRE10	hybrid Scer YHR027C RPN1	hybrid Scer YOR362C PRE10	hybrid Scer YHR027C RPN1	1.0750804435085548		
52	hybrid	CPX-2262	Scer YHR027C RPN1--Scer YPR108W RPN7	hybrid	YHR027C RPN1--YPR108W RPN7	0.163510888870248	Scer	Scer	Scer YHR027C RPN1	Scer YPR108W RPN7	hybrid Scer YHR027C RPN1	hybrid Scer YPR108W RPN7	hybrid Scer YHR027C RPN1	1.0750804435085548	hybrid Scer YPR108W RPN7	0.3924621347451496
53	hybrid	CPX-2262	Scer YHR027C RPN1--Suva YDR363W-A SEM1	hybrid	YDR363W-A SEM1--YHR027C RPN1	0.2276063818764548	Scer	Suva	Scer YHR027C RPN1	Suva YDR363W-A SEM1	hybrid Scer YHR027C RPN1	hybrid Suva YDR363W-A SEM1	hybrid Scer YHR027C RPN1	1.0750804435085548	hybrid Suva YDR363W-A SEM1	0.5886932021177245
54	hybrid	CPX-2262	Scer YHR027C RPN1--Suva YFR004W RPN11	hybrid	YFR004W RPN11--YHR027C RPN1		Scer	Suva	Scer YHR027C RPN1	Suva YFR004W RPN11	hybrid Scer YHR027C RPN1	hybrid Suva YFR004W RPN11	hybrid Scer YHR027C RPN1	1.0750804435085548		
55	hybrid	CPX-2262	Scer YHR027C RPN1--Suva YGR135W PRE9	hybrid	YGR135W PRE9--YHR027C RPN1	0.1485695539606834	Scer	Suva	Scer YHR027C RPN1	Suva YGR135W PRE9	hybrid Scer YHR027C RPN1	hybrid Suva YGR135W PRE9	hybrid Scer YHR027C RPN1	1.0750804435085548	hybrid Suva YGR135W PRE9	1.0420759389696164
56	hybrid	CPX-2262	Scer YHR027C RPN1--Suva YHR027C RPN1	hybrid	YHR027C RPN1--YHR027C RPN1		Scer	Suva	Scer YHR027C RPN1	Suva YHR027C RPN1	hybrid Scer YHR027C RPN1	hybrid Suva YHR027C RPN1	hybrid Scer YHR027C RPN1	1.0750804435085548	hybrid Suva YHR027C RPN1	1.1131764354629223
57	hybrid	CPX-2262	Scer YHR027C RPN1--Suva YML092C PRE8	hybrid	YHR027C RPN1--YML092C PRE8	0.16790763987786705	Scer	Suva	Scer YHR027C RPN1	Suva YML092C PRE8	hybrid Scer YHR027C RPN1	hybrid Suva YML092C PRE8	hybrid Scer YHR027C RPN1	1.0750804435085548	hybrid Suva YML092C PRE8	1.2277389084881578
58	hybrid	CPX-2262	Scer YHR027C RPN1--Suva YMR314W PRE5	hybrid	YHR027C RPN1--YMR314W PRE5	0.1611977890360854	Scer	Suva	Scer YHR027C RPN1	Suva YMR314W PRE5	hybrid Scer YHR027C RPN1	hybrid Suva YMR314W PRE5	hybrid Scer YHR027C RPN1	1.0750804435085548	hybrid Suva YMR314W PRE5	0.8306244335033693
59	hybrid	CPX-2262	Scer YHR027C RPN1--Suva YFR052W RPN12	hybrid	YFR052W RPN12--YHR027C RPN1	0.2317119415702813	Scer	Suva	Scer YHR027C RPN1	Suva YFR052W RPN12	hybrid Scer YHR027C RPN1	hybrid Suva YFR052W RPN12	hybrid Scer YHR027C RPN1	1.0750804435085548	hybrid Suva YFR052W RPN12	1.0608307493628768
60	hybrid	CPX-2262	Scer YHR027C RPN1--Suva YOR362C PRE10	hybrid	YHR027C RPN1--YOR362C PRE10	0.20953487200802126	Scer	Suva	Scer YHR027C RPN1	Suva YOR362C PRE10	hybrid Scer YHR027C RPN1	hybrid Suva YOR362C PRE10	hybrid Scer YHR027C RPN1	1.0750804435085548	hybrid Suva YOR362C PRE10	0.9239370816543524
61	hybrid	CPX-2262	Scer YHR027C RPN1--Suva YPR108W RPN7	hybrid	YHR027C RPN1--YPR108W RPN7		Scer	Suva	Scer YHR027C RPN1	Suva YPR108W RPN7	hybrid Scer YHR027C RPN1	hybrid Suva YPR108W RPN7	hybrid Scer YHR027C RPN1	1.0750804435085548		
62	hybrid	CPX-2262	Scer YML092C PRE8--Scer YMR314W PRE5	hybrid	YML092C PRE8--YMR314W PRE5	1.0	Scer	Scer	Scer YML092C PRE8	Scer YMR314W PRE5	hybrid Scer YML092C PRE8	hybrid Scer YMR314W PRE5	hybrid Scer YML092C PRE8	0.3924621347451496	hybrid Scer YMR314W PRE5	0.822790870047304
63	hybrid	CPX-2262	Scer YFR052W RPN12--Scer YML092C PRE8	hybrid	YFR052W RPN12--YML092C PRE8		Scer	Scer	Scer YFR052W RPN12	Scer YML092C PRE8	hybrid Scer YFR052W RPN12	hybrid Scer YML092C PRE8	hybrid Scer YFR052W RPN12	0.3924621347451496	hybrid Scer YML092C PRE8	0.3924621347451496
64	hybrid	CPX-2262	Scer YML092C PRE8--Scer YOR362C PRE10	hybrid	YML092C PRE8--YOR362C PRE10		Scer	Scer	Scer YML092C PRE8	Scer YOR362C PRE10	hybrid Scer YML092C PRE8	hybrid Scer YOR362C PRE10	hybrid Scer YML092C PRE8	0.3924621347451496		
65	hybrid	CPX-2262	Scer YML092C PRE8--Scer YPR108W RPN7	hybrid	YML092C PRE8--YPR108W RPN7	0.31413091113290104	Scer	Scer	Scer YML092C PRE8	Scer YPR108W RPN7	hybrid Scer YML092C PRE8	hybrid Scer YPR108W RPN7	hybrid Scer YML092C PRE8	0.3924621347451496	hybrid Scer YPR108W RPN7	0.3924621347451496
66	hybrid	CPX-2262	Scer YML092C PRE8--Suva YDR363W-A SEM1	hybrid	YDR363W-A SEM1--YML092C PRE8	0.35383737409230004	Scer	Suva	Scer YML092C PRE8	Suva YDR363W-A SEM1	hybrid Scer YML092C PRE8	hybrid Suva YDR363W-A SEM1	hybrid Scer YML092C PRE8	0.3924621347451496	hybrid Suva YDR363W-A SEM1	0.5886932021177245
67	hybrid	CPX-2262	Scer YML092C PRE8--Suva YFR004W RPN11	hybrid	YFR004W RPN11--YML092C PRE8		Scer	Suva	Scer YML092C PRE8	Suva YFR004W RPN11	hybrid Scer YML092C PRE8	hybrid Suva YFR004W RPN11	hybrid Scer YML092C PRE8	0.3924621347451496		
68	hybrid	CPX-2262	Scer YML092C PRE8--Suva YGR135W PRE9	hybrid	YGR135W PRE9--YML092C PRE8	0.6298842194514926	Scer	Suva	Scer YML092C PRE8	Suva YGR135W PRE9	hybrid Scer YML092C PRE8	hybrid Suva YGR135W PRE9	hybrid Scer YML092C PRE8	0.3924621347451496	hybrid Suva YGR135W PRE9	1.0420759389696164
69	hybrid	CPX-2262	Scer YML092C PRE8--Suva YHR027C RPN1	hybrid	YHR027C RPN1--YML092C PRE8	0.3692451291135607	Scer	Suva	Scer YML092C PRE8	Suva YHR027C RPN1	hybrid Scer YML092C PRE8	hybrid Suva YHR027C RPN1	hybrid Scer YML092C PRE8	0.3924621347451496	hybrid Suva YHR027C RPN1	1.1131764354629223
70	hybrid	CPX-2262	Scer YML092C PRE8--Suva YML092C PRE8	hybrid	YML092C PRE8--YML092C PRE8		Scer	Suva	Scer YML092C PRE8	Suva YML092C PRE8	hybrid Scer YML092C PRE8	hybrid Suva YML092C PRE8	hybrid Scer YML092C PRE8	0.3924621347451496	hybrid Suva YML092C PRE8	1.2277389084881578
71	hybrid	CPX-2262	Scer YML092C PRE8--Suva YMR314W PRE5	hybrid	YML092C PRE8--YMR314W PRE5	0.9117996117642726	Scer	Suva	Scer YML092C PRE8	Suva YMR314W PRE5	hybrid Scer YML092C PRE8	hybrid Suva YMR314W PRE5	hybrid Scer YML092C PRE8	0.3924621347451496	hybrid Suva YMR314W PRE5	0.8306244335033693
72	hybrid	CPX-2262	Scer YML092C PRE8--Suva YFR052W RPN12	hybrid	YFR052W RPN12--YML092C PRE8	0.39919311359601695	Scer	Suva	Scer YML092C PRE8	Suva YFR052W RPN12	hybrid Scer YML092C PRE8	hybrid Suva YFR052W RPN12	hybrid Scer YML092C PRE8	0.3924621347451496	hybrid Suva YFR052W RPN12	1.0608307493628768
73	hybrid	CPX-2262	Scer YML092C PRE8--Suva YOR362C PRE10	hybrid	YML092C PRE8--YOR362C PRE10	0.8140737300818717	Scer	Suva	Scer YML092C PRE8	Suva YOR362C PRE10	hybrid Scer YML092C PRE8	hybrid Suva YOR362C PRE10	hybrid Scer YML092C PRE8	0.3924621347451496	hybrid Suva YOR362C PRE10	0.9239370816543524
74	hybrid	CPX-2262	Scer YML092C PRE8--Suva YPR108W RPN7	hybrid	YML092C PRE8--YPR108W RPN7		Scer	Suva	Scer YML092C PRE8	Suva YPR108W RPN7	hybrid Scer YML092C PRE8	hybrid Suva YPR108W RPN7	hybrid Scer YML092C PRE8	0.3924621347451496		
75	hybrid	CPX-2262	Scer YFR052W RPN12--Scer YMR314W PRE5	hybrid	YFR052W RPN12--YMR314W PRE5		Scer	Scer	Scer YFR052W RPN12	Scer YMR314W PRE5	hybrid Scer YFR052W RPN12	hybrid Scer YMR314W PRE5	hybrid Scer YFR052W RPN12	0.3924621347451496	hybrid Scer YMR314W PRE5	0.822790870047304
76	hybrid	CPX-2262	Scer YMR314W PRE5--Scer YOR362C PRE10	hybrid	YMR314W PRE5--YOR362C PRE10		Scer	Scer	Scer YMR314W PRE5	Scer YOR362C PRE10	hybrid Scer YMR314W PRE5	hybrid Scer YOR362C PRE10	hybrid Scer YMR314W PRE5	0.822790870047304		
77	hybrid	CPX-2262	Scer YMR314W PRE5--Scer YPR108W RPN7	hybrid	YMR314W PRE5--YPR108W RPN7	0.31413091113290104	Scer	Scer	Scer YMR314W PRE5	Scer YPR108W RPN7	hybrid Scer YMR314W PRE5	hybrid Scer YPR108W RPN7	hybrid Scer YMR314W PRE5	0.822790870047304	hybrid Scer YPR108W RPN7	0.3924621347451496
78	hybrid	CPX-2262	Scer YMR314W PRE5--Suva YDR363W-A SEM1	hybrid	YDR363W-A SEM1--YMR314W PRE5	0.35383737409230004	Scer	Suva	Scer YMR314W PRE5	Suva YDR363W-A SEM1	hybrid Scer YMR314W PRE5	hybrid Suva YDR363W-A SEM1	hybrid Scer YMR314W PRE5	0.822790870047304	hybrid Suva YDR363W-A SEM1	0.5886932021177245
79	hybrid	CPX-2262	Scer YMR314W PRE5--Suva YFR004W RPN11	hybrid	YFR004W RPN11--YMR314W PRE5		Scer	Suva	Scer YMR314W PRE5	Suva YFR004W RPN11	hybrid Scer YMR314W PRE5	hybrid Suva YFR004W RPN11	hybrid Scer YMR314W PRE5	0.822790870047304		
80	hybrid	CPX-2262	Scer YMR314W PRE5--Suva YGR135W PRE9	hybrid	YGR135W PRE9--YMR314W PRE5	0.6298842194514926	Scer	Suva	Scer YMR314W PRE5	Suva YGR135W PRE9	hybrid Scer YMR314W PRE5	hybrid Suva YGR135W PRE9	hybrid Scer YMR314W PRE5	0.822790870047304	hybrid Suva YGR135W PRE9	1.0420759389696164
81	hybrid	CPX-2262	Scer YMR314W PRE5--Suva YHR027C RPN1	hybrid	YHR027C RPN1--YMR314W PRE5	0.3692451291135607	Scer	Suva	Scer YMR314W PRE5	Suva YHR027C RPN1	hybrid Scer YMR314W PRE5	hybrid Suva YHR027C RPN1	hybrid Scer YMR314W PRE5	0.822790870047304	hybrid Suva YHR027C RPN1	1.1131764354629223
82	hybrid	CPX-2262	Scer YMR314W PRE5--Suva YML092C PRE8	hybrid	YML092C PRE8--YMR314W PRE5	0.6816469324321768	Scer	Suva	Scer YMR314W PRE5	Suva YML092C PRE8	hybrid Scer YMR314W PRE5	hybrid Suva YML092C PRE8	hybrid Scer YMR314W PRE5	0.822790870047304	hybrid Suva YML092C PRE8	1.2277389084881578
83	hybrid	CPX-2262	Scer YMR314W PRE5--Suva YMR314W PRE5	hybrid	YMR314W PRE5--YMR314W PRE5		Scer	Suva	Scer YMR314W PRE5	Suva YMR314W PRE5	hybrid Scer YMR314W PRE5	hybrid Suva YMR314W PRE5	hybrid Scer YMR314W PRE5	0.822790870047304	hybrid Suva YMR314W PRE5	0.8306244335033693
84	hybrid	CPX-2262	Scer YMR314W PRE5--Suva YFR052W RPN12	hybrid	YFR052W RPN12--YMR314W PRE5	0.39919311359601695	Scer	Suva	Scer YMR314W PRE5	Suva YFR052W RPN12	hybrid Scer YMR314W PRE5	hybrid Suva YFR052W RPN12	hybrid Scer YMR314W PRE5	0.822790870047304	hybrid Suva YFR052W RPN12	1.0608307493628768
85	hybrid	CPX-2262	Scer YMR314W PRE5--Suva YOR362C PRE10	hybrid	YMR314W PRE5--YOR362C PRE10	0.5125970262554671	Scer	Suva	Scer YMR314W PRE5	Suva YOR362C PRE10	hybrid Scer YMR314W PRE5	hybrid Suva YOR362C PRE10	hybrid Scer YMR314W PRE5	0.822790870047304	hybrid Suva YOR362C PRE10	0.9239370816543524
86	hybrid	CPX-2262	Scer YMR314W PRE5--Suva YPR108W RPN7	hybrid	YMR314W PRE5--YPR108W RPN7		Scer	Suva	Scer YMR314W PRE5	Suva YPR108W RPN7	hybrid Scer YMR314W PRE5	hybrid Suva YPR108W RPN7	hybrid Scer YMR314W PRE5	0.822790870047304		
87	hybrid	CPX-2262	Scer YFR052W RPN12--Scer YOR362C PRE10	hybrid	YFR052W RPN12--YOR362C PRE10		Scer	Scer	Scer YFR052W RPN12	Scer YOR362C PRE10	hybrid Scer YFR052W RPN12	hybrid Scer YOR362C PRE10	hybrid Scer YFR052W RPN12	0.3924621347451496		
88	hybrid	CPX-2262	Scer YFR052W RPN12--Scer YPR108W RPN7	hybrid	YFR052W RPN12--YPR108W RPN7		Scer	Scer	Scer YFR052W RPN12	Scer YPR108W RPN7	hybrid Scer YFR052W RPN12	hybrid Scer YPR108W RPN7	hybrid Scer YFR052W RPN12	0.3924621347451496	hybrid Scer YPR108W RPN7	0.3924621347451496
89	hybrid	CPX-2262	Scer YFR052W RPN12--Suva YDR363W-A SEM1	hybrid	YDR363W-A SEM1--YFR052W RPN12		Scer	Suva	Scer YFR052W RPN12	Suva YDR363W-A SEM1	hybrid Scer YFR052W RPN12	hybrid Suva YDR363W-A SEM1	hybrid Scer YFR052W RPN12	0.3924621347451496	hybrid Suva YDR363W-A SEM1	0.5886932021177245
90	hybrid	CPX-2262	Scer YFR052W RPN12--Suva YFR004W RPN11	hybrid	YFR004W RPN11--YFR052W RPN12		Scer	Suva	Scer YFR052W RPN12	Suva YFR004W RPN11	hybrid Scer YFR052W RPN12	hybrid Suva YFR004W RPN11	hybrid Scer YFR052W RPN12	0.3924621347451496		
91	hybrid	CPX-2262	Scer YFR052W RPN12--Suva YGR135W PRE9	hybrid	YFR052W RPN12--YGR135W PRE9		Scer	Suva	Scer YFR052W RPN12	Suva YGR135W PRE9	hybrid Scer YFR052W RPN12	hybrid Suva YGR135W PRE9	hybrid Scer YFR052W RPN12	0.3924621347451496	hybrid Suva YGR135W PRE9	1.0420759389696164
92	hybrid	CPX-2262	Scer YFR052W RPN12--Suva YHR027C RPN1	hybrid	YFR052W RPN12--YHR027C RPN1		Scer	Suva	Scer YFR052W RPN12	Suva YHR027C RPN1	hybrid Scer YFR052W RPN12	hybrid Suva YHR027C RPN1	hybrid Scer YFR052W RPN12	0.3924621347451496	hybrid Suva YHR027C RPN1	1.1131764354629223
93	hybrid	CPX-2262	Scer YFR052W RPN12--Suva YML092C PRE8	hybrid	YFR052W RPN12--YML092C PRE8		Scer	Suva	Scer YFR052W RPN12	Suva YML092C PRE8	hybrid Scer YFR052W RPN12	hybrid Suva YML092C PRE8	hybrid Scer YFR052W RPN12	0.3924621347451496	hybrid Suva YML092C PRE8	1.2277389084881578
94	hybrid	CPX-2262	Scer YFR052W RPN12--Suva YMR314W PRE5	hybrid	YFR052W RPN12--YMR314W PRE5		Scer	Suva	Scer YFR052W RPN12	Suva YMR314W PRE5	hybrid Scer YFR052W RPN12	hybrid Suva YMR314W PRE5	hybrid Scer YFR052W RPN12	0.3924621347451496	hybrid Suva YMR314W PRE5	0.8306244335033693
95	hybrid	CPX-2262	Scer YFR052W RPN12--Suva YFR052W RPN12	hybrid	YFR052W RPN12--YFR052W RPN12		Scer	Suva	Scer YFR052W RPN12	Suva YFR052W RPN12	hybrid Scer YFR052W RPN12	hybrid Suva YFR052W RPN12	hybrid Scer YFR052W RPN12	0.3924621347451496	hybrid Suva YFR052W RPN12	1.0608307493628768
96	hybrid	CPX-2262	Scer YFR052W RPN12--Suva YOR362C PRE10	hybrid	YFR052W RPN12--YOR362C PRE10		Scer	Suva	Scer YFR052W RPN12	Suva YOR362C PRE10	hybrid Scer YFR052W RPN12	hybrid Suva YOR362C PRE10	hybrid Scer YFR052W RPN12	0.3924621347451496	hybrid Suva YOR362C PRE10	0.9239370816543524
97	hybrid	CPX-2262	Scer YFR052W RPN12--Suva YPR108W RPN7	hybrid	YFR052W RPN12--YPR108W RPN7		Scer	Suva	Scer YFR052W RPN12	Suva YPR108W RPN7	hybrid Scer YFR052W RPN12	hybrid Suva YPR108W RPN7	hybrid Scer YFR052W RPN12	0.3924621347451496		
98	hybrid	CPX-2262	Scer YOR362C PRE10--Scer YPR108W RPN7	hybrid	YOR362C PRE10--YPR108W RPN7		Scer	Scer	Scer YOR362C PRE10	Scer YPR108W RPN7	hybrid Scer YOR362C PRE10	hybrid Scer YPR108W RPN7			hybrid Scer YPR108W RPN7	0.3924621347451496
99	hybrid	CPX-2262	Scer YOR362C PRE10--Suva YDR363W-A SEM1	hybrid	YDR363W-A SEM1--YOR362C PRE10		Scer	Suva	Scer YOR362C PRE10	Suva YDR363W-A SEM1	hybrid Scer YOR362C PRE10	hybrid Suva YDR363W-A SEM1			hybrid Suva YDR363W-A SEM1	0.5886932021177245
100	hybrid	CPX-2262	Scer YOR362C PRE10--Suva YFR004W RPN11	hybrid	YFR004W RPN11--YOR362C PRE10		Scer	Suva	Scer YOR362C PRE10	Suva YFR004W RPN11	hybrid Scer YOR362C PRE10	hybrid Suva YFR004W RPN11				
101	hybrid	CPX-2262	Scer YOR362C PRE10--Suva YGR135W PRE9	hybrid	YGR135W PRE9--YOR362C PRE10		Scer	Suva	Scer YOR362C PRE10	Suva YGR135W PRE9	hybrid Scer YOR362C PRE10	hybrid Suva YGR135W PRE9			hybrid Suva YGR135W PRE9	1.0420759389696164
102	hybrid	CPX-2262	Scer YOR362C PRE10--Suva YHR027C RPN1	hybrid	YHR027C RPN1--YOR362C PRE10		Scer	Suva	Scer YOR362C PRE10	Suva YHR027C RPN1	hybrid Scer YOR362C PRE10	hybrid Suva YHR027C RPN1			hybrid Suva YHR027C RPN1	1.1131764354629223
103	hybrid	CPX-2262	Scer YOR362C PRE10--Suva YML092C PRE8	hybrid	YML092C PRE8--YOR362C PRE10		Scer	Suva	Scer YOR362C PRE10	Suva YML092C PRE8	hybrid Scer YOR362C PRE10	hybrid Suva YML092C PRE8			hybrid Suva YML092C PRE8	1.2277389084881578
104	hybrid	CPX-2262	Scer YOR362C PRE10--Suva YMR314W PRE5	hybrid	YMR314W PRE5--YOR362C PRE10		Scer	Suva	Scer YOR362C PRE10	Suva YMR314W PRE5	hybrid Scer YOR362C PRE10	hybrid Suva YMR314W PRE5			hybrid Suva YMR314W PRE5	0.8306244335033693
105	hybrid	CPX-2262	Scer YOR362C PRE10--Suva YFR052W RPN12	hybrid	YFR052W RPN12--YOR362C PRE10		Scer	Suva	Scer YOR362C PRE10	Suva YFR052W RPN12	hybrid Scer YOR362C PRE10	hybrid Suva YFR052W RPN12			hybrid Suva YFR052W RPN12	1.0608307493628768
106	hybrid	CPX-2262	Scer YOR362C PRE10--Suva YOR362C PRE10	hybrid	YOR362C PRE10--YOR362C PRE10		Scer	Suva	Scer YOR362C PRE10	Suva YOR362C PRE10	hybrid Scer YOR362C PRE10	hybrid Suva YOR362C PRE10			hybrid Suva YOR362C PRE10	0.9239370816543524
107	hybrid	CPX-2262	Scer YOR362C PRE10--Suva YPR108W RPN7	hybrid	YOR362C PRE10--YPR108W RPN7		Scer	Suva	Scer YOR362C PRE10	Suva YPR108W RPN7	hybrid Scer YOR362C PRE10	hybrid Suva YPR108W RPN7				
108	hybrid	CPX-2262	Scer YPR108W RPN7--Suva YDR363W-A SEM1	hybrid	YDR363W-A SEM1--YPR108W RPN7	0.6903568894565598	Scer	Suva	Scer YPR108W RPN7	Suva YDR363W-A SEM1	hybrid Scer YPR108W RPN7	hybrid Suva YDR363W-A SEM1	hybrid Scer YPR108W RPN7	0.3924621347451496	hybrid Suva YDR363W-A SEM1	0.5886932021177245
109	hybrid	CPX-2262	Scer YPR108W RPN7--Suva YFR004W RPN11	hybrid	YFR004W RPN11--YPR108W RPN7		Scer	Suva	Scer YPR108W RPN7	Suva YFR004W RPN11	hybrid Scer YPR108W RPN7	hybrid Suva YFR004W RPN11	hybrid Scer YPR108W RPN7	0.3924621347451496		
110	hybrid	CPX-2262	Scer YPR108W RPN7--Suva YGR135W PRE9	hybrid	YGR135W PRE9--YPR108W RPN7	0.22063994323906025	Scer	Suva	Scer YPR108W RPN7	Suva YGR135W PRE9	hybrid Scer YPR108W RPN7	hybrid Suva YGR135W PRE9	hybrid Scer YPR108W RPN7	0.3924621347451496	hybrid Suva YGR135W PRE9	1.0420759389696164
111	hybrid	CPX-2262	Scer YPR108W RPN7--Suva YHR027C RPN1	hybrid	YHR027C RPN1--YPR108W RPN7	0.2877506058550105	Scer	Suva	Scer YPR108W RPN7	Suva YHR027C RPN1	hybrid Scer YPR108W RPN7	hybrid Suva YHR027C RPN1	hybrid Scer YPR108W RPN7	0.3924621347451496	hybrid Suva YHR027C RPN1	1.1131764354629223
112	hybrid	CPX-2262	Scer YPR108W RPN7--Suva YML092C PRE8	hybrid	YML092C PRE8--YPR108W RPN7	0.24334448914231846	Scer	Suva	Scer YPR108W RPN7	Suva YML092C PRE8	hybrid Scer YPR108W RPN7	hybrid Suva YML092C PRE8	hybrid Scer YPR108W RPN7	0.3924621347451496	hybrid Suva YML092C PRE8	1.2277389084881578
113	hybrid	CPX-2262	Scer YPR108W RPN7--Suva YMR314W PRE5	hybrid	YMR314W PRE5--YPR108W RPN7	0.2359718490424392	Scer	Suva	Scer YPR108W RPN7	Suva YMR314W PRE5	hybrid Scer YPR108W RPN7	hybrid Suva YMR314W PRE5	hybrid Scer YPR108W RPN7	0.3924621347451496	hybrid Suva YMR314W PRE5	0.8306244335033693
114	hybrid	CPX-2262	Scer YPR108W RPN7--Suva YFR052W RPN12	hybrid	YFR052W RPN12--YPR108W RPN7	0.31413091113290104	Scer	Suva	Scer YPR108W RPN7	Suva YFR052W RPN12	hybrid Scer YPR108W RPN7	hybrid Suva YFR052W RPN12	hybrid Scer YPR108W RPN7	0.3924621347451496	hybrid Suva YFR052W RPN12	1.0608307493628768
115	hybrid	CPX-2262	Scer YPR108W RPN7--Suva YOR362C PRE10	hybrid	YOR362C PRE10--YPR108W RPN7	0.28937704448205925	Scer	Suva	Scer YPR108W RPN7	Suva YOR362C PRE10	hybrid Scer YPR108W RPN7	hybrid Suva YOR362C PRE10	hybrid Scer YPR108W RPN7	0.3924621347451496	hybrid Suva YOR362C PRE10	0.9239370816543524
116	hybrid	CPX-2262	Scer YPR108W RPN7--Suva YPR108W RPN7	hybrid	YPR108W RPN7--YPR108W RPN7		Scer	Suva	Scer YPR108W RPN7	Suva YPR108W RPN7	hybrid Scer YPR108W RPN7	hybrid Suva YPR108W RPN7	hybrid Scer YPR108W RPN7	0.3924621347451496		
117	hybrid	CPX-2262	Suva YDR363W-A SEM1--Suva YFR004W RPN11	hybrid	YDR363W-A SEM1--YFR004W RPN11		Suva	Suva	Suva YDR363W-A SEM1	Suva YFR004W RPN11	hybrid Suva YDR363W-A SEM1	hybrid Suva YFR004W RPN11	hybrid Suva YDR363W-A SEM1	0.5886932021177245		
118	hybrid	CPX-2262	Suva YDR363W-A SEM1--Suva YGR135W PRE9	hybrid	YDR363W-A SEM1--YGR135W PRE9	0.2879025870943632	Suva	Suva	Suva YDR363W-A SEM1	Suva YGR135W PRE9	hybrid Suva YDR363W-A SEM1	hybrid Suva YGR135W PRE9	hybrid Suva YDR363W-A SEM1	0.5886932021177245	hybrid Suva YGR135W PRE9	1.0420759389696164
119	hybrid	CPX-2262	Suva YDR363W-A SEM1--Suva YHR027C RPN1	hybrid	YDR363W-A SEM1--YHR027C RPN1	0.3305499555399316	Suva	Suva	Suva YDR363W-A SEM1	Suva YHR027C RPN1	hybrid Suva YDR363W-A SEM1	hybrid Suva YHR027C RPN1	hybrid Suva YDR363W-A SEM1	0.5886932021177245	hybrid Suva YHR027C RPN1	1.1131764354629223
120	hybrid	CPX-2262	Suva YDR363W-A SEM1--Suva YML092C PRE8	hybrid	YDR363W-A SEM1--YML092C PRE8	0.30646158186782896	Suva	Suva	Suva YDR363W-A SEM1	Suva YML092C PRE8	hybrid Suva YDR363W-A SEM1	hybrid Suva YML092C PRE8	hybrid Suva YDR363W-A SEM1	0.5886932021177245	hybrid Suva YML092C PRE8	1.2277389084881578
121	hybrid	CPX-2262	Suva YDR363W-A SEM1--Suva YMR314W PRE5	hybrid	YDR363W-A SEM1--YMR314W PRE5	0.28727254876647995	Suva	Suva	Suva YDR363W-A SEM1	Suva YMR314W PRE5	hybrid Suva YDR363W-A SEM1	hybrid Suva YMR314W PRE5	hybrid Suva YDR363W-A SEM1	0.5886932021177245	hybrid Suva YMR314W PRE5	0.8306244335033693
122	hybrid	CPX-2262	Suva YDR363W-A SEM1--Suva YFR052W RPN12	hybrid	YDR363W-A SEM1--YFR052W RPN12	0.4141771465816293	Suva	Suva	Suva YDR363W-A SEM1	Suva YFR052W RPN12	hybrid Suva YDR363W-A SEM1	hybrid Suva YFR052W RPN12	hybrid Suva YDR363W-A SEM1	0.5886932021177245	hybrid Suva YFR052W RPN12	1.0608307493628768
123	hybrid	CPX-2262	Suva YDR363W-A SEM1--Suva YOR362C PRE10	hybrid	YDR363W-A SEM1--YOR362C PRE10	0.3356748981217719	Suva	Suva	Suva YDR363W-A SEM1	Suva YOR362C PRE10	hybrid Suva YDR363W-A SEM1	hybrid Suva YOR362C PRE10	hybrid Suva YDR363W-A SEM1	0.5886932021177245	hybrid Suva YOR362C PRE10	0.9239370816543524
124	hybrid	CPX-2262	Suva YDR363W-A SEM1--Suva YPR108W RPN7	hybrid	YDR363W-A SEM1--YPR108W RPN7		Suva	Suva	Suva YDR363W-A SEM1	Suva YPR108W RPN7	hybrid Suva YDR363W-A SEM1	hybrid Suva YPR108W RPN7	hybrid Suva YDR363W-A SEM1	0.5886932021177245		
125	hybrid	CPX-2262	Suva YFR004W RPN11--Suva YGR135W PRE9	hybrid	YFR004W RPN11--YGR135W PRE9		Suva	Suva	Suva YFR004W RPN11	Suva YGR135W PRE9	hybrid Suva YFR004W RPN11	hybrid Suva YGR135W PRE9			hybrid Suva YGR135W PRE9	1.0420759389696164
126	hybrid	CPX-2262	Suva YFR004W RPN11--Suva YHR027C RPN1	hybrid	YFR004W RPN11--YHR027C RPN1		Suva	Suva	Suva YFR004W RPN11	Suva YHR027C RPN1	hybrid Suva YFR004W RPN11	hybrid Suva YHR027C RPN1			hybrid Suva YHR027C RPN1	1.1131764354629223
127	hybrid	CPX-2262	Suva YFR004W RPN11--Suva YML092C PRE8	hybrid	YFR004W RPN11--YML092C PRE8		Suva	Suva	Suva YFR004W RPN11	Suva YML092C PRE8	hybrid Suva YFR004W RPN11	hybrid Suva YML092C PRE8			hybrid Suva YML092C PRE8	1.2277389084881578
128	hybrid	CPX-2262	Suva YFR004W RPN11--Suva YMR314W PRE5	hybrid	YFR004W RPN11--YMR314W PRE5		Suva	Suva	Suva YFR004W RPN11	Suva YMR314W PRE5	hybrid Suva YFR004W RPN11	hybrid Suva YMR314W PRE5			hybrid Suva YMR314W PRE5	0.8306244335033693
129	hybrid	CPX-2262	Suva YFR004W RPN11--Suva YFR052W RPN12	hybrid	YFR004W RPN11--YFR052W RPN12		Suva	Suva	Suva YFR004W RPN11	Suva YFR052W RPN12	hybrid Suva YFR004W RPN11	hybrid Suva YFR052W RPN12			hybrid Suva YFR052W RPN12	1.0608307493628768
130	hybrid	CPX-2262	Suva YFR004W RPN11--Suva YOR362C PRE10	hybrid	YFR004W RPN11--YOR362C PRE10		Suva	Suva	Suva YFR004W RPN11	Suva YOR362C PRE10	hybrid Suva YFR004W RPN11	hybrid Suva YOR362C PRE10			hybrid Suva YOR362C PRE10	0.9239370816543524
131	hybrid	CPX-2262	Suva YFR004W RPN11--Suva YPR108W RPN7	hybrid	YFR004W RPN11--YPR108W RPN7		Suva	Suva	Suva YFR004W RPN11	Suva YPR108W RPN7	hybrid Suva YFR004W RPN11	hybrid Suva YPR108W RPN7				
132	hybrid	CPX-2262	Suva YGR135W PRE9--Suva YHR027C RPN1	hybrid	YGR135W PRE9--YHR027C RPN1	0.268674218861389	Suva	Suva	Suva YGR135W PRE9	Suva YHR027C RPN1	hybrid Suva YGR135W PRE9	hybrid Suva YHR027C RPN1	hybrid Suva YGR135W PRE9	1.0420759389696164	hybrid Suva YHR027C RPN1	1.1131764354629223
133	hybrid	CPX-2262	Suva YGR135W PRE9--Suva YML092C PRE8	hybrid	YGR135W PRE9--YML092C PRE8	0.7287760930193724	Suva	Suva	Suva YGR135W PRE9	Suva YML092C PRE8	hybrid Suva YGR135W PRE9	hybrid Suva YML092C PRE8	hybrid Suva YGR135W PRE9	1.0420759389696164	hybrid Suva YML092C PRE8	1.2277389084881578
134	hybrid	CPX-2262	Suva YGR135W PRE9--Suva YMR314W PRE5	hybrid	YGR135W PRE9--YMR314W PRE5	0.6281152617324691	Suva	Suva	Suva YGR135W PRE9	Suva YMR314W PRE5	hybrid Suva YGR135W PRE9	hybrid Suva YMR314W PRE5	hybrid Suva YGR135W PRE9	1.0420759389696164	hybrid Suva YMR314W PRE5	0.8306244335033693
135	hybrid	CPX-2262	Suva YFR052W RPN12--Suva YGR135W PRE9	hybrid	YFR052W RPN12--YGR135W PRE9	0.294341013122146	Suva	Suva	Suva YFR052W RPN12	Suva YGR135W PRE9	hybrid Suva YFR052W RPN12	hybrid Suva YGR135W PRE9	hybrid Suva YFR052W RPN12	1.0608307493628768	hybrid Suva YGR135W PRE9	1.0420759389696164
136	hybrid	CPX-2262	Suva YGR135W PRE9--Suva YOR362C PRE10	hybrid	YGR135W PRE9--YOR362C PRE10	0.7658732927057053	Suva	Suva	Suva YGR135W PRE9	Suva YOR362C PRE10	hybrid Suva YGR135W PRE9	hybrid Suva YOR362C PRE10	hybrid Suva YGR135W PRE9	1.0420759389696164	hybrid Suva YOR362C PRE10	0.9239370816543524
137	hybrid	CPX-2262	Suva YGR135W PRE9--Suva YPR108W RPN7	hybrid	YGR135W PRE9--YPR108W RPN7		Suva	Suva	Suva YGR135W PRE9	Suva YPR108W RPN7	hybrid Suva YGR135W PRE9	hybrid Suva YPR108W RPN7	hybrid Suva YGR135W PRE9	1.0420759389696164		
138	hybrid	CPX-2262	Suva YHR027C RPN1--Suva YML092C PRE8	hybrid	YHR027C RPN1--YML092C PRE8	0.2929194796949336	Suva	Suva	Suva YHR027C RPN1	Suva YML092C PRE8	hybrid Suva YHR027C RPN1	hybrid Suva YML092C PRE8	hybrid Suva YHR027C RPN1	1.1131764354629223	hybrid Suva YML092C PRE8	1.2277389084881578
139	hybrid	CPX-2262	Suva YHR027C RPN1--Suva YMR314W PRE5	hybrid	YHR027C RPN1--YMR314W PRE5	0.2850354445574149	Suva	Suva	Suva YHR027C RPN1	Suva YMR314W PRE5	hybrid Suva YHR027C RPN1	hybrid Suva YMR314W PRE5	hybrid Suva YHR027C RPN1	1.1131764354629223	hybrid Suva YMR314W PRE5	0.8306244335033693
140	hybrid	CPX-2262	Suva YFR052W RPN12--Suva YHR027C RPN1	hybrid	YFR052W RPN12--YHR027C RPN1	0.3692451291135607	Suva	Suva	Suva YFR052W RPN12	Suva YHR027C RPN1	hybrid Suva YFR052W RPN12	hybrid Suva YHR027C RPN1	hybrid Suva YFR052W RPN12	1.0608307493628768	hybrid Suva YHR027C RPN1	1.1131764354629223
141	hybrid	CPX-2262	Suva YHR027C RPN1--Suva YOR362C PRE10	hybrid	YHR027C RPN1--YOR362C PRE10	0.3424132870923886	Suva	Suva	Suva YHR027C RPN1	Suva YOR362C PRE10	hybrid Suva YHR027C RPN1	hybrid Suva YOR362C PRE10	hybrid Suva YHR027C RPN1	1.1131764354629223	hybrid Suva YOR362C PRE10	0.9239370816543524
142	hybrid	CPX-2262	Suva YHR027C RPN1--Suva YPR108W RPN7	hybrid	YHR027C RPN1--YPR108W RPN7		Suva	Suva	Suva YHR027C RPN1	Suva YPR108W RPN7	hybrid Suva YHR027C RPN1	hybrid Suva YPR108W RPN7	hybrid Suva YHR027C RPN1	1.1131764354629223		
143	hybrid	CPX-2262	Suva YML092C PRE8--Suva YMR314W PRE5	hybrid	YML092C PRE8--YMR314W PRE5	0.6765209622872603	Suva	Suva	Suva YML092C PRE8	Suva YMR314W PRE5	hybrid Suva YML092C PRE8	hybrid Suva YMR314W PRE5	hybrid Suva YML092C PRE8	1.2277389084881578	hybrid Suva YMR314W PRE5	0.8306244335033693
144	hybrid	CPX-2262	Suva YFR052W RPN12--Suva YML092C PRE8	hybrid	YFR052W RPN12--YML092C PRE8	0.31950013240386066	Suva	Suva	Suva YFR052W RPN12	Suva YML092C PRE8	hybrid Suva YFR052W RPN12	hybrid Suva YML092C PRE8	hybrid Suva YFR052W RPN12	1.0608307493628768	hybrid Suva YML092C PRE8	1.2277389084881578
145	hybrid	CPX-2262	Suva YML092C PRE8--Suva YOR362C PRE10	hybrid	YML092C PRE8--YOR362C PRE10	0.6793179473809856	Suva	Suva	Suva YML092C PRE8	Suva YOR362C PRE10	hybrid Suva YML092C PRE8	hybrid Suva YOR362C PRE10	hybrid Suva YML092C PRE8	1.2277389084881578	hybrid Suva YOR362C PRE10	0.9239370816543524
146	hybrid	CPX-2262	Suva YML092C PRE8--Suva YPR108W RPN7	hybrid	YML092C PRE8--YPR108W RPN7		Suva	Suva	Suva YML092C PRE8	Suva YPR108W RPN7	hybrid Suva YML092C PRE8	hybrid Suva YPR108W RPN7	hybrid Suva YML092C PRE8	1.2277389084881578		
147	hybrid	CPX-2262	Suva YFR052W RPN12--Suva YMR314W PRE5	hybrid	YFR052W RPN12--YMR314W PRE5	0.3113117373276256	Suva	Suva	Suva YFR052W RPN12	Suva YMR314W PRE5	hybrid Suva YFR052W RPN12	hybrid Suva YMR314W PRE5	hybrid Suva YFR052W RPN12	1.0608307493628768	hybrid Suva YMR314W PRE5	0.8306244335033693
148	hybrid	CPX-2262	Suva YMR314W PRE5--Suva YOR362C PRE10	hybrid	YMR314W PRE5--YOR362C PRE10	0.7942139792634064	Suva	Suva	Suva YMR314W PRE5	Suva YOR362C PRE10	hybrid Suva YMR314W PRE5	hybrid Suva YOR362C PRE10	hybrid Suva YMR314W PRE5	0.8306244335033693	hybrid Suva YOR362C PRE10	0.9239370816543524
149	hybrid	CPX-2262	Suva YMR314W PRE5--Suva YPR108W RPN7	hybrid	YMR314W PRE5--YPR108W RPN7		Suva	Suva	Suva YMR314W PRE5	Suva YPR108W RPN7	hybrid Suva YMR314W PRE5	hybrid Suva YPR108W RPN7	hybrid Suva YMR314W PRE5	0.8306244335033693		
150	hybrid	CPX-2262	Suva YFR052W RPN12--Suva YOR362C PRE10	hybrid	YFR052W RPN12--YOR362C PRE10	0.3710822847175337	Suva	Suva	Suva YFR052W RPN12	Suva YOR362C PRE10	hybrid Suva YFR052W RPN12	hybrid Suva YOR362C PRE10	hybrid Suva YFR052W RPN12	1.0608307493628768	hybrid Suva YOR362C PRE10	0.9239370816543524
151	hybrid	CPX-2262	Suva YFR052W RPN12--Suva YPR108W RPN7	hybrid	YFR052W RPN12--YPR108W RPN7		Suva	Suva	Suva YFR052W RPN12	Suva YPR108W RPN7	hybrid Suva YFR052W RPN12	hybrid Suva YPR108W RPN7	hybrid Suva YFR052W RPN12	1.0608307493628768		
152	hybrid	CPX-2262	Suva YOR362C PRE10--Suva YPR108W RPN7	hybrid	YOR362C PRE10--YPR108W RPN7		Suva	Suva	Suva YOR362C PRE10	Suva YPR108W RPN7	hybrid Suva YOR362C PRE10	hybrid Suva YPR108W RPN7	hybrid Suva YOR362C PRE10	0.9239370816543524		
