	species1 type	complex id	species name interaction id	species2 type	interaction id	interaction score	species1 name	species2 name	species name interactor1	species name interactor2	species type interactor1	species type interactor2	species type interactor interactor1	protein abundance (log10 scale) interactor1	species type interactor interactor2	protein abundance (log10 scale) interactor2
0	parent	CPX-1323	Scer YDL126C CDC48--Scer YDL190C UFD2	parent	YDL126C CDC48--YDL190C UFD2		Scer	Scer	Scer YDL126C CDC48	Scer YDL190C UFD2	parent Scer YDL126C CDC48	parent Scer YDL190C UFD2	parent Scer YDL126C CDC48	1.956582460358805		
1	parent	CPX-1323	Scer YDL126C CDC48--Scer YEL037C RAD23	parent	YDL126C CDC48--YEL037C RAD23	0.2869682467754836	Scer	Scer	Scer YDL126C CDC48	Scer YEL037C RAD23	parent Scer YDL126C CDC48	parent Scer YEL037C RAD23	parent Scer YDL126C CDC48	1.956582460358805	parent Scer YEL037C RAD23	1.619317984594855
2	parent	CPX-1323	Scer YDL126C CDC48--Suva YDL126C CDC48	parent	YDL126C CDC48--YDL126C CDC48		Scer	Suva	Scer YDL126C CDC48	Suva YDL126C CDC48	parent Scer YDL126C CDC48	parent Suva YDL126C CDC48	parent Scer YDL126C CDC48	1.956582460358805	parent Suva YDL126C CDC48	2.010067719121872
3	parent	CPX-1323	Scer YDL126C CDC48--Suva YDL190C UFD2	parent	YDL126C CDC48--YDL190C UFD2	0.157711806223943	Scer	Suva	Scer YDL126C CDC48	Suva YDL190C UFD2	parent Scer YDL126C CDC48	parent Suva YDL190C UFD2	parent Scer YDL126C CDC48	1.956582460358805	parent Suva YDL190C UFD2	0.7715852675833401
4	parent	CPX-1323	Scer YDL126C CDC48--Suva YEL037C RAD23	parent	YDL126C CDC48--YEL037C RAD23	0.25310101780347993	Scer	Suva	Scer YDL126C CDC48	Suva YEL037C RAD23	parent Scer YDL126C CDC48	parent Suva YEL037C RAD23	parent Scer YDL126C CDC48	1.956582460358805	parent Suva YEL037C RAD23	1.2742493020871886
5	parent	CPX-1323	Scer YDL190C UFD2--Scer YEL037C RAD23	parent	YDL190C UFD2--YEL037C RAD23		Scer	Scer	Scer YDL190C UFD2	Scer YEL037C RAD23	parent Scer YDL190C UFD2	parent Scer YEL037C RAD23			parent Scer YEL037C RAD23	1.619317984594855
6	parent	CPX-1323	Scer YDL190C UFD2--Suva YDL126C CDC48	parent	YDL126C CDC48--YDL190C UFD2		Scer	Suva	Scer YDL190C UFD2	Suva YDL126C CDC48	parent Scer YDL190C UFD2	parent Suva YDL126C CDC48			parent Suva YDL126C CDC48	2.010067719121872
7	parent	CPX-1323	Scer YDL190C UFD2--Suva YDL190C UFD2	parent	YDL190C UFD2--YDL190C UFD2		Scer	Suva	Scer YDL190C UFD2	Suva YDL190C UFD2	parent Scer YDL190C UFD2	parent Suva YDL190C UFD2			parent Suva YDL190C UFD2	0.7715852675833401
8	parent	CPX-1323	Scer YDL190C UFD2--Suva YEL037C RAD23	parent	YDL190C UFD2--YEL037C RAD23		Scer	Suva	Scer YDL190C UFD2	Suva YEL037C RAD23	parent Scer YDL190C UFD2	parent Suva YEL037C RAD23			parent Suva YEL037C RAD23	1.2742493020871886
9	parent	CPX-1323	Scer YEL037C RAD23--Suva YDL126C CDC48	parent	YDL126C CDC48--YEL037C RAD23	0.3137028568917303	Scer	Suva	Scer YEL037C RAD23	Suva YDL126C CDC48	parent Scer YEL037C RAD23	parent Suva YDL126C CDC48	parent Scer YEL037C RAD23	1.619317984594855	parent Suva YDL126C CDC48	2.010067719121872
10	parent	CPX-1323	Scer YEL037C RAD23--Suva YDL190C UFD2	parent	YDL190C UFD2--YEL037C RAD23	0.4298814385973321	Scer	Suva	Scer YEL037C RAD23	Suva YDL190C UFD2	parent Scer YEL037C RAD23	parent Suva YDL190C UFD2	parent Scer YEL037C RAD23	1.619317984594855	parent Suva YDL190C UFD2	0.7715852675833401
11	parent	CPX-1323	Scer YEL037C RAD23--Suva YEL037C RAD23	parent	YEL037C RAD23--YEL037C RAD23		Scer	Suva	Scer YEL037C RAD23	Suva YEL037C RAD23	parent Scer YEL037C RAD23	parent Suva YEL037C RAD23	parent Scer YEL037C RAD23	1.619317984594855	parent Suva YEL037C RAD23	1.2742493020871886
12	parent	CPX-1323	Suva YDL126C CDC48--Suva YDL190C UFD2	parent	YDL126C CDC48--YDL190C UFD2	0.15994545283817707	Suva	Suva	Suva YDL126C CDC48	Suva YDL190C UFD2	parent Suva YDL126C CDC48	parent Suva YDL190C UFD2	parent Suva YDL126C CDC48	2.010067719121872	parent Suva YDL190C UFD2	0.7715852675833401
13	parent	CPX-1323	Suva YDL126C CDC48--Suva YEL037C RAD23	parent	YDL126C CDC48--YEL037C RAD23	0.2554852785167857	Suva	Suva	Suva YDL126C CDC48	Suva YEL037C RAD23	parent Suva YDL126C CDC48	parent Suva YEL037C RAD23	parent Suva YDL126C CDC48	2.010067719121872	parent Suva YEL037C RAD23	1.2742493020871886
14	parent	CPX-1323	Suva YDL190C UFD2--Suva YEL037C RAD23	parent	YDL190C UFD2--YEL037C RAD23	0.3712647209375735	Suva	Suva	Suva YDL190C UFD2	Suva YEL037C RAD23	parent Suva YDL190C UFD2	parent Suva YEL037C RAD23	parent Suva YDL190C UFD2	0.7715852675833401	parent Suva YEL037C RAD23	1.2742493020871886
