	species type interaction id	species type interactor1	gene id interactor1	gene name interactor1	species type interactor2	gene id interactor2	gene name interactor2	species name interaction id	interaction id	interaction type	comparison type	interaction score	protein abundance dosage balance	species type	index interactor1	species type name interactor1	protein abundance (log10 scale) interactor1	species name interactor interactor1	species type interactor interactor1	index interactor2	interactor interactor2	species type name interactor2	protein abundance (log10 scale) interactor2	species name interactor interactor2	species type interactor interactor2
0	hybrid Scer YDR363W-A SEM1--hybrid Scer YFR004W RPN11	hybrid	YDR363W-A	SEM1	hybrid	YFR004W	RPN11	Scer YDR363W-A SEM1--Scer YFR004W RPN11	YDR363W-A SEM1--YFR004W RPN11	within hybrid Scer Scer	within hybrids	0.2441491508197952	1.0	hybrid	179	hybrid Scer	0.14352651927061494	Scer YDR363W-A SEM1	hybrid Scer YDR363W-A SEM1	263.0	YFR004W RPN11	hybrid Scer	0.14352651927061494	Scer YFR004W RPN11	hybrid Scer YFR004W RPN11
1	hybrid Scer YDR363W-A SEM1--hybrid Scer YGR135W PRE9	hybrid	YDR363W-A	SEM1	hybrid	YGR135W	PRE9	Scer YDR363W-A SEM1--Scer YGR135W PRE9	YDR363W-A SEM1--YGR135W PRE9	within hybrid Scer Scer	within hybrids	0.0	0.19483809558706697	hybrid	179	hybrid Scer	0.14352651927061494	Scer YDR363W-A SEM1	hybrid Scer YDR363W-A SEM1	321.0	YGR135W PRE9	hybrid Scer	1.329763586939415	Scer YGR135W PRE9	hybrid Scer YGR135W PRE9
2	hybrid Scer YDR363W-A SEM1--hybrid Scer YHR027C RPN1	hybrid	YDR363W-A	SEM1	hybrid	YHR027C	RPN1	Scer YDR363W-A SEM1--Scer YHR027C RPN1	YDR363W-A SEM1--YHR027C RPN1	within hybrid Scer Scer	within hybrids	0.6560168824520562	0.1607511327934903	hybrid	179	hybrid Scer	0.14352651927061494	Scer YDR363W-A SEM1	hybrid Scer YDR363W-A SEM1	361.0	YHR027C RPN1	hybrid Scer	1.642171867750981	Scer YHR027C RPN1	hybrid Scer YHR027C RPN1
3	hybrid Scer YDR363W-A SEM1--hybrid Scer YML092C PRE8	hybrid	YDR363W-A	SEM1	hybrid	YML092C	PRE8	Scer YDR363W-A SEM1--Scer YML092C PRE8	YDR363W-A SEM1--YML092C PRE8	within hybrid Scer Scer	within hybrids	0.1269607140685196	0.15607995788997664	hybrid	179	hybrid Scer	0.14352651927061494	Scer YDR363W-A SEM1	hybrid Scer YDR363W-A SEM1	594.0	YML092C PRE8	hybrid Scer	1.6956144083786506	Scer YML092C PRE8	hybrid Scer YML092C PRE8
4	hybrid Scer YDR363W-A SEM1--hybrid Scer YMR314W PRE5	hybrid	YDR363W-A	SEM1	hybrid	YMR314W	PRE5	Scer YDR363W-A SEM1--Scer YMR314W PRE5	YDR363W-A SEM1--YMR314W PRE5	within hybrid Scer Scer	within hybrids	0.1269607140685196	0.5355580503254217	hybrid	179	hybrid Scer	0.14352651927061494	Scer YDR363W-A SEM1	hybrid Scer YDR363W-A SEM1	644.0	YMR314W PRE5	hybrid Scer	0.3924621347451496	Scer YMR314W PRE5	hybrid Scer YMR314W PRE5
5	hybrid Scer YDR363W-A SEM1--hybrid Scer YPR108W RPN7	hybrid	YDR363W-A	SEM1	hybrid	YPR108W	RPN7	Scer YDR363W-A SEM1--Scer YPR108W RPN7	YDR363W-A SEM1--YPR108W RPN7	within hybrid Scer Scer	within hybrids	0.06638065192891107	0.5355580503254217	hybrid	179	hybrid Scer	0.14352651927061494	Scer YDR363W-A SEM1	hybrid Scer YDR363W-A SEM1	819.0	YPR108W RPN7	hybrid Scer	0.3924621347451496	Scer YPR108W RPN7	hybrid Scer YPR108W RPN7
6	hybrid Scer YFR004W RPN11--hybrid Scer YGR135W PRE9	hybrid	YFR004W	RPN11	hybrid	YGR135W	PRE9	Scer YFR004W RPN11--Scer YGR135W PRE9	YFR004W RPN11--YGR135W PRE9	within hybrid Scer Scer	within hybrids	0.049722555953396363	0.19483809558706697	hybrid	263	hybrid Scer	0.14352651927061494	Scer YFR004W RPN11	hybrid Scer YFR004W RPN11	321.0	YGR135W PRE9	hybrid Scer	1.329763586939415	Scer YGR135W PRE9	hybrid Scer YGR135W PRE9
7	hybrid Scer YFR004W RPN11--hybrid Scer YHR027C RPN1	hybrid	YFR004W	RPN11	hybrid	YHR027C	RPN1	Scer YFR004W RPN11--Scer YHR027C RPN1	YFR004W RPN11--YHR027C RPN1	within hybrid Scer Scer	within hybrids	0.3019288057254833	0.1607511327934903	hybrid	263	hybrid Scer	0.14352651927061494	Scer YFR004W RPN11	hybrid Scer YFR004W RPN11	361.0	YHR027C RPN1	hybrid Scer	1.642171867750981	Scer YHR027C RPN1	hybrid Scer YHR027C RPN1
8	hybrid Scer YFR004W RPN11--hybrid Scer YML092C PRE8	hybrid	YFR004W	RPN11	hybrid	YML092C	PRE8	Scer YFR004W RPN11--Scer YML092C PRE8	YFR004W RPN11--YML092C PRE8	within hybrid Scer Scer	within hybrids	0.17853548724117466	0.15607995788997664	hybrid	263	hybrid Scer	0.14352651927061494	Scer YFR004W RPN11	hybrid Scer YFR004W RPN11	594.0	YML092C PRE8	hybrid Scer	1.6956144083786506	Scer YML092C PRE8	hybrid Scer YML092C PRE8
9	hybrid Scer YFR004W RPN11--hybrid Scer YMR314W PRE5	hybrid	YFR004W	RPN11	hybrid	YMR314W	PRE5	Scer YFR004W RPN11--Scer YMR314W PRE5	YFR004W RPN11--YMR314W PRE5	within hybrid Scer Scer	within hybrids	0.17853548724117466	0.5355580503254217	hybrid	263	hybrid Scer	0.14352651927061494	Scer YFR004W RPN11	hybrid Scer YFR004W RPN11	644.0	YMR314W PRE5	hybrid Scer	0.3924621347451496	Scer YMR314W PRE5	hybrid Scer YMR314W PRE5
10	hybrid Scer YFR004W RPN11--hybrid Scer YPR108W RPN7	hybrid	YFR004W	RPN11	hybrid	YPR108W	RPN7	Scer YFR004W RPN11--Scer YPR108W RPN7	YFR004W RPN11--YPR108W RPN7	within hybrid Scer Scer	within hybrids	0.4319575866159049	0.5355580503254217	hybrid	263	hybrid Scer	0.14352651927061494	Scer YFR004W RPN11	hybrid Scer YFR004W RPN11	819.0	YPR108W RPN7	hybrid Scer	0.3924621347451496	Scer YPR108W RPN7	hybrid Scer YPR108W RPN7
11	hybrid Scer YGR135W PRE9--hybrid Scer YHR027C RPN1	hybrid	YGR135W	PRE9	hybrid	YHR027C	RPN1	Scer YGR135W PRE9--Scer YHR027C RPN1	YGR135W PRE9--YHR027C RPN1	within hybrid Scer Scer	within hybrids	0.08208907891495609	0.8948805296836061	hybrid	321	hybrid Scer	1.329763586939415	Scer YGR135W PRE9	hybrid Scer YGR135W PRE9	361.0	YHR027C RPN1	hybrid Scer	1.642171867750981	Scer YHR027C RPN1	hybrid Scer YHR027C RPN1
12	hybrid Scer YGR135W PRE9--hybrid Scer YML092C PRE8	hybrid	YGR135W	PRE9	hybrid	YML092C	PRE8	Scer YGR135W PRE9--Scer YML092C PRE8	YGR135W PRE9--YML092C PRE8	within hybrid Scer Scer	within hybrids	0.6739988026260232	0.8790726904190455	hybrid	321	hybrid Scer	1.329763586939415	Scer YGR135W PRE9	hybrid Scer YGR135W PRE9	594.0	YML092C PRE8	hybrid Scer	1.6956144083786506	Scer YML092C PRE8	hybrid Scer YML092C PRE8
13	hybrid Scer YGR135W PRE9--hybrid Scer YMR314W PRE5	hybrid	YGR135W	PRE9	hybrid	YMR314W	PRE5	Scer YGR135W PRE9--Scer YMR314W PRE5	YGR135W PRE9--YMR314W PRE5	within hybrid Scer Scer	within hybrids	0.6739988026260232	0.4557615529760752	hybrid	321	hybrid Scer	1.329763586939415	Scer YGR135W PRE9	hybrid Scer YGR135W PRE9	644.0	YMR314W PRE5	hybrid Scer	0.3924621347451496	Scer YMR314W PRE5	hybrid Scer YMR314W PRE5
14	hybrid Scer YGR135W PRE9--hybrid Scer YPR108W RPN7	hybrid	YGR135W	PRE9	hybrid	YPR108W	RPN7	Scer YGR135W PRE9--Scer YPR108W RPN7	YGR135W PRE9--YPR108W RPN7	within hybrid Scer Scer	within hybrids	0.14087078539948186	0.4557615529760752	hybrid	321	hybrid Scer	1.329763586939415	Scer YGR135W PRE9	hybrid Scer YGR135W PRE9	819.0	YPR108W RPN7	hybrid Scer	0.3924621347451496	Scer YPR108W RPN7	hybrid Scer YPR108W RPN7
15	hybrid Scer YHR027C RPN1--hybrid Scer YML092C PRE8	hybrid	YHR027C	RPN1	hybrid	YML092C	PRE8	Scer YHR027C RPN1--Scer YML092C PRE8	YHR027C RPN1--YML092C PRE8	within hybrid Scer Scer	within hybrids	0.2317119415702814	0.9839886271299432	hybrid	361	hybrid Scer	1.642171867750981	Scer YHR027C RPN1	hybrid Scer YHR027C RPN1	594.0	YML092C PRE8	hybrid Scer	1.6956144083786506	Scer YML092C PRE8	hybrid Scer YML092C PRE8
16	hybrid Scer YHR027C RPN1--hybrid Scer YMR314W PRE5	hybrid	YHR027C	RPN1	hybrid	YMR314W	PRE5	Scer YHR027C RPN1--Scer YMR314W PRE5	YHR027C RPN1--YMR314W PRE5	within hybrid Scer Scer	within hybrids	0.2317119415702814	0.385781555074445	hybrid	361	hybrid Scer	1.642171867750981	Scer YHR027C RPN1	hybrid Scer YHR027C RPN1	644.0	YMR314W PRE5	hybrid Scer	0.3924621347451496	Scer YMR314W PRE5	hybrid Scer YMR314W PRE5
17	hybrid Scer YHR027C RPN1--hybrid Scer YPR108W RPN7	hybrid	YHR027C	RPN1	hybrid	YPR108W	RPN7	Scer YHR027C RPN1--Scer YPR108W RPN7	YHR027C RPN1--YPR108W RPN7	within hybrid Scer Scer	within hybrids	0.163510888870248	0.385781555074445	hybrid	361	hybrid Scer	1.642171867750981	Scer YHR027C RPN1	hybrid Scer YHR027C RPN1	819.0	YPR108W RPN7	hybrid Scer	0.3924621347451496	Scer YPR108W RPN7	hybrid Scer YPR108W RPN7
18	hybrid Scer YML092C PRE8--hybrid Scer YMR314W PRE5	hybrid	YML092C	PRE8	hybrid	YMR314W	PRE5	Scer YML092C PRE8--Scer YMR314W PRE5	YML092C PRE8--YMR314W PRE5	within hybrid Scer Scer	within hybrids	1.0	0.3759078047570221	hybrid	594	hybrid Scer	1.6956144083786506	Scer YML092C PRE8	hybrid Scer YML092C PRE8	644.0	YMR314W PRE5	hybrid Scer	0.3924621347451496	Scer YMR314W PRE5	hybrid Scer YMR314W PRE5
19	hybrid Scer YML092C PRE8--hybrid Scer YPR108W RPN7	hybrid	YML092C	PRE8	hybrid	YPR108W	RPN7	Scer YML092C PRE8--Scer YPR108W RPN7	YML092C PRE8--YPR108W RPN7	within hybrid Scer Scer	within hybrids	0.31413091113290104	0.3759078047570221	hybrid	594	hybrid Scer	1.6956144083786506	Scer YML092C PRE8	hybrid Scer YML092C PRE8	819.0	YPR108W RPN7	hybrid Scer	0.3924621347451496	Scer YPR108W RPN7	hybrid Scer YPR108W RPN7
20	hybrid Scer YMR314W PRE5--hybrid Scer YPR108W RPN7	hybrid	YMR314W	PRE5	hybrid	YPR108W	RPN7	Scer YMR314W PRE5--Scer YPR108W RPN7	YMR314W PRE5--YPR108W RPN7	within hybrid Scer Scer	within hybrids	0.31413091113290104	1.0	hybrid	644	hybrid Scer	0.3924621347451496	Scer YMR314W PRE5	hybrid Scer YMR314W PRE5	819.0	YPR108W RPN7	hybrid Scer	0.3924621347451496	Scer YPR108W RPN7	hybrid Scer YPR108W RPN7
21	parent Scer YDR363W-A SEM1--parent Scer YFR004W RPN11	parent	YDR363W-A	SEM1	parent	YFR004W	RPN11	Scer YDR363W-A SEM1--Scer YFR004W RPN11	YDR363W-A SEM1--YFR004W RPN11	within parent Scer Scer	within parents	0.07690961551032582	0.8666015445526999	parent	1831	parent Scer	1.3821053355188346	Scer YDR363W-A SEM1	parent Scer YDR363W-A SEM1	1915.0	YFR004W RPN11	parent Scer	1.8076081936261292	Scer YFR004W RPN11	parent Scer YFR004W RPN11
22	parent Scer YDR363W-A SEM1--parent Scer YGR135W PRE9	parent	YDR363W-A	SEM1	parent	YGR135W	PRE9	Scer YDR363W-A SEM1--Scer YGR135W PRE9	YDR363W-A SEM1--YGR135W PRE9	within parent Scer Scer	within parents	0.002644662468703207	0.9399485227256228	parent	1831	parent Scer	1.3821053355188346	Scer YDR363W-A SEM1	parent Scer YDR363W-A SEM1	1973.0	YGR135W PRE9	parent Scer	1.558705362307604	Scer YGR135W PRE9	parent Scer YGR135W PRE9
23	parent Scer YDR363W-A SEM1--parent Scer YHR027C RPN1	parent	YDR363W-A	SEM1	parent	YHR027C	RPN1	Scer YDR363W-A SEM1--Scer YHR027C RPN1	YDR363W-A SEM1--YHR027C RPN1	within parent Scer Scer	within parents	0.3702838975050531	0.8666015445526999	parent	1831	parent Scer	1.3821053355188346	Scer YDR363W-A SEM1	parent Scer YDR363W-A SEM1	2013.0	YHR027C RPN1	parent Scer	1.8076081936261292	Scer YHR027C RPN1	parent Scer YHR027C RPN1
24	parent Scer YDR363W-A SEM1--parent Scer YML092C PRE8	parent	YDR363W-A	SEM1	parent	YML092C	PRE8	Scer YDR363W-A SEM1--Scer YML092C PRE8	YDR363W-A SEM1--YML092C PRE8	within parent Scer Scer	within parents	0.0	0.8279332600223084	parent	1831	parent Scer	1.3821053355188346	Scer YDR363W-A SEM1	parent Scer YDR363W-A SEM1	2246.0	YML092C PRE8	parent Scer	1.956582460358805	Scer YML092C PRE8	parent Scer YML092C PRE8
25	parent Scer YDR363W-A SEM1--parent Scer YMR314W PRE5	parent	YDR363W-A	SEM1	parent	YMR314W	PRE5	Scer YDR363W-A SEM1--Scer YMR314W PRE5	YDR363W-A SEM1--YMR314W PRE5	within parent Scer Scer	within parents	0.0	0.7691428235256934	parent	1831	parent Scer	1.3821053355188346	Scer YDR363W-A SEM1	parent Scer YDR363W-A SEM1	2296.0	YMR314W PRE5	parent Scer	0.8636553618803006	Scer YMR314W PRE5	parent Scer YMR314W PRE5
26	parent Scer YDR363W-A SEM1--parent Scer YOR362C PRE10	parent	YDR363W-A	SEM1	parent	YOR362C	PRE10	Scer YDR363W-A SEM1--Scer YOR362C PRE10	YDR363W-A SEM1--YOR362C PRE10	within parent Scer Scer	within parents	0.0	0.5588763188250387	parent	1831	parent Scer	1.3821053355188346	Scer YDR363W-A SEM1	parent Scer YDR363W-A SEM1	2417.0	YOR362C PRE10	parent Scer	0.5359886540157646	Scer YOR362C PRE10	parent Scer YOR362C PRE10
27	parent Scer YDR363W-A SEM1--parent Scer YPR108W RPN7	parent	YDR363W-A	SEM1	parent	YPR108W	RPN7	Scer YDR363W-A SEM1--Scer YPR108W RPN7	YDR363W-A SEM1--YPR108W RPN7	within parent Scer Scer	within parents	0.0	0.7691428235256934	parent	1831	parent Scer	1.3821053355188346	Scer YDR363W-A SEM1	parent Scer YDR363W-A SEM1	2471.0	YPR108W RPN7	parent Scer	0.8636553618803006	Scer YPR108W RPN7	parent Scer YPR108W RPN7
28	parent Scer YFR004W RPN11--parent Scer YGR135W PRE9	parent	YFR004W	RPN11	parent	YGR135W	PRE9	Scer YFR004W RPN11--Scer YGR135W PRE9	YFR004W RPN11--YGR135W PRE9	within parent Scer Scer	within parents	0.2564490205219309	0.9260607108687812	parent	1915	parent Scer	1.8076081936261292	Scer YFR004W RPN11	parent Scer YFR004W RPN11	1973.0	YGR135W PRE9	parent Scer	1.558705362307604	Scer YGR135W PRE9	parent Scer YGR135W PRE9
29	parent Scer YFR004W RPN11--parent Scer YHR027C RPN1	parent	YFR004W	RPN11	parent	YHR027C	RPN1	Scer YFR004W RPN11--Scer YHR027C RPN1	YFR004W RPN11--YHR027C RPN1	within parent Scer Scer	within parents	0.24075886890803974	1.0	parent	1915	parent Scer	1.8076081936261292	Scer YFR004W RPN11	parent Scer YFR004W RPN11	2013.0	YHR027C RPN1	parent Scer	1.8076081936261292	Scer YHR027C RPN1	parent Scer YHR027C RPN1
30	parent Scer YFR004W RPN11--parent Scer YML092C PRE8	parent	YFR004W	RPN11	parent	YML092C	PRE8	Scer YFR004W RPN11--Scer YML092C PRE8	YFR004W RPN11--YML092C PRE8	within parent Scer Scer	within parents	0.2869574476865301	0.9604232940287004	parent	1915	parent Scer	1.8076081936261292	Scer YFR004W RPN11	parent Scer YFR004W RPN11	2246.0	YML092C PRE8	parent Scer	1.956582460358805	Scer YML092C PRE8	parent Scer YML092C PRE8
31	parent Scer YFR004W RPN11--parent Scer YMR314W PRE5	parent	YFR004W	RPN11	parent	YMR314W	PRE5	Scer YFR004W RPN11--Scer YMR314W PRE5	YFR004W RPN11--YMR314W PRE5	within parent Scer Scer	within parents	0.14918013873322922	0.6466268445133374	parent	1915	parent Scer	1.8076081936261292	Scer YFR004W RPN11	parent Scer YFR004W RPN11	2296.0	YMR314W PRE5	parent Scer	0.8636553618803006	Scer YMR314W PRE5	parent Scer YMR314W PRE5
32	parent Scer YFR004W RPN11--parent Scer YOR362C PRE10	parent	YFR004W	RPN11	parent	YOR362C	PRE10	Scer YFR004W RPN11--Scer YOR362C PRE10	YFR004W RPN11--YOR362C PRE10	within parent Scer Scer	within parents	0.17042542066134747	0.4574068740151034	parent	1915	parent Scer	1.8076081936261292	Scer YFR004W RPN11	parent Scer YFR004W RPN11	2417.0	YOR362C PRE10	parent Scer	0.5359886540157646	Scer YOR362C PRE10	parent Scer YOR362C PRE10
33	parent Scer YFR004W RPN11--parent Scer YPR108W RPN7	parent	YFR004W	RPN11	parent	YPR108W	RPN7	Scer YFR004W RPN11--Scer YPR108W RPN7	YFR004W RPN11--YPR108W RPN7	within parent Scer Scer	within parents	0.6605117578606865	0.6466268445133374	parent	1915	parent Scer	1.8076081936261292	Scer YFR004W RPN11	parent Scer YFR004W RPN11	2471.0	YPR108W RPN7	parent Scer	0.8636553618803006	Scer YPR108W RPN7	parent Scer YPR108W RPN7
34	parent Scer YGR135W PRE9--parent Scer YHR027C RPN1	parent	YGR135W	PRE9	parent	YHR027C	RPN1	Scer YGR135W PRE9--Scer YHR027C RPN1	YGR135W PRE9--YHR027C RPN1	within parent Scer Scer	within parents	0.23539003575612336	0.9260607108687812	parent	1973	parent Scer	1.558705362307604	Scer YGR135W PRE9	parent Scer YGR135W PRE9	2013.0	YHR027C RPN1	parent Scer	1.8076081936261292	Scer YHR027C RPN1	parent Scer YHR027C RPN1
35	parent Scer YGR135W PRE9--parent Scer YML092C PRE8	parent	YGR135W	PRE9	parent	YML092C	PRE8	Scer YGR135W PRE9--Scer YML092C PRE8	YGR135W PRE9--YML092C PRE8	within parent Scer Scer	within parents	0.7493004590506183	0.8868152145364292	parent	1973	parent Scer	1.558705362307604	Scer YGR135W PRE9	parent Scer YGR135W PRE9	2246.0	YML092C PRE8	parent Scer	1.956582460358805	Scer YML092C PRE8	parent Scer YML092C PRE8
36	parent Scer YGR135W PRE9--parent Scer YMR314W PRE5	parent	YGR135W	PRE9	parent	YMR314W	PRE5	Scer YGR135W PRE9--Scer YMR314W PRE5	YGR135W PRE9--YMR314W PRE5	within parent Scer Scer	within parents	0.6498989997577203	0.7130691587396345	parent	1973	parent Scer	1.558705362307604	Scer YGR135W PRE9	parent Scer YGR135W PRE9	2296.0	YMR314W PRE5	parent Scer	0.8636553618803006	Scer YMR314W PRE5	parent Scer YMR314W PRE5
37	parent Scer YGR135W PRE9--parent Scer YOR362C PRE10	parent	YGR135W	PRE9	parent	YOR362C	PRE10	Scer YGR135W PRE9--Scer YOR362C PRE10	YGR135W PRE9--YOR362C PRE10	within parent Scer Scer	within parents	0.6787262270180957	0.511758423749678	parent	1973	parent Scer	1.558705362307604	Scer YGR135W PRE9	parent Scer YGR135W PRE9	2417.0	YOR362C PRE10	parent Scer	0.5359886540157646	Scer YOR362C PRE10	parent Scer YOR362C PRE10
38	parent Scer YGR135W PRE9--parent Scer YPR108W RPN7	parent	YGR135W	PRE9	parent	YPR108W	RPN7	Scer YGR135W PRE9--Scer YPR108W RPN7	YGR135W PRE9--YPR108W RPN7	within parent Scer Scer	within parents	0.30346687201654376	0.7130691587396345	parent	1973	parent Scer	1.558705362307604	Scer YGR135W PRE9	parent Scer YGR135W PRE9	2471.0	YPR108W RPN7	parent Scer	0.8636553618803006	Scer YPR108W RPN7	parent Scer YPR108W RPN7
39	parent Scer YHR027C RPN1--parent Scer YML092C PRE8	parent	YHR027C	RPN1	parent	YML092C	PRE8	Scer YHR027C RPN1--Scer YML092C PRE8	YHR027C RPN1--YML092C PRE8	within parent Scer Scer	within parents	0.2705003037831739	0.9604232940287004	parent	2013	parent Scer	1.8076081936261292	Scer YHR027C RPN1	parent Scer YHR027C RPN1	2246.0	YML092C PRE8	parent Scer	1.956582460358805	Scer YML092C PRE8	parent Scer YML092C PRE8
40	parent Scer YHR027C RPN1--parent Scer YMR314W PRE5	parent	YHR027C	RPN1	parent	YMR314W	PRE5	Scer YHR027C RPN1--Scer YMR314W PRE5	YHR027C RPN1--YMR314W PRE5	within parent Scer Scer	within parents	0.1250297132502629	0.6466268445133374	parent	2013	parent Scer	1.8076081936261292	Scer YHR027C RPN1	parent Scer YHR027C RPN1	2296.0	YMR314W PRE5	parent Scer	0.8636553618803006	Scer YMR314W PRE5	parent Scer YMR314W PRE5
41	parent Scer YHR027C RPN1--parent Scer YOR362C PRE10	parent	YHR027C	RPN1	parent	YOR362C	PRE10	Scer YHR027C RPN1--Scer YOR362C PRE10	YHR027C RPN1--YOR362C PRE10	within parent Scer Scer	within parents	0.15623812123583325	0.4574068740151034	parent	2013	parent Scer	1.8076081936261292	Scer YHR027C RPN1	parent Scer YHR027C RPN1	2417.0	YOR362C PRE10	parent Scer	0.5359886540157646	Scer YOR362C PRE10	parent Scer YOR362C PRE10
42	parent Scer YHR027C RPN1--parent Scer YPR108W RPN7	parent	YHR027C	RPN1	parent	YPR108W	RPN7	Scer YHR027C RPN1--Scer YPR108W RPN7	YHR027C RPN1--YPR108W RPN7	within parent Scer Scer	within parents	0.22960462710619825	0.6466268445133374	parent	2013	parent Scer	1.8076081936261292	Scer YHR027C RPN1	parent Scer YHR027C RPN1	2471.0	YPR108W RPN7	parent Scer	0.8636553618803006	Scer YPR108W RPN7	parent Scer YPR108W RPN7
43	parent Scer YML092C PRE8--parent Scer YMR314W PRE5	parent	YML092C	PRE8	parent	YMR314W	PRE5	Scer YML092C PRE8--Scer YMR314W PRE5	YML092C PRE8--YMR314W PRE5	within parent Scer Scer	within parents	0.6788851854517247	0.6124698811354912	parent	2246	parent Scer	1.956582460358805	Scer YML092C PRE8	parent Scer YML092C PRE8	2296.0	YMR314W PRE5	parent Scer	0.8636553618803006	Scer YMR314W PRE5	parent Scer YMR314W PRE5
44	parent Scer YML092C PRE8--parent Scer YOR362C PRE10	parent	YML092C	PRE8	parent	YOR362C	PRE10	Scer YML092C PRE8--Scer YOR362C PRE10	YML092C PRE8--YOR362C PRE10	within parent Scer Scer	within parents	0.799085646670534	0.4300688962691873	parent	2246	parent Scer	1.956582460358805	Scer YML092C PRE8	parent Scer YML092C PRE8	2417.0	YOR362C PRE10	parent Scer	0.5359886540157646	Scer YOR362C PRE10	parent Scer YOR362C PRE10
45	parent Scer YML092C PRE8--parent Scer YPR108W RPN7	parent	YML092C	PRE8	parent	YPR108W	RPN7	Scer YML092C PRE8--Scer YPR108W RPN7	YML092C PRE8--YPR108W RPN7	within parent Scer Scer	within parents	0.3501476024925453	0.6124698811354912	parent	2246	parent Scer	1.956582460358805	Scer YML092C PRE8	parent Scer YML092C PRE8	2471.0	YPR108W RPN7	parent Scer	0.8636553618803006	Scer YPR108W RPN7	parent Scer YPR108W RPN7
46	parent Scer YMR314W PRE5--parent Scer YOR362C PRE10	parent	YMR314W	PRE5	parent	YOR362C	PRE10	Scer YMR314W PRE5--Scer YOR362C PRE10	YMR314W PRE5--YOR362C PRE10	within parent Scer Scer	within parents	0.8747623611675044	0.7658928240730121	parent	2296	parent Scer	0.8636553618803006	Scer YMR314W PRE5	parent Scer YMR314W PRE5	2417.0	YOR362C PRE10	parent Scer	0.5359886540157646	Scer YOR362C PRE10	parent Scer YOR362C PRE10
47	parent Scer YMR314W PRE5--parent Scer YPR108W RPN7	parent	YMR314W	PRE5	parent	YPR108W	RPN7	Scer YMR314W PRE5--Scer YPR108W RPN7	YMR314W PRE5--YPR108W RPN7	within parent Scer Scer	within parents	0.19023995254108586	1.0	parent	2296	parent Scer	0.8636553618803006	Scer YMR314W PRE5	parent Scer YMR314W PRE5	2471.0	YPR108W RPN7	parent Scer	0.8636553618803006	Scer YPR108W RPN7	parent Scer YPR108W RPN7
48	parent Scer YOR362C PRE10--parent Scer YPR108W RPN7	parent	YOR362C	PRE10	parent	YPR108W	RPN7	Scer YOR362C PRE10--Scer YPR108W RPN7	YOR362C PRE10--YPR108W RPN7	within parent Scer Scer	within parents	0.22406672978832654	0.7658928240730121	parent	2417	parent Scer	0.5359886540157646	Scer YOR362C PRE10	parent Scer YOR362C PRE10	2471.0	YPR108W RPN7	parent Scer	0.8636553618803006	Scer YPR108W RPN7	parent Scer YPR108W RPN7
