	species1 type	complex id	species name interaction id	species2 type	interaction id	interaction score	species1 name	species2 name	species name interactor1	species name interactor2	species type interactor1	species type interactor2	species type interactor interactor1	protein abundance (log10 scale) interactor1	species type interactor interactor2	protein abundance (log10 scale) interactor2
0	parent	CPX-554	Scer YGR240C PFK1--Scer YMR205C PFK2	parent	YGR240C PFK1--YMR205C PFK2	0.4144203257427085	Scer	Scer	Scer YGR240C PFK1	Scer YMR205C PFK2	parent Scer YGR240C PFK1	parent Scer YMR205C PFK2	parent Scer YGR240C PFK1	2.2874189048796776	parent Scer YMR205C PFK2	2.5288055252530106
1	parent	CPX-554	Scer YGR240C PFK1--Suva YGR240C PFK1	parent	YGR240C PFK1--YGR240C PFK1		Scer	Suva	Scer YGR240C PFK1	Suva YGR240C PFK1	parent Scer YGR240C PFK1	parent Suva YGR240C PFK1	parent Scer YGR240C PFK1	2.2874189048796776	parent Suva YGR240C PFK1	1.9279760375104995
2	parent	CPX-554	Scer YGR240C PFK1--Suva YMR205C PFK2	parent	YGR240C PFK1--YMR205C PFK2	0.347343425514943	Scer	Suva	Scer YGR240C PFK1	Suva YMR205C PFK2	parent Scer YGR240C PFK1	parent Suva YMR205C PFK2	parent Scer YGR240C PFK1	2.2874189048796776	parent Suva YMR205C PFK2	2.2535305848040257
3	parent	CPX-554	Scer YMR205C PFK2--Suva YGR240C PFK1	parent	YGR240C PFK1--YMR205C PFK2	0.07581961423645113	Scer	Suva	Scer YMR205C PFK2	Suva YGR240C PFK1	parent Scer YMR205C PFK2	parent Suva YGR240C PFK1	parent Scer YMR205C PFK2	2.5288055252530106	parent Suva YGR240C PFK1	1.9279760375104995
4	parent	CPX-554	Scer YMR205C PFK2--Suva YMR205C PFK2	parent	YMR205C PFK2--YMR205C PFK2		Scer	Suva	Scer YMR205C PFK2	Suva YMR205C PFK2	parent Scer YMR205C PFK2	parent Suva YMR205C PFK2	parent Scer YMR205C PFK2	2.5288055252530106	parent Suva YMR205C PFK2	2.2535305848040257
5	parent	CPX-554	Suva YGR240C PFK1--Suva YMR205C PFK2	parent	YGR240C PFK1--YMR205C PFK2	0.4102279173724208	Suva	Suva	Suva YGR240C PFK1	Suva YMR205C PFK2	parent Suva YGR240C PFK1	parent Suva YMR205C PFK2	parent Suva YGR240C PFK1	1.9279760375104995	parent Suva YMR205C PFK2	2.2535305848040257
