	species1 type	complex id	species name interaction id	species2 type	interaction id	interaction score	species1 name	species2 name	species name interactor1	species name interactor2	species type interactor1	species type interactor2	species type interactor interactor1	protein abundance (log10 scale) interactor1	species type interactor interactor2	protein abundance (log10 scale) interactor2
0	hybrid	CPX-1293	Scer YDR148C KGD2--Scer YFL018C LPD1	hybrid	YDR148C KGD2--YFL018C LPD1	0.3718758684011231	Scer	Scer	Scer YDR148C KGD2	Scer YFL018C LPD1	hybrid Scer YDR148C KGD2	hybrid Scer YFL018C LPD1	hybrid Scer YDR148C KGD2	1.4159604121312932	hybrid Scer YFL018C LPD1	1.6095248819158252
1	hybrid	CPX-1293	Scer YDR148C KGD2--Scer YIL125W KGD1	hybrid	YDR148C KGD2--YIL125W KGD1	0.5522155453217391	Scer	Scer	Scer YDR148C KGD2	Scer YIL125W KGD1	hybrid Scer YDR148C KGD2	hybrid Scer YIL125W KGD1	hybrid Scer YDR148C KGD2	1.4159604121312932	hybrid Scer YIL125W KGD1	1.0800013805027222
2	hybrid	CPX-1293	Scer YDR148C KGD2--Suva YDR148C KGD2	hybrid	YDR148C KGD2--YDR148C KGD2		Scer	Suva	Scer YDR148C KGD2	Suva YDR148C KGD2	hybrid Scer YDR148C KGD2	hybrid Suva YDR148C KGD2	hybrid Scer YDR148C KGD2	1.4159604121312932	hybrid Suva YDR148C KGD2	1.7633449001578254
3	hybrid	CPX-1293	Scer YDR148C KGD2--Suva YFL018C LPD1	hybrid	YDR148C KGD2--YFL018C LPD1	0.10708529807210844	Scer	Suva	Scer YDR148C KGD2	Suva YFL018C LPD1	hybrid Scer YDR148C KGD2	hybrid Suva YFL018C LPD1	hybrid Scer YDR148C KGD2	1.4159604121312932	hybrid Suva YFL018C LPD1	1.3678556413731564
4	hybrid	CPX-1293	Scer YDR148C KGD2--Suva YIL125W KGD1	hybrid	YDR148C KGD2--YIL125W KGD1	0.5001389941566523	Scer	Suva	Scer YDR148C KGD2	Suva YIL125W KGD1	hybrid Scer YDR148C KGD2	hybrid Suva YIL125W KGD1	hybrid Scer YDR148C KGD2	1.4159604121312932	hybrid Suva YIL125W KGD1	1.307348467722368
5	hybrid	CPX-1293	Scer YFL018C LPD1--Scer YIL125W KGD1	hybrid	YFL018C LPD1--YIL125W KGD1	0.2641818262112826	Scer	Scer	Scer YFL018C LPD1	Scer YIL125W KGD1	hybrid Scer YFL018C LPD1	hybrid Scer YIL125W KGD1	hybrid Scer YFL018C LPD1	1.6095248819158252	hybrid Scer YIL125W KGD1	1.0800013805027222
6	hybrid	CPX-1293	Scer YFL018C LPD1--Suva YDR148C KGD2	hybrid	YDR148C KGD2--YFL018C LPD1	0.2715414877593689	Scer	Suva	Scer YFL018C LPD1	Suva YDR148C KGD2	hybrid Scer YFL018C LPD1	hybrid Suva YDR148C KGD2	hybrid Scer YFL018C LPD1	1.6095248819158252	hybrid Suva YDR148C KGD2	1.7633449001578254
7	hybrid	CPX-1293	Scer YFL018C LPD1--Suva YFL018C LPD1	hybrid	YFL018C LPD1--YFL018C LPD1		Scer	Suva	Scer YFL018C LPD1	Suva YFL018C LPD1	hybrid Scer YFL018C LPD1	hybrid Suva YFL018C LPD1	hybrid Scer YFL018C LPD1	1.6095248819158252	hybrid Suva YFL018C LPD1	1.3678556413731564
8	hybrid	CPX-1293	Scer YFL018C LPD1--Suva YIL125W KGD1	hybrid	YFL018C LPD1--YIL125W KGD1	0.3086202004210197	Scer	Suva	Scer YFL018C LPD1	Suva YIL125W KGD1	hybrid Scer YFL018C LPD1	hybrid Suva YIL125W KGD1	hybrid Scer YFL018C LPD1	1.6095248819158252	hybrid Suva YIL125W KGD1	1.307348467722368
9	hybrid	CPX-1293	Scer YIL125W KGD1--Suva YDR148C KGD2	hybrid	YDR148C KGD2--YIL125W KGD1	0.9546455562846348	Scer	Suva	Scer YIL125W KGD1	Suva YDR148C KGD2	hybrid Scer YIL125W KGD1	hybrid Suva YDR148C KGD2	hybrid Scer YIL125W KGD1	1.0800013805027222	hybrid Suva YDR148C KGD2	1.7633449001578254
10	hybrid	CPX-1293	Scer YIL125W KGD1--Suva YFL018C LPD1	hybrid	YFL018C LPD1--YIL125W KGD1	0.16681519031125547	Scer	Suva	Scer YIL125W KGD1	Suva YFL018C LPD1	hybrid Scer YIL125W KGD1	hybrid Suva YFL018C LPD1	hybrid Scer YIL125W KGD1	1.0800013805027222	hybrid Suva YFL018C LPD1	1.3678556413731564
11	hybrid	CPX-1293	Scer YIL125W KGD1--Suva YIL125W KGD1	hybrid	YIL125W KGD1--YIL125W KGD1		Scer	Suva	Scer YIL125W KGD1	Suva YIL125W KGD1	hybrid Scer YIL125W KGD1	hybrid Suva YIL125W KGD1	hybrid Scer YIL125W KGD1	1.0800013805027222	hybrid Suva YIL125W KGD1	1.307348467722368
12	hybrid	CPX-1293	Suva YDR148C KGD2--Suva YFL018C LPD1	hybrid	YDR148C KGD2--YFL018C LPD1	0.1720923910549884	Suva	Suva	Suva YDR148C KGD2	Suva YFL018C LPD1	hybrid Suva YDR148C KGD2	hybrid Suva YFL018C LPD1	hybrid Suva YDR148C KGD2	1.7633449001578254	hybrid Suva YFL018C LPD1	1.3678556413731564
13	hybrid	CPX-1293	Suva YDR148C KGD2--Suva YIL125W KGD1	hybrid	YDR148C KGD2--YIL125W KGD1	0.8130072441758869	Suva	Suva	Suva YDR148C KGD2	Suva YIL125W KGD1	hybrid Suva YDR148C KGD2	hybrid Suva YIL125W KGD1	hybrid Suva YDR148C KGD2	1.7633449001578254	hybrid Suva YIL125W KGD1	1.307348467722368
14	hybrid	CPX-1293	Suva YFL018C LPD1--Suva YIL125W KGD1	hybrid	YFL018C LPD1--YIL125W KGD1	0.22233937262180448	Suva	Suva	Suva YFL018C LPD1	Suva YIL125W KGD1	hybrid Suva YFL018C LPD1	hybrid Suva YIL125W KGD1	hybrid Suva YFL018C LPD1	1.3678556413731564	hybrid Suva YIL125W KGD1	1.307348467722368
