	species1 type	complex id	species name interaction id	species2 type	interaction id	interaction score	species1 name	species2 name	species name interactor1	species name interactor2	species type interactor1	species type interactor2	species type interactor interactor1	protein abundance (log10 scale) interactor1	species type interactor interactor2	protein abundance (log10 scale) interactor2
0	hybrid	CPX-1323	Scer YDL126C CDC48--Scer YDL190C UFD2	hybrid	YDL126C CDC48--YDL190C UFD2		Scer	Scer	Scer YDL126C CDC48	Scer YDL190C UFD2	hybrid Scer YDL126C CDC48	hybrid Scer YDL190C UFD2	hybrid Scer YDL126C CDC48	1.897960441486466		
1	hybrid	CPX-1323	Scer YDL126C CDC48--Scer YEL037C RAD23	hybrid	YDL126C CDC48--YEL037C RAD23		Scer	Scer	Scer YDL126C CDC48	Scer YEL037C RAD23	hybrid Scer YDL126C CDC48	hybrid Scer YEL037C RAD23	hybrid Scer YDL126C CDC48	1.897960441486466	hybrid Scer YEL037C RAD23	1.558705362307604
2	hybrid	CPX-1323	Scer YDL126C CDC48--Suva YDL126C CDC48	hybrid	YDL126C CDC48--YDL126C CDC48		Scer	Suva	Scer YDL126C CDC48	Suva YDL126C CDC48	hybrid Scer YDL126C CDC48	hybrid Suva YDL126C CDC48	hybrid Scer YDL126C CDC48	1.897960441486466	hybrid Suva YDL126C CDC48	1.983909030972296
3	hybrid	CPX-1323	Scer YDL126C CDC48--Suva YDL190C UFD2	hybrid	YDL126C CDC48--YDL190C UFD2		Scer	Suva	Scer YDL126C CDC48	Suva YDL190C UFD2	hybrid Scer YDL126C CDC48	hybrid Suva YDL190C UFD2	hybrid Scer YDL126C CDC48	1.897960441486466	hybrid Suva YDL190C UFD2	0.3397575866431898
4	hybrid	CPX-1323	Scer YDL126C CDC48--Suva YEL037C RAD23	hybrid	YDL126C CDC48--YEL037C RAD23	0.15422397816664535	Scer	Suva	Scer YDL126C CDC48	Suva YEL037C RAD23	hybrid Scer YDL126C CDC48	hybrid Suva YEL037C RAD23	hybrid Scer YDL126C CDC48	1.897960441486466	hybrid Suva YEL037C RAD23	1.3678556413731564
5	hybrid	CPX-1323	Scer YDL190C UFD2--Scer YEL037C RAD23	hybrid	YDL190C UFD2--YEL037C RAD23		Scer	Scer	Scer YDL190C UFD2	Scer YEL037C RAD23	hybrid Scer YDL190C UFD2	hybrid Scer YEL037C RAD23			hybrid Scer YEL037C RAD23	1.558705362307604
6	hybrid	CPX-1323	Scer YDL190C UFD2--Suva YDL126C CDC48	hybrid	YDL126C CDC48--YDL190C UFD2		Scer	Suva	Scer YDL190C UFD2	Suva YDL126C CDC48	hybrid Scer YDL190C UFD2	hybrid Suva YDL126C CDC48			hybrid Suva YDL126C CDC48	1.983909030972296
7	hybrid	CPX-1323	Scer YDL190C UFD2--Suva YDL190C UFD2	hybrid	YDL190C UFD2--YDL190C UFD2		Scer	Suva	Scer YDL190C UFD2	Suva YDL190C UFD2	hybrid Scer YDL190C UFD2	hybrid Suva YDL190C UFD2			hybrid Suva YDL190C UFD2	0.3397575866431898
8	hybrid	CPX-1323	Scer YDL190C UFD2--Suva YEL037C RAD23	hybrid	YDL190C UFD2--YEL037C RAD23		Scer	Suva	Scer YDL190C UFD2	Suva YEL037C RAD23	hybrid Scer YDL190C UFD2	hybrid Suva YEL037C RAD23			hybrid Suva YEL037C RAD23	1.3678556413731564
9	hybrid	CPX-1323	Scer YEL037C RAD23--Suva YDL126C CDC48	hybrid	YDL126C CDC48--YEL037C RAD23		Scer	Suva	Scer YEL037C RAD23	Suva YDL126C CDC48	hybrid Scer YEL037C RAD23	hybrid Suva YDL126C CDC48	hybrid Scer YEL037C RAD23	1.558705362307604	hybrid Suva YDL126C CDC48	1.983909030972296
10	hybrid	CPX-1323	Scer YEL037C RAD23--Suva YDL190C UFD2	hybrid	YDL190C UFD2--YEL037C RAD23	0.2250049449142396	Scer	Suva	Scer YEL037C RAD23	Suva YDL190C UFD2	hybrid Scer YEL037C RAD23	hybrid Suva YDL190C UFD2	hybrid Scer YEL037C RAD23	1.558705362307604	hybrid Suva YDL190C UFD2	0.3397575866431898
11	hybrid	CPX-1323	Scer YEL037C RAD23--Suva YEL037C RAD23	hybrid	YEL037C RAD23--YEL037C RAD23		Scer	Suva	Scer YEL037C RAD23	Suva YEL037C RAD23	hybrid Scer YEL037C RAD23	hybrid Suva YEL037C RAD23	hybrid Scer YEL037C RAD23	1.558705362307604	hybrid Suva YEL037C RAD23	1.3678556413731564
12	hybrid	CPX-1323	Suva YDL126C CDC48--Suva YDL190C UFD2	hybrid	YDL126C CDC48--YDL190C UFD2	0.023207181430055623	Suva	Suva	Suva YDL126C CDC48	Suva YDL190C UFD2	hybrid Suva YDL126C CDC48	hybrid Suva YDL190C UFD2	hybrid Suva YDL126C CDC48	1.983909030972296	hybrid Suva YDL190C UFD2	0.3397575866431898
13	hybrid	CPX-1323	Suva YDL126C CDC48--Suva YEL037C RAD23	hybrid	YDL126C CDC48--YEL037C RAD23	0.1793033905941782	Suva	Suva	Suva YDL126C CDC48	Suva YEL037C RAD23	hybrid Suva YDL126C CDC48	hybrid Suva YEL037C RAD23	hybrid Suva YDL126C CDC48	1.983909030972296	hybrid Suva YEL037C RAD23	1.3678556413731564
14	hybrid	CPX-1323	Suva YDL190C UFD2--Suva YEL037C RAD23	hybrid	YDL190C UFD2--YEL037C RAD23	0.2611970076585286	Suva	Suva	Suva YDL190C UFD2	Suva YEL037C RAD23	hybrid Suva YDL190C UFD2	hybrid Suva YEL037C RAD23	hybrid Suva YDL190C UFD2	0.3397575866431898	hybrid Suva YEL037C RAD23	1.3678556413731564
