	species1 type	complex id	species name interaction id	species2 type	interaction id	interaction score	species1 name	species2 name	species name interactor1	species name interactor2	species type interactor1	species type interactor2	species type interactor interactor1	protein abundance (log10 scale) interactor1	species type interactor interactor2	protein abundance (log10 scale) interactor2
0	parent	CPX-3207	Scer YER178W PDA1--Scer YFL018C LPD1	parent	YER178W PDA1--YFL018C LPD1	0.03978289329373885	Scer	Scer	Scer YER178W PDA1	Scer YFL018C LPD1	parent Scer YER178W PDA1	parent Scer YFL018C LPD1	parent Scer YER178W PDA1	0.8018746964682529	parent Scer YFL018C LPD1	1.6672421742710088
1	parent	CPX-3207	Scer YER178W PDA1--Scer YNL071W LAT1	parent	YER178W PDA1--YNL071W LAT1	0.5751653764401679	Scer	Scer	Scer YER178W PDA1	Scer YNL071W LAT1	parent Scer YER178W PDA1	parent Scer YNL071W LAT1	parent Scer YER178W PDA1	0.8018746964682529	parent Scer YNL071W LAT1	1.1579420604281052
2	parent	CPX-3207	Scer YER178W PDA1--Suva YER178W PDA1	parent	YER178W PDA1--YER178W PDA1		Scer	Suva	Scer YER178W PDA1	Suva YER178W PDA1	parent Scer YER178W PDA1	parent Suva YER178W PDA1	parent Scer YER178W PDA1	0.8018746964682529		
3	parent	CPX-3207	Scer YER178W PDA1--Suva YFL018C LPD1	parent	YER178W PDA1--YFL018C LPD1		Scer	Suva	Scer YER178W PDA1	Suva YFL018C LPD1	parent Scer YER178W PDA1	parent Suva YFL018C LPD1	parent Scer YER178W PDA1	0.8018746964682529		
4	parent	CPX-3207	Scer YER178W PDA1--Suva YNL071W LAT1	parent	YER178W PDA1--YNL071W LAT1		Scer	Suva	Scer YER178W PDA1	Suva YNL071W LAT1	parent Scer YER178W PDA1	parent Suva YNL071W LAT1	parent Scer YER178W PDA1	0.8018746964682529		
5	parent	CPX-3207	Scer YFL018C LPD1--Scer YNL071W LAT1	parent	YFL018C LPD1--YNL071W LAT1	0.08044250549296206	Scer	Scer	Scer YFL018C LPD1	Scer YNL071W LAT1	parent Scer YFL018C LPD1	parent Scer YNL071W LAT1	parent Scer YFL018C LPD1	1.6672421742710088	parent Scer YNL071W LAT1	1.1579420604281052
6	parent	CPX-3207	Scer YFL018C LPD1--Suva YER178W PDA1	parent	YER178W PDA1--YFL018C LPD1		Scer	Suva	Scer YFL018C LPD1	Suva YER178W PDA1	parent Scer YFL018C LPD1	parent Suva YER178W PDA1	parent Scer YFL018C LPD1	1.6672421742710088		
7	parent	CPX-3207	Scer YFL018C LPD1--Suva YFL018C LPD1	parent	YFL018C LPD1--YFL018C LPD1		Scer	Suva	Scer YFL018C LPD1	Suva YFL018C LPD1	parent Scer YFL018C LPD1	parent Suva YFL018C LPD1	parent Scer YFL018C LPD1	1.6672421742710088		
8	parent	CPX-3207	Scer YFL018C LPD1--Suva YNL071W LAT1	parent	YFL018C LPD1--YNL071W LAT1		Scer	Suva	Scer YFL018C LPD1	Suva YNL071W LAT1	parent Scer YFL018C LPD1	parent Suva YNL071W LAT1	parent Scer YFL018C LPD1	1.6672421742710088		
9	parent	CPX-3207	Scer YNL071W LAT1--Suva YER178W PDA1	parent	YER178W PDA1--YNL071W LAT1		Scer	Suva	Scer YNL071W LAT1	Suva YER178W PDA1	parent Scer YNL071W LAT1	parent Suva YER178W PDA1	parent Scer YNL071W LAT1	1.1579420604281052		
10	parent	CPX-3207	Scer YNL071W LAT1--Suva YFL018C LPD1	parent	YFL018C LPD1--YNL071W LAT1		Scer	Suva	Scer YNL071W LAT1	Suva YFL018C LPD1	parent Scer YNL071W LAT1	parent Suva YFL018C LPD1	parent Scer YNL071W LAT1	1.1579420604281052		
11	parent	CPX-3207	Scer YNL071W LAT1--Suva YNL071W LAT1	parent	YNL071W LAT1--YNL071W LAT1		Scer	Suva	Scer YNL071W LAT1	Suva YNL071W LAT1	parent Scer YNL071W LAT1	parent Suva YNL071W LAT1	parent Scer YNL071W LAT1	1.1579420604281052		
12	parent	CPX-3207	Suva YER178W PDA1--Suva YFL018C LPD1	parent	YER178W PDA1--YFL018C LPD1		Suva	Suva	Suva YER178W PDA1	Suva YFL018C LPD1	parent Suva YER178W PDA1	parent Suva YFL018C LPD1				
13	parent	CPX-3207	Suva YER178W PDA1--Suva YNL071W LAT1	parent	YER178W PDA1--YNL071W LAT1		Suva	Suva	Suva YER178W PDA1	Suva YNL071W LAT1	parent Suva YER178W PDA1	parent Suva YNL071W LAT1				
14	parent	CPX-3207	Suva YFL018C LPD1--Suva YNL071W LAT1	parent	YFL018C LPD1--YNL071W LAT1		Suva	Suva	Suva YFL018C LPD1	Suva YNL071W LAT1	parent Suva YFL018C LPD1	parent Suva YNL071W LAT1				
