	species1 type	complex id	species name interaction id	species2 type	interaction id	interaction score	species1 name	species2 name	species name interactor1	species name interactor2	species type interactor1	species type interactor2	species type interactor interactor1	protein abundance (log10 scale) interactor1	species type interactor interactor2	protein abundance (log10 scale) interactor2
0	parent	CPX-1276	Scer YCL037C SRO9--Scer YLL024C SSA2	parent	YCL037C SRO9--YLL024C SSA2	0.03521884746834103	Scer	Scer	Scer YCL037C SRO9	Scer YLL024C SSA2	parent Scer YCL037C SRO9	parent Scer YLL024C SSA2	parent Scer YCL037C SRO9	1.0531883251908485	parent Scer YLL024C SSA2	1.3802531037574286
1	parent	CPX-1276	Scer YCL037C SRO9--Scer YMR186W HSC82	parent	YCL037C SRO9--YMR186W HSC82		Scer	Scer	Scer YCL037C SRO9	Scer YMR186W HSC82	parent Scer YCL037C SRO9	parent Scer YMR186W HSC82	parent Scer YCL037C SRO9	1.0531883251908485	parent Scer YMR186W HSC82	2.310230167834079
2	parent	CPX-1276	Scer YAL005C SSA1--Scer YCL037C SRO9	parent	YAL005C SSA1--YCL037C SRO9		Scer	Scer	Scer YAL005C SSA1	Scer YCL037C SRO9	parent Scer YAL005C SSA1	parent Scer YCL037C SRO9			parent Scer YCL037C SRO9	1.0531883251908485
3	parent	CPX-1276	Scer YCL037C SRO9--Scer YPL240C HSP82	parent	YCL037C SRO9--YPL240C HSP82		Scer	Scer	Scer YCL037C SRO9	Scer YPL240C HSP82	parent Scer YCL037C SRO9	parent Scer YPL240C HSP82	parent Scer YCL037C SRO9	1.0531883251908485	parent Scer YPL240C HSP82	2.3731823767808065
4	parent	CPX-1276	Scer YCL037C SRO9--Suva YCL037C SRO9	parent	YCL037C SRO9--YCL037C SRO9		Scer	Suva	Scer YCL037C SRO9	Suva YCL037C SRO9	parent Scer YCL037C SRO9	parent Suva YCL037C SRO9	parent Scer YCL037C SRO9	1.0531883251908485	parent Suva YCL037C SRO9	1.1395643923791354
5	parent	CPX-1276	Scer YCL037C SRO9--Suva YLL024C SSA2	parent	YCL037C SRO9--YLL024C SSA2		Scer	Suva	Scer YCL037C SRO9	Suva YLL024C SSA2	parent Scer YCL037C SRO9	parent Suva YLL024C SSA2	parent Scer YCL037C SRO9	1.0531883251908485	parent Suva YLL024C SSA2	1.388848227855796
6	parent	CPX-1276	Scer YCL037C SRO9--Suva YMR186W HSC82	parent	YCL037C SRO9--YMR186W HSC82		Scer	Suva	Scer YCL037C SRO9	Suva YMR186W HSC82	parent Scer YCL037C SRO9	parent Suva YMR186W HSC82	parent Scer YCL037C SRO9	1.0531883251908485		
7	parent	CPX-1276	Scer YCL037C SRO9--Suva YAL005C SSA1	parent	YAL005C SSA1--YCL037C SRO9		Scer	Suva	Scer YCL037C SRO9	Suva YAL005C SSA1	parent Scer YCL037C SRO9	parent Suva YAL005C SSA1	parent Scer YCL037C SRO9	1.0531883251908485	parent Suva YAL005C SSA1	1.6251908973586542
8	parent	CPX-1276	Scer YCL037C SRO9--Suva YPL240C HSP82	parent	YCL037C SRO9--YPL240C HSP82		Scer	Suva	Scer YCL037C SRO9	Suva YPL240C HSP82	parent Scer YCL037C SRO9	parent Suva YPL240C HSP82	parent Scer YCL037C SRO9	1.0531883251908485	parent Suva YPL240C HSP82	2.4796635793457007
9	parent	CPX-1276	Scer YLL024C SSA2--Scer YMR186W HSC82	parent	YLL024C SSA2--YMR186W HSC82		Scer	Scer	Scer YLL024C SSA2	Scer YMR186W HSC82	parent Scer YLL024C SSA2	parent Scer YMR186W HSC82	parent Scer YLL024C SSA2	1.3802531037574286	parent Scer YMR186W HSC82	2.310230167834079
10	parent	CPX-1276	Scer YAL005C SSA1--Scer YLL024C SSA2	parent	YAL005C SSA1--YLL024C SSA2		Scer	Scer	Scer YAL005C SSA1	Scer YLL024C SSA2	parent Scer YAL005C SSA1	parent Scer YLL024C SSA2			parent Scer YLL024C SSA2	1.3802531037574286
11	parent	CPX-1276	Scer YLL024C SSA2--Scer YPL240C HSP82	parent	YLL024C SSA2--YPL240C HSP82		Scer	Scer	Scer YLL024C SSA2	Scer YPL240C HSP82	parent Scer YLL024C SSA2	parent Scer YPL240C HSP82	parent Scer YLL024C SSA2	1.3802531037574286	parent Scer YPL240C HSP82	2.3731823767808065
12	parent	CPX-1276	Scer YLL024C SSA2--Suva YCL037C SRO9	parent	YCL037C SRO9--YLL024C SSA2	0.08382425937501857	Scer	Suva	Scer YLL024C SSA2	Suva YCL037C SRO9	parent Scer YLL024C SSA2	parent Suva YCL037C SRO9	parent Scer YLL024C SSA2	1.3802531037574286	parent Suva YCL037C SRO9	1.1395643923791354
13	parent	CPX-1276	Scer YLL024C SSA2--Suva YLL024C SSA2	parent	YLL024C SSA2--YLL024C SSA2		Scer	Suva	Scer YLL024C SSA2	Suva YLL024C SSA2	parent Scer YLL024C SSA2	parent Suva YLL024C SSA2	parent Scer YLL024C SSA2	1.3802531037574286	parent Suva YLL024C SSA2	1.388848227855796
14	parent	CPX-1276	Scer YLL024C SSA2--Suva YMR186W HSC82	parent	YLL024C SSA2--YMR186W HSC82		Scer	Suva	Scer YLL024C SSA2	Suva YMR186W HSC82	parent Scer YLL024C SSA2	parent Suva YMR186W HSC82	parent Scer YLL024C SSA2	1.3802531037574286		
15	parent	CPX-1276	Scer YLL024C SSA2--Suva YAL005C SSA1	parent	YAL005C SSA1--YLL024C SSA2	0.11494410684986422	Scer	Suva	Scer YLL024C SSA2	Suva YAL005C SSA1	parent Scer YLL024C SSA2	parent Suva YAL005C SSA1	parent Scer YLL024C SSA2	1.3802531037574286	parent Suva YAL005C SSA1	1.6251908973586542
16	parent	CPX-1276	Scer YLL024C SSA2--Suva YPL240C HSP82	parent	YLL024C SSA2--YPL240C HSP82		Scer	Suva	Scer YLL024C SSA2	Suva YPL240C HSP82	parent Scer YLL024C SSA2	parent Suva YPL240C HSP82	parent Scer YLL024C SSA2	1.3802531037574286	parent Suva YPL240C HSP82	2.4796635793457007
17	parent	CPX-1276	Scer YAL005C SSA1--Scer YMR186W HSC82	parent	YAL005C SSA1--YMR186W HSC82		Scer	Scer	Scer YAL005C SSA1	Scer YMR186W HSC82	parent Scer YAL005C SSA1	parent Scer YMR186W HSC82			parent Scer YMR186W HSC82	2.310230167834079
18	parent	CPX-1276	Scer YMR186W HSC82--Scer YPL240C HSP82	parent	YMR186W HSC82--YPL240C HSP82	0.15635217582453442	Scer	Scer	Scer YMR186W HSC82	Scer YPL240C HSP82	parent Scer YMR186W HSC82	parent Scer YPL240C HSP82	parent Scer YMR186W HSC82	2.310230167834079	parent Scer YPL240C HSP82	2.3731823767808065
19	parent	CPX-1276	Scer YMR186W HSC82--Suva YCL037C SRO9	parent	YCL037C SRO9--YMR186W HSC82		Scer	Suva	Scer YMR186W HSC82	Suva YCL037C SRO9	parent Scer YMR186W HSC82	parent Suva YCL037C SRO9	parent Scer YMR186W HSC82	2.310230167834079	parent Suva YCL037C SRO9	1.1395643923791354
20	parent	CPX-1276	Scer YMR186W HSC82--Suva YLL024C SSA2	parent	YLL024C SSA2--YMR186W HSC82		Scer	Suva	Scer YMR186W HSC82	Suva YLL024C SSA2	parent Scer YMR186W HSC82	parent Suva YLL024C SSA2	parent Scer YMR186W HSC82	2.310230167834079	parent Suva YLL024C SSA2	1.388848227855796
21	parent	CPX-1276	Scer YMR186W HSC82--Suva YMR186W HSC82	parent	YMR186W HSC82--YMR186W HSC82		Scer	Suva	Scer YMR186W HSC82	Suva YMR186W HSC82	parent Scer YMR186W HSC82	parent Suva YMR186W HSC82	parent Scer YMR186W HSC82	2.310230167834079		
22	parent	CPX-1276	Scer YMR186W HSC82--Suva YAL005C SSA1	parent	YAL005C SSA1--YMR186W HSC82	0.1269270169433243	Scer	Suva	Scer YMR186W HSC82	Suva YAL005C SSA1	parent Scer YMR186W HSC82	parent Suva YAL005C SSA1	parent Scer YMR186W HSC82	2.310230167834079	parent Suva YAL005C SSA1	1.6251908973586542
23	parent	CPX-1276	Scer YMR186W HSC82--Suva YPL240C HSP82	parent	YMR186W HSC82--YPL240C HSP82		Scer	Suva	Scer YMR186W HSC82	Suva YPL240C HSP82	parent Scer YMR186W HSC82	parent Suva YPL240C HSP82	parent Scer YMR186W HSC82	2.310230167834079	parent Suva YPL240C HSP82	2.4796635793457007
24	parent	CPX-1276	Scer YAL005C SSA1--Scer YPL240C HSP82	parent	YAL005C SSA1--YPL240C HSP82		Scer	Scer	Scer YAL005C SSA1	Scer YPL240C HSP82	parent Scer YAL005C SSA1	parent Scer YPL240C HSP82			parent Scer YPL240C HSP82	2.3731823767808065
25	parent	CPX-1276	Scer YAL005C SSA1--Suva YCL037C SRO9	parent	YAL005C SSA1--YCL037C SRO9		Scer	Suva	Scer YAL005C SSA1	Suva YCL037C SRO9	parent Scer YAL005C SSA1	parent Suva YCL037C SRO9			parent Suva YCL037C SRO9	1.1395643923791354
26	parent	CPX-1276	Scer YAL005C SSA1--Suva YLL024C SSA2	parent	YAL005C SSA1--YLL024C SSA2		Scer	Suva	Scer YAL005C SSA1	Suva YLL024C SSA2	parent Scer YAL005C SSA1	parent Suva YLL024C SSA2			parent Suva YLL024C SSA2	1.388848227855796
27	parent	CPX-1276	Scer YAL005C SSA1--Suva YMR186W HSC82	parent	YAL005C SSA1--YMR186W HSC82		Scer	Suva	Scer YAL005C SSA1	Suva YMR186W HSC82	parent Scer YAL005C SSA1	parent Suva YMR186W HSC82				
28	parent	CPX-1276	Scer YAL005C SSA1--Suva YAL005C SSA1	parent	YAL005C SSA1--YAL005C SSA1		Scer	Suva	Scer YAL005C SSA1	Suva YAL005C SSA1	parent Scer YAL005C SSA1	parent Suva YAL005C SSA1			parent Suva YAL005C SSA1	1.6251908973586542
29	parent	CPX-1276	Scer YAL005C SSA1--Suva YPL240C HSP82	parent	YAL005C SSA1--YPL240C HSP82		Scer	Suva	Scer YAL005C SSA1	Suva YPL240C HSP82	parent Scer YAL005C SSA1	parent Suva YPL240C HSP82			parent Suva YPL240C HSP82	2.4796635793457007
30	parent	CPX-1276	Scer YPL240C HSP82--Suva YCL037C SRO9	parent	YCL037C SRO9--YPL240C HSP82		Scer	Suva	Scer YPL240C HSP82	Suva YCL037C SRO9	parent Scer YPL240C HSP82	parent Suva YCL037C SRO9	parent Scer YPL240C HSP82	2.3731823767808065	parent Suva YCL037C SRO9	1.1395643923791354
31	parent	CPX-1276	Scer YPL240C HSP82--Suva YLL024C SSA2	parent	YLL024C SSA2--YPL240C HSP82	0.4025563533317933	Scer	Suva	Scer YPL240C HSP82	Suva YLL024C SSA2	parent Scer YPL240C HSP82	parent Suva YLL024C SSA2	parent Scer YPL240C HSP82	2.3731823767808065	parent Suva YLL024C SSA2	1.388848227855796
32	parent	CPX-1276	Scer YPL240C HSP82--Suva YMR186W HSC82	parent	YMR186W HSC82--YPL240C HSP82		Scer	Suva	Scer YPL240C HSP82	Suva YMR186W HSC82	parent Scer YPL240C HSP82	parent Suva YMR186W HSC82	parent Scer YPL240C HSP82	2.3731823767808065		
33	parent	CPX-1276	Scer YPL240C HSP82--Suva YAL005C SSA1	parent	YAL005C SSA1--YPL240C HSP82	0.4320628710439024	Scer	Suva	Scer YPL240C HSP82	Suva YAL005C SSA1	parent Scer YPL240C HSP82	parent Suva YAL005C SSA1	parent Scer YPL240C HSP82	2.3731823767808065	parent Suva YAL005C SSA1	1.6251908973586542
34	parent	CPX-1276	Scer YPL240C HSP82--Suva YPL240C HSP82	parent	YPL240C HSP82--YPL240C HSP82		Scer	Suva	Scer YPL240C HSP82	Suva YPL240C HSP82	parent Scer YPL240C HSP82	parent Suva YPL240C HSP82	parent Scer YPL240C HSP82	2.3731823767808065	parent Suva YPL240C HSP82	2.4796635793457007
35	parent	CPX-1276	Suva YCL037C SRO9--Suva YLL024C SSA2	parent	YCL037C SRO9--YLL024C SSA2		Suva	Suva	Suva YCL037C SRO9	Suva YLL024C SSA2	parent Suva YCL037C SRO9	parent Suva YLL024C SSA2	parent Suva YCL037C SRO9	1.1395643923791354	parent Suva YLL024C SSA2	1.388848227855796
36	parent	CPX-1276	Suva YCL037C SRO9--Suva YMR186W HSC82	parent	YCL037C SRO9--YMR186W HSC82		Suva	Suva	Suva YCL037C SRO9	Suva YMR186W HSC82	parent Suva YCL037C SRO9	parent Suva YMR186W HSC82	parent Suva YCL037C SRO9	1.1395643923791354		
37	parent	CPX-1276	Suva YAL005C SSA1--Suva YCL037C SRO9	parent	YAL005C SSA1--YCL037C SRO9		Suva	Suva	Suva YAL005C SSA1	Suva YCL037C SRO9	parent Suva YAL005C SSA1	parent Suva YCL037C SRO9	parent Suva YAL005C SSA1	1.6251908973586542	parent Suva YCL037C SRO9	1.1395643923791354
38	parent	CPX-1276	Suva YCL037C SRO9--Suva YPL240C HSP82	parent	YCL037C SRO9--YPL240C HSP82	0.0969185879753116	Suva	Suva	Suva YCL037C SRO9	Suva YPL240C HSP82	parent Suva YCL037C SRO9	parent Suva YPL240C HSP82	parent Suva YCL037C SRO9	1.1395643923791354	parent Suva YPL240C HSP82	2.4796635793457007
39	parent	CPX-1276	Suva YLL024C SSA2--Suva YMR186W HSC82	parent	YLL024C SSA2--YMR186W HSC82		Suva	Suva	Suva YLL024C SSA2	Suva YMR186W HSC82	parent Suva YLL024C SSA2	parent Suva YMR186W HSC82	parent Suva YLL024C SSA2	1.388848227855796		
40	parent	CPX-1276	Suva YAL005C SSA1--Suva YLL024C SSA2	parent	YAL005C SSA1--YLL024C SSA2	0.6528073039369913	Suva	Suva	Suva YAL005C SSA1	Suva YLL024C SSA2	parent Suva YAL005C SSA1	parent Suva YLL024C SSA2	parent Suva YAL005C SSA1	1.6251908973586542	parent Suva YLL024C SSA2	1.388848227855796
41	parent	CPX-1276	Suva YLL024C SSA2--Suva YPL240C HSP82	parent	YLL024C SSA2--YPL240C HSP82		Suva	Suva	Suva YLL024C SSA2	Suva YPL240C HSP82	parent Suva YLL024C SSA2	parent Suva YPL240C HSP82	parent Suva YLL024C SSA2	1.388848227855796	parent Suva YPL240C HSP82	2.4796635793457007
42	parent	CPX-1276	Suva YAL005C SSA1--Suva YMR186W HSC82	parent	YAL005C SSA1--YMR186W HSC82		Suva	Suva	Suva YAL005C SSA1	Suva YMR186W HSC82	parent Suva YAL005C SSA1	parent Suva YMR186W HSC82	parent Suva YAL005C SSA1	1.6251908973586542		
43	parent	CPX-1276	Suva YMR186W HSC82--Suva YPL240C HSP82	parent	YMR186W HSC82--YPL240C HSP82		Suva	Suva	Suva YMR186W HSC82	Suva YPL240C HSP82	parent Suva YMR186W HSC82	parent Suva YPL240C HSP82			parent Suva YPL240C HSP82	2.4796635793457007
44	parent	CPX-1276	Suva YAL005C SSA1--Suva YPL240C HSP82	parent	YAL005C SSA1--YPL240C HSP82	0.06364187268119281	Suva	Suva	Suva YAL005C SSA1	Suva YPL240C HSP82	parent Suva YAL005C SSA1	parent Suva YPL240C HSP82	parent Suva YAL005C SSA1	1.6251908973586542	parent Suva YPL240C HSP82	2.4796635793457007
