	species1 type	complex id	species name interaction id	species2 type	interaction id	interaction score	species1 name	species2 name	species name interactor1	species name interactor2	species type interactor1	species type interactor2	species type interactor interactor1	protein abundance (log10 scale) interactor1	species type interactor interactor2	protein abundance (log10 scale) interactor2
0	parent	CPX-1293	Scer YDR148C KGD2--Scer YFL018C LPD1	parent	YDR148C KGD2--YFL018C LPD1	0.002724230667040861	Scer	Scer	Scer YDR148C KGD2	Scer YFL018C LPD1	parent Scer YDR148C KGD2	parent Scer YFL018C LPD1	parent Scer YDR148C KGD2	1.0531883251908485	parent Scer YFL018C LPD1	1.6672421742710088
1	parent	CPX-1293	Scer YDR148C KGD2--Scer YIL125W KGD1	parent	YDR148C KGD2--YIL125W KGD1	0.4084849959818319	Scer	Scer	Scer YDR148C KGD2	Scer YIL125W KGD1	parent Scer YDR148C KGD2	parent Scer YIL125W KGD1	parent Scer YDR148C KGD2	1.0531883251908485	parent Scer YIL125W KGD1	0.994998889094787
2	parent	CPX-1293	Scer YDR148C KGD2--Suva YDR148C KGD2	parent	YDR148C KGD2--YDR148C KGD2		Scer	Suva	Scer YDR148C KGD2	Suva YDR148C KGD2	parent Scer YDR148C KGD2	parent Suva YDR148C KGD2	parent Scer YDR148C KGD2	1.0531883251908485	parent Suva YDR148C KGD2	0.822790870047304
3	parent	CPX-1293	Scer YDR148C KGD2--Suva YFL018C LPD1	parent	YDR148C KGD2--YFL018C LPD1		Scer	Suva	Scer YDR148C KGD2	Suva YFL018C LPD1	parent Scer YDR148C KGD2	parent Suva YFL018C LPD1	parent Scer YDR148C KGD2	1.0531883251908485		
4	parent	CPX-1293	Scer YDR148C KGD2--Suva YIL125W KGD1	parent	YDR148C KGD2--YIL125W KGD1	0.4183199362164144	Scer	Suva	Scer YDR148C KGD2	Suva YIL125W KGD1	parent Scer YDR148C KGD2	parent Suva YIL125W KGD1	parent Scer YDR148C KGD2	1.0531883251908485	parent Suva YIL125W KGD1	0.9239370816543524
5	parent	CPX-1293	Scer YFL018C LPD1--Scer YIL125W KGD1	parent	YFL018C LPD1--YIL125W KGD1	0.0924382966499956	Scer	Scer	Scer YFL018C LPD1	Scer YIL125W KGD1	parent Scer YFL018C LPD1	parent Scer YIL125W KGD1	parent Scer YFL018C LPD1	1.6672421742710088	parent Scer YIL125W KGD1	0.994998889094787
6	parent	CPX-1293	Scer YFL018C LPD1--Suva YDR148C KGD2	parent	YDR148C KGD2--YFL018C LPD1	0.03735164011447223	Scer	Suva	Scer YFL018C LPD1	Suva YDR148C KGD2	parent Scer YFL018C LPD1	parent Suva YDR148C KGD2	parent Scer YFL018C LPD1	1.6672421742710088	parent Suva YDR148C KGD2	0.822790870047304
7	parent	CPX-1293	Scer YFL018C LPD1--Suva YFL018C LPD1	parent	YFL018C LPD1--YFL018C LPD1		Scer	Suva	Scer YFL018C LPD1	Suva YFL018C LPD1	parent Scer YFL018C LPD1	parent Suva YFL018C LPD1	parent Scer YFL018C LPD1	1.6672421742710088		
8	parent	CPX-1293	Scer YFL018C LPD1--Suva YIL125W KGD1	parent	YFL018C LPD1--YIL125W KGD1	0.08512541889186909	Scer	Suva	Scer YFL018C LPD1	Suva YIL125W KGD1	parent Scer YFL018C LPD1	parent Suva YIL125W KGD1	parent Scer YFL018C LPD1	1.6672421742710088	parent Suva YIL125W KGD1	0.9239370816543524
9	parent	CPX-1293	Scer YIL125W KGD1--Suva YDR148C KGD2	parent	YDR148C KGD2--YIL125W KGD1	0.5219303137167557	Scer	Suva	Scer YIL125W KGD1	Suva YDR148C KGD2	parent Scer YIL125W KGD1	parent Suva YDR148C KGD2	parent Scer YIL125W KGD1	0.994998889094787	parent Suva YDR148C KGD2	0.822790870047304
10	parent	CPX-1293	Scer YIL125W KGD1--Suva YFL018C LPD1	parent	YFL018C LPD1--YIL125W KGD1		Scer	Suva	Scer YIL125W KGD1	Suva YFL018C LPD1	parent Scer YIL125W KGD1	parent Suva YFL018C LPD1	parent Scer YIL125W KGD1	0.994998889094787		
11	parent	CPX-1293	Scer YIL125W KGD1--Suva YIL125W KGD1	parent	YIL125W KGD1--YIL125W KGD1		Scer	Suva	Scer YIL125W KGD1	Suva YIL125W KGD1	parent Scer YIL125W KGD1	parent Suva YIL125W KGD1	parent Scer YIL125W KGD1	0.994998889094787	parent Suva YIL125W KGD1	0.9239370816543524
12	parent	CPX-1293	Suva YDR148C KGD2--Suva YFL018C LPD1	parent	YDR148C KGD2--YFL018C LPD1		Suva	Suva	Suva YDR148C KGD2	Suva YFL018C LPD1	parent Suva YDR148C KGD2	parent Suva YFL018C LPD1	parent Suva YDR148C KGD2	0.822790870047304		
13	parent	CPX-1293	Suva YDR148C KGD2--Suva YIL125W KGD1	parent	YDR148C KGD2--YIL125W KGD1	0.5271115331778755	Suva	Suva	Suva YDR148C KGD2	Suva YIL125W KGD1	parent Suva YDR148C KGD2	parent Suva YIL125W KGD1	parent Suva YDR148C KGD2	0.822790870047304	parent Suva YIL125W KGD1	0.9239370816543524
14	parent	CPX-1293	Suva YFL018C LPD1--Suva YIL125W KGD1	parent	YFL018C LPD1--YIL125W KGD1		Suva	Suva	Suva YFL018C LPD1	Suva YIL125W KGD1	parent Suva YFL018C LPD1	parent Suva YIL125W KGD1			parent Suva YIL125W KGD1	0.9239370816543524
