	interaction type	interaction id	interaction score	species name interaction id	group	species name interactor1	species name interactor2	species1 name	species2 name	protein abundance (log10 scale) interactor1	protein abundance (log10 scale) interactor2
0	between hybrid Scer Suva	YEL003W GIM4--YGR078C PAC10	0.5576561916036017	Scer YEL003W GIM4--Suva YGR078C PAC10	hybrid	Scer YEL003W GIM4	Suva YGR078C PAC10	Scer	Suva	0	0
1	between hybrid Scer Suva	YEL003W GIM4--YJL179W PFD1	0.3597930573791957	Scer YEL003W GIM4--Suva YJL179W PFD1	hybrid	Scer YEL003W GIM4	Suva YJL179W PFD1	Scer	Suva	0	0
2	between hybrid Scer Suva	YEL003W GIM4--YLR200W YKE2	0.3380825437030057	Scer YEL003W GIM4--Suva YLR200W YKE2	hybrid	Scer YEL003W GIM4	Suva YLR200W YKE2	Scer	Suva	0	0
3	between hybrid Scer Suva	YEL003W GIM4--YML094W GIM5	0.32135924876791405	Scer YEL003W GIM4--Suva YML094W GIM5	hybrid	Scer YEL003W GIM4	Suva YML094W GIM5	Scer	Suva	0	0
4	between hybrid Scer Suva	YEL003W GIM4--YNL153C GIM3	0.32108171196866664	Scer YEL003W GIM4--Suva YNL153C GIM3	hybrid	Scer YEL003W GIM4	Suva YNL153C GIM3	Scer	Suva	0	0
5	between hybrid Scer Suva	YGR078C PAC10--YJL179W PFD1	0.3435809470124678	Scer YGR078C PAC10--Suva YJL179W PFD1	hybrid	Scer YGR078C PAC10	Suva YJL179W PFD1	Scer	Suva	0	0
6	between hybrid Scer Suva	YGR078C PAC10--YLR200W YKE2	0.8839967676414928	Scer YGR078C PAC10--Suva YLR200W YKE2	hybrid	Scer YGR078C PAC10	Suva YLR200W YKE2	Scer	Suva	0	0
7	between hybrid Scer Suva	YGR078C PAC10--YML094W GIM5	0.7280511022089509	Scer YGR078C PAC10--Suva YML094W GIM5	hybrid	Scer YGR078C PAC10	Suva YML094W GIM5	Scer	Suva	0	0
8	between hybrid Scer Suva	YGR078C PAC10--YNL153C GIM3	0.7483683041013008	Scer YGR078C PAC10--Suva YNL153C GIM3	hybrid	Scer YGR078C PAC10	Suva YNL153C GIM3	Scer	Suva	0	0
9	between hybrid Scer Suva	YJL179W PFD1--YLR200W YKE2	0.2913674057700796	Scer YJL179W PFD1--Suva YLR200W YKE2	hybrid	Scer YJL179W PFD1	Suva YLR200W YKE2	Scer	Suva	0	0
10	between hybrid Scer Suva	YJL179W PFD1--YML094W GIM5	0.6900991719130152	Scer YJL179W PFD1--Suva YML094W GIM5	hybrid	Scer YJL179W PFD1	Suva YML094W GIM5	Scer	Suva	0	0
11	between hybrid Scer Suva	YJL179W PFD1--YNL153C GIM3	0.0	Scer YJL179W PFD1--Suva YNL153C GIM3	hybrid	Scer YJL179W PFD1	Suva YNL153C GIM3	Scer	Suva	0	0
12	between hybrid Scer Suva	YLR200W YKE2--YML094W GIM5	0.7572127837083369	Scer YLR200W YKE2--Suva YML094W GIM5	hybrid	Scer YLR200W YKE2	Suva YML094W GIM5	Scer	Suva	0	0
13	between hybrid Scer Suva	YLR200W YKE2--YNL153C GIM3	0.6625393234218239	Scer YLR200W YKE2--Suva YNL153C GIM3	hybrid	Scer YLR200W YKE2	Suva YNL153C GIM3	Scer	Suva	0	0
14	between hybrid Scer Suva	YML094W GIM5--YNL153C GIM3	0.25	Scer YML094W GIM5--Suva YNL153C GIM3	hybrid	Scer YML094W GIM5	Suva YNL153C GIM3	Scer	Suva	0	0
15	within hybrid Scer Scer	YEL003W GIM4--YGR078C PAC10	0.25	Scer YEL003W GIM4--Scer YGR078C PAC10	hybrid	Scer YEL003W GIM4	Scer YGR078C PAC10	Scer	Scer	0	0
16	within hybrid Scer Scer	YEL003W GIM4--YJL179W PFD1	0.25	Scer YEL003W GIM4--Scer YJL179W PFD1	hybrid	Scer YEL003W GIM4	Scer YJL179W PFD1	Scer	Scer	0	0
17	within hybrid Scer Scer	YEL003W GIM4--YLR200W YKE2	0.25	Scer YEL003W GIM4--Scer YLR200W YKE2	hybrid	Scer YEL003W GIM4	Scer YLR200W YKE2	Scer	Scer	0	0
18	within hybrid Scer Scer	YEL003W GIM4--YML094W GIM5	0.25	Scer YEL003W GIM4--Scer YML094W GIM5	hybrid	Scer YEL003W GIM4	Scer YML094W GIM5	Scer	Scer	0	0
19	within hybrid Scer Scer	YEL003W GIM4--YNL153C GIM3	0.33045273422335714	Scer YEL003W GIM4--Scer YNL153C GIM3	hybrid	Scer YEL003W GIM4	Scer YNL153C GIM3	Scer	Scer	0	0
20	within hybrid Scer Scer	YGR078C PAC10--YJL179W PFD1	0.25	Scer YGR078C PAC10--Scer YJL179W PFD1	hybrid	Scer YGR078C PAC10	Scer YJL179W PFD1	Scer	Scer	0	0
21	within hybrid Scer Scer	YGR078C PAC10--YLR200W YKE2	0.8965740020374495	Scer YGR078C PAC10--Scer YLR200W YKE2	hybrid	Scer YGR078C PAC10	Scer YLR200W YKE2	Scer	Scer	0	0
22	within hybrid Scer Scer	YGR078C PAC10--YML094W GIM5	0.5783758350342119	Scer YGR078C PAC10--Scer YML094W GIM5	hybrid	Scer YGR078C PAC10	Scer YML094W GIM5	Scer	Scer	0	0
23	within hybrid Scer Scer	YGR078C PAC10--YNL153C GIM3	0.7184906164310141	Scer YGR078C PAC10--Scer YNL153C GIM3	hybrid	Scer YGR078C PAC10	Scer YNL153C GIM3	Scer	Scer	0	0
24	within hybrid Scer Scer	YJL179W PFD1--YLR200W YKE2	0.2618509929188042	Scer YJL179W PFD1--Scer YLR200W YKE2	hybrid	Scer YJL179W PFD1	Scer YLR200W YKE2	Scer	Scer	0	0
25	within hybrid Scer Scer	YJL179W PFD1--YML094W GIM5	0.2942520727904535	Scer YJL179W PFD1--Scer YML094W GIM5	hybrid	Scer YJL179W PFD1	Scer YML094W GIM5	Scer	Scer	0	0
26	within hybrid Scer Scer	YJL179W PFD1--YNL153C GIM3	0.25	Scer YJL179W PFD1--Scer YNL153C GIM3	hybrid	Scer YJL179W PFD1	Scer YNL153C GIM3	Scer	Scer	0	0
27	within hybrid Scer Scer	YLR200W YKE2--YML094W GIM5	0.7297842378534165	Scer YLR200W YKE2--Scer YML094W GIM5	hybrid	Scer YLR200W YKE2	Scer YML094W GIM5	Scer	Scer	0	0
28	within hybrid Scer Scer	YLR200W YKE2--YNL153C GIM3	0.6822125105951857	Scer YLR200W YKE2--Scer YNL153C GIM3	hybrid	Scer YLR200W YKE2	Scer YNL153C GIM3	Scer	Scer	0	0
29	within hybrid Scer Scer	YML094W GIM5--YNL153C GIM3	0.30815149271876097	Scer YML094W GIM5--Scer YNL153C GIM3	hybrid	Scer YML094W GIM5	Scer YNL153C GIM3	Scer	Scer	0	0
30	within hybrid Suva Suva	YEL003W GIM4--YGR078C PAC10	0.7454339493850537	Suva YEL003W GIM4--Suva YGR078C PAC10	hybrid	Suva YEL003W GIM4	Suva YGR078C PAC10	Suva	Suva	0	0
31	within hybrid Suva Suva	YEL003W GIM4--YJL179W PFD1	0.6233657351648174	Suva YEL003W GIM4--Suva YJL179W PFD1	hybrid	Suva YEL003W GIM4	Suva YJL179W PFD1	Suva	Suva	0	0
32	within hybrid Suva Suva	YEL003W GIM4--YLR200W YKE2	0.4093440913115202	Suva YEL003W GIM4--Suva YLR200W YKE2	hybrid	Suva YEL003W GIM4	Suva YLR200W YKE2	Suva	Suva	0	0
33	within hybrid Suva Suva	YEL003W GIM4--YML094W GIM5	0.4994037529537626	Suva YEL003W GIM4--Suva YML094W GIM5	hybrid	Suva YEL003W GIM4	Suva YML094W GIM5	Suva	Suva	0	0
34	within hybrid Suva Suva	YEL003W GIM4--YNL153C GIM3	0.5316069183878314	Suva YEL003W GIM4--Suva YNL153C GIM3	hybrid	Suva YEL003W GIM4	Suva YNL153C GIM3	Suva	Suva	0	0
35	within hybrid Suva Suva	YGR078C PAC10--YJL179W PFD1	0.3147003474492979	Suva YGR078C PAC10--Suva YJL179W PFD1	hybrid	Suva YGR078C PAC10	Suva YJL179W PFD1	Suva	Suva	0	0
36	within hybrid Suva Suva	YGR078C PAC10--YLR200W YKE2	1.0	Suva YGR078C PAC10--Suva YLR200W YKE2	hybrid	Suva YGR078C PAC10	Suva YLR200W YKE2	Suva	Suva	0	0
37	within hybrid Suva Suva	YGR078C PAC10--YML094W GIM5	0.6785913491063083	Suva YGR078C PAC10--Suva YML094W GIM5	hybrid	Suva YGR078C PAC10	Suva YML094W GIM5	Suva	Suva	0	0
38	within hybrid Suva Suva	YGR078C PAC10--YNL153C GIM3	0.793365198082267	Suva YGR078C PAC10--Suva YNL153C GIM3	hybrid	Suva YGR078C PAC10	Suva YNL153C GIM3	Suva	Suva	0	0
39	within hybrid Suva Suva	YJL179W PFD1--YLR200W YKE2	0.25	Suva YJL179W PFD1--Suva YLR200W YKE2	hybrid	Suva YJL179W PFD1	Suva YLR200W YKE2	Suva	Suva	0	0
40	within hybrid Suva Suva	YJL179W PFD1--YML094W GIM5	0.7310458623366435	Suva YJL179W PFD1--Suva YML094W GIM5	hybrid	Suva YJL179W PFD1	Suva YML094W GIM5	Suva	Suva	0	0
41	within hybrid Suva Suva	YJL179W PFD1--YNL153C GIM3	0.25	Suva YJL179W PFD1--Suva YNL153C GIM3	hybrid	Suva YJL179W PFD1	Suva YNL153C GIM3	Suva	Suva	0	0
42	within hybrid Suva Suva	YLR200W YKE2--YML094W GIM5	0.7181816391720663	Suva YLR200W YKE2--Suva YML094W GIM5	hybrid	Suva YLR200W YKE2	Suva YML094W GIM5	Suva	Suva	0	0
43	within hybrid Suva Suva	YLR200W YKE2--YNL153C GIM3	0.6811842090615972	Suva YLR200W YKE2--Suva YNL153C GIM3	hybrid	Suva YLR200W YKE2	Suva YNL153C GIM3	Suva	Suva	0	0
44	within hybrid Suva Suva	YML094W GIM5--YNL153C GIM3	0.3072980869494729	Suva YML094W GIM5--Suva YNL153C GIM3	hybrid	Suva YML094W GIM5	Suva YNL153C GIM3	Suva	Suva	0	0
