	species1 type	complex id	species name interaction id	species2 type	interaction id	interaction score	species1 name	species2 name	species name interactor1	species name interactor2	species type interactor1	species type interactor2	species type interactor interactor1	protein abundance (log10 scale) interactor1	species type interactor interactor2	protein abundance (log10 scale) interactor2
0	hybrid	CPX-3207	Scer YER178W PDA1--Scer YFL018C LPD1	hybrid	YER178W PDA1--YFL018C LPD1	0.3324913789162309	Scer	Scer	Scer YER178W PDA1	Scer YFL018C LPD1	hybrid Scer YER178W PDA1	hybrid Scer YFL018C LPD1	hybrid Scer YER178W PDA1	0.3924621347451496	hybrid Scer YFL018C LPD1	1.6095248819158252
1	hybrid	CPX-3207	Scer YER178W PDA1--Scer YNL071W LAT1	hybrid	YER178W PDA1--YNL071W LAT1	0.5751653764401679	Scer	Scer	Scer YER178W PDA1	Scer YNL071W LAT1	hybrid Scer YER178W PDA1	hybrid Scer YNL071W LAT1	hybrid Scer YER178W PDA1	0.3924621347451496	hybrid Scer YNL071W LAT1	1.184887445347679
2	hybrid	CPX-3207	Scer YER178W PDA1--Suva YER178W PDA1	hybrid	YER178W PDA1--YER178W PDA1		Scer	Suva	Scer YER178W PDA1	Suva YER178W PDA1	hybrid Scer YER178W PDA1	hybrid Suva YER178W PDA1	hybrid Scer YER178W PDA1	0.3924621347451496		
3	hybrid	CPX-3207	Scer YER178W PDA1--Suva YFL018C LPD1	hybrid	YER178W PDA1--YFL018C LPD1	0.2301710000929593	Scer	Suva	Scer YER178W PDA1	Suva YFL018C LPD1	hybrid Scer YER178W PDA1	hybrid Suva YFL018C LPD1	hybrid Scer YER178W PDA1	0.3924621347451496	hybrid Suva YFL018C LPD1	1.3678556413731564
4	hybrid	CPX-3207	Scer YER178W PDA1--Suva YNL071W LAT1	hybrid	YER178W PDA1--YNL071W LAT1		Scer	Suva	Scer YER178W PDA1	Suva YNL071W LAT1	hybrid Scer YER178W PDA1	hybrid Suva YNL071W LAT1	hybrid Scer YER178W PDA1	0.3924621347451496		
5	hybrid	CPX-3207	Scer YFL018C LPD1--Scer YNL071W LAT1	hybrid	YFL018C LPD1--YNL071W LAT1	0.3092720391052488	Scer	Scer	Scer YFL018C LPD1	Scer YNL071W LAT1	hybrid Scer YFL018C LPD1	hybrid Scer YNL071W LAT1	hybrid Scer YFL018C LPD1	1.6095248819158252	hybrid Scer YNL071W LAT1	1.184887445347679
6	hybrid	CPX-3207	Scer YFL018C LPD1--Suva YER178W PDA1	hybrid	YER178W PDA1--YFL018C LPD1		Scer	Suva	Scer YFL018C LPD1	Suva YER178W PDA1	hybrid Scer YFL018C LPD1	hybrid Suva YER178W PDA1	hybrid Scer YFL018C LPD1	1.6095248819158252		
7	hybrid	CPX-3207	Scer YFL018C LPD1--Suva YFL018C LPD1	hybrid	YFL018C LPD1--YFL018C LPD1		Scer	Suva	Scer YFL018C LPD1	Suva YFL018C LPD1	hybrid Scer YFL018C LPD1	hybrid Suva YFL018C LPD1	hybrid Scer YFL018C LPD1	1.6095248819158252	hybrid Suva YFL018C LPD1	1.3678556413731564
8	hybrid	CPX-3207	Scer YFL018C LPD1--Suva YNL071W LAT1	hybrid	YFL018C LPD1--YNL071W LAT1		Scer	Suva	Scer YFL018C LPD1	Suva YNL071W LAT1	hybrid Scer YFL018C LPD1	hybrid Suva YNL071W LAT1	hybrid Scer YFL018C LPD1	1.6095248819158252		
9	hybrid	CPX-3207	Scer YNL071W LAT1--Suva YER178W PDA1	hybrid	YER178W PDA1--YNL071W LAT1		Scer	Suva	Scer YNL071W LAT1	Suva YER178W PDA1	hybrid Scer YNL071W LAT1	hybrid Suva YER178W PDA1	hybrid Scer YNL071W LAT1	1.184887445347679		
10	hybrid	CPX-3207	Scer YNL071W LAT1--Suva YFL018C LPD1	hybrid	YFL018C LPD1--YNL071W LAT1	0.2301710000929593	Scer	Suva	Scer YNL071W LAT1	Suva YFL018C LPD1	hybrid Scer YNL071W LAT1	hybrid Suva YFL018C LPD1	hybrid Scer YNL071W LAT1	1.184887445347679	hybrid Suva YFL018C LPD1	1.3678556413731564
11	hybrid	CPX-3207	Scer YNL071W LAT1--Suva YNL071W LAT1	hybrid	YNL071W LAT1--YNL071W LAT1		Scer	Suva	Scer YNL071W LAT1	Suva YNL071W LAT1	hybrid Scer YNL071W LAT1	hybrid Suva YNL071W LAT1	hybrid Scer YNL071W LAT1	1.184887445347679		
12	hybrid	CPX-3207	Suva YER178W PDA1--Suva YFL018C LPD1	hybrid	YER178W PDA1--YFL018C LPD1		Suva	Suva	Suva YER178W PDA1	Suva YFL018C LPD1	hybrid Suva YER178W PDA1	hybrid Suva YFL018C LPD1			hybrid Suva YFL018C LPD1	1.3678556413731564
13	hybrid	CPX-3207	Suva YER178W PDA1--Suva YNL071W LAT1	hybrid	YER178W PDA1--YNL071W LAT1		Suva	Suva	Suva YER178W PDA1	Suva YNL071W LAT1	hybrid Suva YER178W PDA1	hybrid Suva YNL071W LAT1				
14	hybrid	CPX-3207	Suva YFL018C LPD1--Suva YNL071W LAT1	hybrid	YFL018C LPD1--YNL071W LAT1		Suva	Suva	Suva YFL018C LPD1	Suva YNL071W LAT1	hybrid Suva YFL018C LPD1	hybrid Suva YNL071W LAT1	hybrid Suva YFL018C LPD1	1.3678556413731564		
