	species1 type	complex id	species name interaction id	species2 type	interaction id	interaction score	species1 name	species2 name	species name interactor1	species name interactor2	species type interactor1	species type interactor2	species type interactor interactor1	protein abundance (log10 scale) interactor1	species type interactor interactor2	protein abundance (log10 scale) interactor2
0	hybrid	CPX-554	Scer YGR240C PFK1--Scer YMR205C PFK2	hybrid	YGR240C PFK1--YMR205C PFK2	0.18065260329890853	Scer	Scer	Scer YGR240C PFK1	Scer YMR205C PFK2	hybrid Scer YGR240C PFK1	hybrid Scer YMR205C PFK2	hybrid Scer YGR240C PFK1	2.322931025191028	hybrid Scer YMR205C PFK2	2.4316349582225016
1	hybrid	CPX-554	Scer YGR240C PFK1--Suva YGR240C PFK1	hybrid	YGR240C PFK1--YGR240C PFK1		Scer	Suva	Scer YGR240C PFK1	Suva YGR240C PFK1	hybrid Scer YGR240C PFK1	hybrid Suva YGR240C PFK1	hybrid Scer YGR240C PFK1	2.322931025191028	hybrid Suva YGR240C PFK1	1.956582460358805
2	hybrid	CPX-554	Scer YGR240C PFK1--Suva YMR205C PFK2	hybrid	YGR240C PFK1--YMR205C PFK2	0.8737320023560328	Scer	Suva	Scer YGR240C PFK1	Suva YMR205C PFK2	hybrid Scer YGR240C PFK1	hybrid Suva YMR205C PFK2	hybrid Scer YGR240C PFK1	2.322931025191028	hybrid Suva YMR205C PFK2	2.265488241850827
3	hybrid	CPX-554	Scer YMR205C PFK2--Suva YGR240C PFK1	hybrid	YGR240C PFK1--YMR205C PFK2	0.4391144757183321	Scer	Suva	Scer YMR205C PFK2	Suva YGR240C PFK1	hybrid Scer YMR205C PFK2	hybrid Suva YGR240C PFK1	hybrid Scer YMR205C PFK2	2.4316349582225016	hybrid Suva YGR240C PFK1	1.956582460358805
4	hybrid	CPX-554	Scer YMR205C PFK2--Suva YMR205C PFK2	hybrid	YMR205C PFK2--YMR205C PFK2		Scer	Suva	Scer YMR205C PFK2	Suva YMR205C PFK2	hybrid Scer YMR205C PFK2	hybrid Suva YMR205C PFK2	hybrid Scer YMR205C PFK2	2.4316349582225016	hybrid Suva YMR205C PFK2	2.265488241850827
5	hybrid	CPX-554	Suva YGR240C PFK1--Suva YMR205C PFK2	hybrid	YGR240C PFK1--YMR205C PFK2	0.2907414790954275	Suva	Suva	Suva YGR240C PFK1	Suva YMR205C PFK2	hybrid Suva YGR240C PFK1	hybrid Suva YMR205C PFK2	hybrid Suva YGR240C PFK1	1.956582460358805	hybrid Suva YMR205C PFK2	2.265488241850827
