	interaction type	interaction id	interaction score	species name interaction id	group	species name interactor1	species name interactor2	species1 name	species2 name	protein abundance (log10 scale) interactor1	protein abundance (log10 scale) interactor2
0	within parent Scer Scer	YEL003W GIM4--YGR078C PAC10	0.3388432084921675	Scer YEL003W GIM4--Scer YGR078C PAC10	Scer	Scer YEL003W GIM4	Scer YGR078C PAC10	Scer	Scer		
1	within parent Scer Scer	YEL003W GIM4--YJL179W PFD1	0.21866902832393506	Scer YEL003W GIM4--Scer YJL179W PFD1	Scer	Scer YEL003W GIM4	Scer YJL179W PFD1	Scer	Scer		
2	within parent Scer Scer	YEL003W GIM4--YLR200W YKE2	0.13695985017317827	Scer YEL003W GIM4--Scer YLR200W YKE2	Scer	Scer YEL003W GIM4	Scer YLR200W YKE2	Scer	Scer		
3	within parent Scer Scer	YEL003W GIM4--YML094W GIM5	0.03357413234737424	Scer YEL003W GIM4--Scer YML094W GIM5	Scer	Scer YEL003W GIM4	Scer YML094W GIM5	Scer	Scer		
4	within parent Scer Scer	YEL003W GIM4--YNL153C GIM3	0.117190271829042	Scer YEL003W GIM4--Scer YNL153C GIM3	Scer	Scer YEL003W GIM4	Scer YNL153C GIM3	Scer	Scer		
5	within parent Scer Scer	YGR078C PAC10--YJL179W PFD1	0.4306425249758468	Scer YGR078C PAC10--Scer YJL179W PFD1	Scer	Scer YGR078C PAC10	Scer YJL179W PFD1	Scer	Scer		
6	within parent Scer Scer	YGR078C PAC10--YLR200W YKE2	1.0	Scer YGR078C PAC10--Scer YLR200W YKE2	Scer	Scer YGR078C PAC10	Scer YLR200W YKE2	Scer	Scer		
7	within parent Scer Scer	YGR078C PAC10--YML094W GIM5	0.7576257667520042	Scer YGR078C PAC10--Scer YML094W GIM5	Scer	Scer YGR078C PAC10	Scer YML094W GIM5	Scer	Scer		
8	within parent Scer Scer	YGR078C PAC10--YNL153C GIM3	0.8955074831925707	Scer YGR078C PAC10--Scer YNL153C GIM3	Scer	Scer YGR078C PAC10	Scer YNL153C GIM3	Scer	Scer		
9	within parent Scer Scer	YJL179W PFD1--YLR200W YKE2	0.4707744277261275	Scer YJL179W PFD1--Scer YLR200W YKE2	Scer	Scer YJL179W PFD1	Scer YLR200W YKE2	Scer	Scer		
10	within parent Scer Scer	YJL179W PFD1--YML094W GIM5	0.2394214292440203	Scer YJL179W PFD1--Scer YML094W GIM5	Scer	Scer YJL179W PFD1	Scer YML094W GIM5	Scer	Scer		
11	within parent Scer Scer	YJL179W PFD1--YNL153C GIM3	0.0	Scer YJL179W PFD1--Scer YNL153C GIM3	Scer	Scer YJL179W PFD1	Scer YNL153C GIM3	Scer	Scer		
12	within parent Scer Scer	YLR200W YKE2--YML094W GIM5	0.8989154057133392	Scer YLR200W YKE2--Scer YML094W GIM5	Scer	Scer YLR200W YKE2	Scer YML094W GIM5	Scer	Scer		
13	within parent Scer Scer	YLR200W YKE2--YNL153C GIM3	0.7387360168066216	Scer YLR200W YKE2--Scer YNL153C GIM3	Scer	Scer YLR200W YKE2	Scer YNL153C GIM3	Scer	Scer		
14	within parent Scer Scer	YML094W GIM5--YNL153C GIM3	0.1780955889893708	Scer YML094W GIM5--Scer YNL153C GIM3	Scer	Scer YML094W GIM5	Scer YNL153C GIM3	Scer	Scer		
15	within parent Suva Suva	YEL003W GIM4--YGR078C PAC10	0.8142761120781935	Suva YEL003W GIM4--Suva YGR078C PAC10	Suva	Suva YEL003W GIM4	Suva YGR078C PAC10	Suva	Suva		
16	within parent Suva Suva	YEL003W GIM4--YJL179W PFD1	0.5456207654064185	Suva YEL003W GIM4--Suva YJL179W PFD1	Suva	Suva YEL003W GIM4	Suva YJL179W PFD1	Suva	Suva		
17	within parent Suva Suva	YEL003W GIM4--YLR200W YKE2	0.5051576741670603	Suva YEL003W GIM4--Suva YLR200W YKE2	Suva	Suva YEL003W GIM4	Suva YLR200W YKE2	Suva	Suva		
18	within parent Suva Suva	YEL003W GIM4--YML094W GIM5	0.5395706032704094	Suva YEL003W GIM4--Suva YML094W GIM5	Suva	Suva YEL003W GIM4	Suva YML094W GIM5	Suva	Suva		
19	within parent Suva Suva	YEL003W GIM4--YNL153C GIM3	0.4684419446023357	Suva YEL003W GIM4--Suva YNL153C GIM3	Suva	Suva YEL003W GIM4	Suva YNL153C GIM3	Suva	Suva		
20	within parent Suva Suva	YGR078C PAC10--YJL179W PFD1	0.2083337768106664	Suva YGR078C PAC10--Suva YJL179W PFD1	Suva	Suva YGR078C PAC10	Suva YJL179W PFD1	Suva	Suva		
21	within parent Suva Suva	YGR078C PAC10--YLR200W YKE2	1.0	Suva YGR078C PAC10--Suva YLR200W YKE2	Suva	Suva YGR078C PAC10	Suva YLR200W YKE2	Suva	Suva		
22	within parent Suva Suva	YGR078C PAC10--YML094W GIM5	0.6918298783848368	Suva YGR078C PAC10--Suva YML094W GIM5	Suva	Suva YGR078C PAC10	Suva YML094W GIM5	Suva	Suva		
23	within parent Suva Suva	YGR078C PAC10--YNL153C GIM3	0.8188655210512008	Suva YGR078C PAC10--Suva YNL153C GIM3	Suva	Suva YGR078C PAC10	Suva YNL153C GIM3	Suva	Suva		
24	within parent Suva Suva	YJL179W PFD1--YLR200W YKE2	0.11878347283951912	Suva YJL179W PFD1--Suva YLR200W YKE2	Suva	Suva YJL179W PFD1	Suva YLR200W YKE2	Suva	Suva		
25	within parent Suva Suva	YJL179W PFD1--YML094W GIM5	0.6890431085360524	Suva YJL179W PFD1--Suva YML094W GIM5	Suva	Suva YJL179W PFD1	Suva YML094W GIM5	Suva	Suva		
26	within parent Suva Suva	YJL179W PFD1--YNL153C GIM3	0.0	Suva YJL179W PFD1--Suva YNL153C GIM3	Suva	Suva YJL179W PFD1	Suva YNL153C GIM3	Suva	Suva		
27	within parent Suva Suva	YLR200W YKE2--YML094W GIM5	0.8407156261631658	Suva YLR200W YKE2--Suva YML094W GIM5	Suva	Suva YLR200W YKE2	Suva YML094W GIM5	Suva	Suva		
28	within parent Suva Suva	YLR200W YKE2--YNL153C GIM3	0.6754512538599704	Suva YLR200W YKE2--Suva YNL153C GIM3	Suva	Suva YLR200W YKE2	Suva YNL153C GIM3	Suva	Suva		
29	within parent Suva Suva	YML094W GIM5--YNL153C GIM3	0.31346645223569386	Suva YML094W GIM5--Suva YNL153C GIM3	Suva	Suva YML094W GIM5	Suva YNL153C GIM3	Suva	Suva		
