	species1 type	complex id	species name interaction id	species2 type	interaction id	interaction score	species1 name	species2 name	species name interactor1	species name interactor2	species type interactor1	species type interactor2	species type interactor interactor1	protein abundance (log10 scale) interactor1	species type interactor interactor2	protein abundance (log10 scale) interactor2
0	hybrid	CPX-1323	Scer YDL126C CDC48--Scer YDL190C UFD2	hybrid	YDL126C CDC48--YDL190C UFD2		Scer	Scer	Scer YDL126C CDC48	Scer YDL190C UFD2	hybrid Scer YDL126C CDC48	hybrid Scer YDL190C UFD2	hybrid Scer YDL126C CDC48	1.4141754021502355	hybrid Scer YDL190C UFD2	0.3924621347451496
1	hybrid	CPX-1323	Scer YDL126C CDC48--Scer YEL037C RAD23	hybrid	YDL126C CDC48--YEL037C RAD23		Scer	Scer	Scer YDL126C CDC48	Scer YEL037C RAD23	hybrid Scer YDL126C CDC48	hybrid Scer YEL037C RAD23	hybrid Scer YDL126C CDC48	1.4141754021502355	hybrid Scer YEL037C RAD23	0.822790870047304
2	hybrid	CPX-1323	Scer YDL126C CDC48--Suva YDL126C CDC48	hybrid	YDL126C CDC48--YDL126C CDC48		Scer	Suva	Scer YDL126C CDC48	Suva YDL126C CDC48	hybrid Scer YDL126C CDC48	hybrid Suva YDL126C CDC48	hybrid Scer YDL126C CDC48	1.4141754021502355	hybrid Suva YDL126C CDC48	1.5755810333969007
3	hybrid	CPX-1323	Scer YDL126C CDC48--Suva YDL190C UFD2	hybrid	YDL126C CDC48--YDL190C UFD2		Scer	Suva	Scer YDL126C CDC48	Suva YDL190C UFD2	hybrid Scer YDL126C CDC48	hybrid Suva YDL190C UFD2	hybrid Scer YDL126C CDC48	1.4141754021502355	hybrid Suva YDL190C UFD2	0.9239370816543524
4	hybrid	CPX-1323	Scer YDL126C CDC48--Suva YEL037C RAD23	hybrid	YDL126C CDC48--YEL037C RAD23	0.15422397816664535	Scer	Suva	Scer YDL126C CDC48	Suva YEL037C RAD23	hybrid Scer YDL126C CDC48	hybrid Suva YEL037C RAD23	hybrid Scer YDL126C CDC48	1.4141754021502355	hybrid Suva YEL037C RAD23	0.8200901372150284
5	hybrid	CPX-1323	Scer YDL190C UFD2--Scer YEL037C RAD23	hybrid	YDL190C UFD2--YEL037C RAD23		Scer	Scer	Scer YDL190C UFD2	Scer YEL037C RAD23	hybrid Scer YDL190C UFD2	hybrid Scer YEL037C RAD23	hybrid Scer YDL190C UFD2	0.3924621347451496	hybrid Scer YEL037C RAD23	0.822790870047304
6	hybrid	CPX-1323	Scer YDL190C UFD2--Suva YDL126C CDC48	hybrid	YDL126C CDC48--YDL190C UFD2		Scer	Suva	Scer YDL190C UFD2	Suva YDL126C CDC48	hybrid Scer YDL190C UFD2	hybrid Suva YDL126C CDC48	hybrid Scer YDL190C UFD2	0.3924621347451496	hybrid Suva YDL126C CDC48	1.5755810333969007
7	hybrid	CPX-1323	Scer YDL190C UFD2--Suva YDL190C UFD2	hybrid	YDL190C UFD2--YDL190C UFD2		Scer	Suva	Scer YDL190C UFD2	Suva YDL190C UFD2	hybrid Scer YDL190C UFD2	hybrid Suva YDL190C UFD2	hybrid Scer YDL190C UFD2	0.3924621347451496	hybrid Suva YDL190C UFD2	0.9239370816543524
8	hybrid	CPX-1323	Scer YDL190C UFD2--Suva YEL037C RAD23	hybrid	YDL190C UFD2--YEL037C RAD23		Scer	Suva	Scer YDL190C UFD2	Suva YEL037C RAD23	hybrid Scer YDL190C UFD2	hybrid Suva YEL037C RAD23	hybrid Scer YDL190C UFD2	0.3924621347451496	hybrid Suva YEL037C RAD23	0.8200901372150284
9	hybrid	CPX-1323	Scer YEL037C RAD23--Suva YDL126C CDC48	hybrid	YDL126C CDC48--YEL037C RAD23		Scer	Suva	Scer YEL037C RAD23	Suva YDL126C CDC48	hybrid Scer YEL037C RAD23	hybrid Suva YDL126C CDC48	hybrid Scer YEL037C RAD23	0.822790870047304	hybrid Suva YDL126C CDC48	1.5755810333969007
10	hybrid	CPX-1323	Scer YEL037C RAD23--Suva YDL190C UFD2	hybrid	YDL190C UFD2--YEL037C RAD23	0.2250049449142396	Scer	Suva	Scer YEL037C RAD23	Suva YDL190C UFD2	hybrid Scer YEL037C RAD23	hybrid Suva YDL190C UFD2	hybrid Scer YEL037C RAD23	0.822790870047304	hybrid Suva YDL190C UFD2	0.9239370816543524
11	hybrid	CPX-1323	Scer YEL037C RAD23--Suva YEL037C RAD23	hybrid	YEL037C RAD23--YEL037C RAD23		Scer	Suva	Scer YEL037C RAD23	Suva YEL037C RAD23	hybrid Scer YEL037C RAD23	hybrid Suva YEL037C RAD23	hybrid Scer YEL037C RAD23	0.822790870047304	hybrid Suva YEL037C RAD23	0.8200901372150284
12	hybrid	CPX-1323	Suva YDL126C CDC48--Suva YDL190C UFD2	hybrid	YDL126C CDC48--YDL190C UFD2	0.023207181430055623	Suva	Suva	Suva YDL126C CDC48	Suva YDL190C UFD2	hybrid Suva YDL126C CDC48	hybrid Suva YDL190C UFD2	hybrid Suva YDL126C CDC48	1.5755810333969007	hybrid Suva YDL190C UFD2	0.9239370816543524
13	hybrid	CPX-1323	Suva YDL126C CDC48--Suva YEL037C RAD23	hybrid	YDL126C CDC48--YEL037C RAD23	0.1793033905941782	Suva	Suva	Suva YDL126C CDC48	Suva YEL037C RAD23	hybrid Suva YDL126C CDC48	hybrid Suva YEL037C RAD23	hybrid Suva YDL126C CDC48	1.5755810333969007	hybrid Suva YEL037C RAD23	0.8200901372150284
14	hybrid	CPX-1323	Suva YDL190C UFD2--Suva YEL037C RAD23	hybrid	YDL190C UFD2--YEL037C RAD23	0.2611970076585286	Suva	Suva	Suva YDL190C UFD2	Suva YEL037C RAD23	hybrid Suva YDL190C UFD2	hybrid Suva YEL037C RAD23	hybrid Suva YDL190C UFD2	0.9239370816543524	hybrid Suva YEL037C RAD23	0.8200901372150284
