	species1 type	complex id	species name interaction id	species2 type	interaction id	interaction score	species1 name	species2 name	species name interactor1	species name interactor2	species type interactor1	species type interactor2	species type interactor interactor1	protein abundance (log10 scale) interactor1	species type interactor interactor2	protein abundance (log10 scale) interactor2
0	hybrid	CPX-1276	Scer YCL037C SRO9--Scer YLL024C SSA2	hybrid	YCL037C SRO9--YLL024C SSA2		Scer	Scer	Scer YCL037C SRO9	Scer YLL024C SSA2	hybrid Scer YCL037C SRO9	hybrid Scer YLL024C SSA2	hybrid Scer YCL037C SRO9	1.0531883251908485	hybrid Scer YLL024C SSA2	1.3757125358733284
1	hybrid	CPX-1276	Scer YCL037C SRO9--Scer YMR186W HSC82	hybrid	YCL037C SRO9--YMR186W HSC82	0.1211648279359605	Scer	Scer	Scer YCL037C SRO9	Scer YMR186W HSC82	hybrid Scer YCL037C SRO9	hybrid Scer YMR186W HSC82	hybrid Scer YCL037C SRO9	1.0531883251908485	hybrid Scer YMR186W HSC82	2.186025359079895
2	hybrid	CPX-1276	Scer YAL005C SSA1--Scer YCL037C SRO9	hybrid	YAL005C SSA1--YCL037C SRO9		Scer	Scer	Scer YAL005C SSA1	Scer YCL037C SRO9	hybrid Scer YAL005C SSA1	hybrid Scer YCL037C SRO9			hybrid Scer YCL037C SRO9	1.0531883251908485
3	hybrid	CPX-1276	Scer YCL037C SRO9--Scer YPL240C HSP82	hybrid	YCL037C SRO9--YPL240C HSP82	0.07096355119080666	Scer	Scer	Scer YCL037C SRO9	Scer YPL240C HSP82	hybrid Scer YCL037C SRO9	hybrid Scer YPL240C HSP82	hybrid Scer YCL037C SRO9	1.0531883251908485	hybrid Scer YPL240C HSP82	2.3731823767808065
4	hybrid	CPX-1276	Scer YCL037C SRO9--Suva YCL037C SRO9	hybrid	YCL037C SRO9--YCL037C SRO9		Scer	Suva	Scer YCL037C SRO9	Suva YCL037C SRO9	hybrid Scer YCL037C SRO9	hybrid Suva YCL037C SRO9	hybrid Scer YCL037C SRO9	1.0531883251908485	hybrid Suva YCL037C SRO9	1.128132179090631
5	hybrid	CPX-1276	Scer YCL037C SRO9--Suva YLL024C SSA2	hybrid	YCL037C SRO9--YLL024C SSA2		Scer	Suva	Scer YCL037C SRO9	Suva YLL024C SSA2	hybrid Scer YCL037C SRO9	hybrid Suva YLL024C SSA2	hybrid Scer YCL037C SRO9	1.0531883251908485	hybrid Suva YLL024C SSA2	1.411685859839842
6	hybrid	CPX-1276	Scer YCL037C SRO9--Suva YMR186W HSC82	hybrid	YCL037C SRO9--YMR186W HSC82		Scer	Suva	Scer YCL037C SRO9	Suva YMR186W HSC82	hybrid Scer YCL037C SRO9	hybrid Suva YMR186W HSC82	hybrid Scer YCL037C SRO9	1.0531883251908485		
7	hybrid	CPX-1276	Scer YCL037C SRO9--Suva YAL005C SSA1	hybrid	YAL005C SSA1--YCL037C SRO9		Scer	Suva	Scer YCL037C SRO9	Suva YAL005C SSA1	hybrid Scer YCL037C SRO9	hybrid Suva YAL005C SSA1	hybrid Scer YCL037C SRO9	1.0531883251908485	hybrid Suva YAL005C SSA1	1.6901918097197899
8	hybrid	CPX-1276	Scer YCL037C SRO9--Suva YPL240C HSP82	hybrid	YCL037C SRO9--YPL240C HSP82	0.021346231128035572	Scer	Suva	Scer YCL037C SRO9	Suva YPL240C HSP82	hybrid Scer YCL037C SRO9	hybrid Suva YPL240C HSP82	hybrid Scer YCL037C SRO9	1.0531883251908485	hybrid Suva YPL240C HSP82	2.4796635793457007
9	hybrid	CPX-1276	Scer YLL024C SSA2--Scer YMR186W HSC82	hybrid	YLL024C SSA2--YMR186W HSC82	0.07987727862290539	Scer	Scer	Scer YLL024C SSA2	Scer YMR186W HSC82	hybrid Scer YLL024C SSA2	hybrid Scer YMR186W HSC82	hybrid Scer YLL024C SSA2	1.3757125358733284	hybrid Scer YMR186W HSC82	2.186025359079895
10	hybrid	CPX-1276	Scer YAL005C SSA1--Scer YLL024C SSA2	hybrid	YAL005C SSA1--YLL024C SSA2		Scer	Scer	Scer YAL005C SSA1	Scer YLL024C SSA2	hybrid Scer YAL005C SSA1	hybrid Scer YLL024C SSA2			hybrid Scer YLL024C SSA2	1.3757125358733284
11	hybrid	CPX-1276	Scer YLL024C SSA2--Scer YPL240C HSP82	hybrid	YLL024C SSA2--YPL240C HSP82	0.15974528536153798	Scer	Scer	Scer YLL024C SSA2	Scer YPL240C HSP82	hybrid Scer YLL024C SSA2	hybrid Scer YPL240C HSP82	hybrid Scer YLL024C SSA2	1.3757125358733284	hybrid Scer YPL240C HSP82	2.3731823767808065
12	hybrid	CPX-1276	Scer YLL024C SSA2--Suva YCL037C SRO9	hybrid	YCL037C SRO9--YLL024C SSA2		Scer	Suva	Scer YLL024C SSA2	Suva YCL037C SRO9	hybrid Scer YLL024C SSA2	hybrid Suva YCL037C SRO9	hybrid Scer YLL024C SSA2	1.3757125358733284	hybrid Suva YCL037C SRO9	1.128132179090631
13	hybrid	CPX-1276	Scer YLL024C SSA2--Suva YLL024C SSA2	hybrid	YLL024C SSA2--YLL024C SSA2		Scer	Suva	Scer YLL024C SSA2	Suva YLL024C SSA2	hybrid Scer YLL024C SSA2	hybrid Suva YLL024C SSA2	hybrid Scer YLL024C SSA2	1.3757125358733284	hybrid Suva YLL024C SSA2	1.411685859839842
14	hybrid	CPX-1276	Scer YLL024C SSA2--Suva YMR186W HSC82	hybrid	YLL024C SSA2--YMR186W HSC82		Scer	Suva	Scer YLL024C SSA2	Suva YMR186W HSC82	hybrid Scer YLL024C SSA2	hybrid Suva YMR186W HSC82	hybrid Scer YLL024C SSA2	1.3757125358733284		
15	hybrid	CPX-1276	Scer YLL024C SSA2--Suva YAL005C SSA1	hybrid	YAL005C SSA1--YLL024C SSA2	0.021247770232313168	Scer	Suva	Scer YLL024C SSA2	Suva YAL005C SSA1	hybrid Scer YLL024C SSA2	hybrid Suva YAL005C SSA1	hybrid Scer YLL024C SSA2	1.3757125358733284	hybrid Suva YAL005C SSA1	1.6901918097197899
16	hybrid	CPX-1276	Scer YLL024C SSA2--Suva YPL240C HSP82	hybrid	YLL024C SSA2--YPL240C HSP82	0.17645958198432554	Scer	Suva	Scer YLL024C SSA2	Suva YPL240C HSP82	hybrid Scer YLL024C SSA2	hybrid Suva YPL240C HSP82	hybrid Scer YLL024C SSA2	1.3757125358733284	hybrid Suva YPL240C HSP82	2.4796635793457007
17	hybrid	CPX-1276	Scer YAL005C SSA1--Scer YMR186W HSC82	hybrid	YAL005C SSA1--YMR186W HSC82		Scer	Scer	Scer YAL005C SSA1	Scer YMR186W HSC82	hybrid Scer YAL005C SSA1	hybrid Scer YMR186W HSC82			hybrid Scer YMR186W HSC82	2.186025359079895
18	hybrid	CPX-1276	Scer YMR186W HSC82--Scer YPL240C HSP82	hybrid	YMR186W HSC82--YPL240C HSP82	0.4981302774888281	Scer	Scer	Scer YMR186W HSC82	Scer YPL240C HSP82	hybrid Scer YMR186W HSC82	hybrid Scer YPL240C HSP82	hybrid Scer YMR186W HSC82	2.186025359079895	hybrid Scer YPL240C HSP82	2.3731823767808065
19	hybrid	CPX-1276	Scer YMR186W HSC82--Suva YCL037C SRO9	hybrid	YCL037C SRO9--YMR186W HSC82	0.16558223692147903	Scer	Suva	Scer YMR186W HSC82	Suva YCL037C SRO9	hybrid Scer YMR186W HSC82	hybrid Suva YCL037C SRO9	hybrid Scer YMR186W HSC82	2.186025359079895	hybrid Suva YCL037C SRO9	1.128132179090631
20	hybrid	CPX-1276	Scer YMR186W HSC82--Suva YLL024C SSA2	hybrid	YLL024C SSA2--YMR186W HSC82		Scer	Suva	Scer YMR186W HSC82	Suva YLL024C SSA2	hybrid Scer YMR186W HSC82	hybrid Suva YLL024C SSA2	hybrid Scer YMR186W HSC82	2.186025359079895	hybrid Suva YLL024C SSA2	1.411685859839842
21	hybrid	CPX-1276	Scer YMR186W HSC82--Suva YMR186W HSC82	hybrid	YMR186W HSC82--YMR186W HSC82		Scer	Suva	Scer YMR186W HSC82	Suva YMR186W HSC82	hybrid Scer YMR186W HSC82	hybrid Suva YMR186W HSC82	hybrid Scer YMR186W HSC82	2.186025359079895		
22	hybrid	CPX-1276	Scer YMR186W HSC82--Suva YAL005C SSA1	hybrid	YAL005C SSA1--YMR186W HSC82	0.025922573501310664	Scer	Suva	Scer YMR186W HSC82	Suva YAL005C SSA1	hybrid Scer YMR186W HSC82	hybrid Suva YAL005C SSA1	hybrid Scer YMR186W HSC82	2.186025359079895	hybrid Suva YAL005C SSA1	1.6901918097197899
23	hybrid	CPX-1276	Scer YMR186W HSC82--Suva YPL240C HSP82	hybrid	YMR186W HSC82--YPL240C HSP82	0.2660057944721169	Scer	Suva	Scer YMR186W HSC82	Suva YPL240C HSP82	hybrid Scer YMR186W HSC82	hybrid Suva YPL240C HSP82	hybrid Scer YMR186W HSC82	2.186025359079895	hybrid Suva YPL240C HSP82	2.4796635793457007
24	hybrid	CPX-1276	Scer YAL005C SSA1--Scer YPL240C HSP82	hybrid	YAL005C SSA1--YPL240C HSP82		Scer	Scer	Scer YAL005C SSA1	Scer YPL240C HSP82	hybrid Scer YAL005C SSA1	hybrid Scer YPL240C HSP82			hybrid Scer YPL240C HSP82	2.3731823767808065
25	hybrid	CPX-1276	Scer YAL005C SSA1--Suva YCL037C SRO9	hybrid	YAL005C SSA1--YCL037C SRO9		Scer	Suva	Scer YAL005C SSA1	Suva YCL037C SRO9	hybrid Scer YAL005C SSA1	hybrid Suva YCL037C SRO9			hybrid Suva YCL037C SRO9	1.128132179090631
26	hybrid	CPX-1276	Scer YAL005C SSA1--Suva YLL024C SSA2	hybrid	YAL005C SSA1--YLL024C SSA2		Scer	Suva	Scer YAL005C SSA1	Suva YLL024C SSA2	hybrid Scer YAL005C SSA1	hybrid Suva YLL024C SSA2			hybrid Suva YLL024C SSA2	1.411685859839842
27	hybrid	CPX-1276	Scer YAL005C SSA1--Suva YMR186W HSC82	hybrid	YAL005C SSA1--YMR186W HSC82		Scer	Suva	Scer YAL005C SSA1	Suva YMR186W HSC82	hybrid Scer YAL005C SSA1	hybrid Suva YMR186W HSC82				
28	hybrid	CPX-1276	Scer YAL005C SSA1--Suva YAL005C SSA1	hybrid	YAL005C SSA1--YAL005C SSA1		Scer	Suva	Scer YAL005C SSA1	Suva YAL005C SSA1	hybrid Scer YAL005C SSA1	hybrid Suva YAL005C SSA1			hybrid Suva YAL005C SSA1	1.6901918097197899
29	hybrid	CPX-1276	Scer YAL005C SSA1--Suva YPL240C HSP82	hybrid	YAL005C SSA1--YPL240C HSP82		Scer	Suva	Scer YAL005C SSA1	Suva YPL240C HSP82	hybrid Scer YAL005C SSA1	hybrid Suva YPL240C HSP82			hybrid Suva YPL240C HSP82	2.4796635793457007
30	hybrid	CPX-1276	Scer YPL240C HSP82--Suva YCL037C SRO9	hybrid	YCL037C SRO9--YPL240C HSP82	0.13147701700430692	Scer	Suva	Scer YPL240C HSP82	Suva YCL037C SRO9	hybrid Scer YPL240C HSP82	hybrid Suva YCL037C SRO9	hybrid Scer YPL240C HSP82	2.3731823767808065	hybrid Suva YCL037C SRO9	1.128132179090631
31	hybrid	CPX-1276	Scer YPL240C HSP82--Suva YLL024C SSA2	hybrid	YLL024C SSA2--YPL240C HSP82		Scer	Suva	Scer YPL240C HSP82	Suva YLL024C SSA2	hybrid Scer YPL240C HSP82	hybrid Suva YLL024C SSA2	hybrid Scer YPL240C HSP82	2.3731823767808065	hybrid Suva YLL024C SSA2	1.411685859839842
32	hybrid	CPX-1276	Scer YPL240C HSP82--Suva YMR186W HSC82	hybrid	YMR186W HSC82--YPL240C HSP82		Scer	Suva	Scer YPL240C HSP82	Suva YMR186W HSC82	hybrid Scer YPL240C HSP82	hybrid Suva YMR186W HSC82	hybrid Scer YPL240C HSP82	2.3731823767808065		
33	hybrid	CPX-1276	Scer YPL240C HSP82--Suva YAL005C SSA1	hybrid	YAL005C SSA1--YPL240C HSP82	0.042928010255328435	Scer	Suva	Scer YPL240C HSP82	Suva YAL005C SSA1	hybrid Scer YPL240C HSP82	hybrid Suva YAL005C SSA1	hybrid Scer YPL240C HSP82	2.3731823767808065	hybrid Suva YAL005C SSA1	1.6901918097197899
34	hybrid	CPX-1276	Scer YPL240C HSP82--Suva YPL240C HSP82	hybrid	YPL240C HSP82--YPL240C HSP82		Scer	Suva	Scer YPL240C HSP82	Suva YPL240C HSP82	hybrid Scer YPL240C HSP82	hybrid Suva YPL240C HSP82	hybrid Scer YPL240C HSP82	2.3731823767808065	hybrid Suva YPL240C HSP82	2.4796635793457007
35	hybrid	CPX-1276	Suva YCL037C SRO9--Suva YLL024C SSA2	hybrid	YCL037C SRO9--YLL024C SSA2		Suva	Suva	Suva YCL037C SRO9	Suva YLL024C SSA2	hybrid Suva YCL037C SRO9	hybrid Suva YLL024C SSA2	hybrid Suva YCL037C SRO9	1.128132179090631	hybrid Suva YLL024C SSA2	1.411685859839842
36	hybrid	CPX-1276	Suva YCL037C SRO9--Suva YMR186W HSC82	hybrid	YCL037C SRO9--YMR186W HSC82		Suva	Suva	Suva YCL037C SRO9	Suva YMR186W HSC82	hybrid Suva YCL037C SRO9	hybrid Suva YMR186W HSC82	hybrid Suva YCL037C SRO9	1.128132179090631		
37	hybrid	CPX-1276	Suva YAL005C SSA1--Suva YCL037C SRO9	hybrid	YAL005C SSA1--YCL037C SRO9		Suva	Suva	Suva YAL005C SSA1	Suva YCL037C SRO9	hybrid Suva YAL005C SSA1	hybrid Suva YCL037C SRO9	hybrid Suva YAL005C SSA1	1.6901918097197899	hybrid Suva YCL037C SRO9	1.128132179090631
38	hybrid	CPX-1276	Suva YCL037C SRO9--Suva YPL240C HSP82	hybrid	YCL037C SRO9--YPL240C HSP82	0.06892560015487947	Suva	Suva	Suva YCL037C SRO9	Suva YPL240C HSP82	hybrid Suva YCL037C SRO9	hybrid Suva YPL240C HSP82	hybrid Suva YCL037C SRO9	1.128132179090631	hybrid Suva YPL240C HSP82	2.4796635793457007
39	hybrid	CPX-1276	Suva YLL024C SSA2--Suva YMR186W HSC82	hybrid	YLL024C SSA2--YMR186W HSC82		Suva	Suva	Suva YLL024C SSA2	Suva YMR186W HSC82	hybrid Suva YLL024C SSA2	hybrid Suva YMR186W HSC82	hybrid Suva YLL024C SSA2	1.411685859839842		
40	hybrid	CPX-1276	Suva YAL005C SSA1--Suva YLL024C SSA2	hybrid	YAL005C SSA1--YLL024C SSA2	0.5954405260955771	Suva	Suva	Suva YAL005C SSA1	Suva YLL024C SSA2	hybrid Suva YAL005C SSA1	hybrid Suva YLL024C SSA2	hybrid Suva YAL005C SSA1	1.6901918097197899	hybrid Suva YLL024C SSA2	1.411685859839842
41	hybrid	CPX-1276	Suva YLL024C SSA2--Suva YPL240C HSP82	hybrid	YLL024C SSA2--YPL240C HSP82		Suva	Suva	Suva YLL024C SSA2	Suva YPL240C HSP82	hybrid Suva YLL024C SSA2	hybrid Suva YPL240C HSP82	hybrid Suva YLL024C SSA2	1.411685859839842	hybrid Suva YPL240C HSP82	2.4796635793457007
42	hybrid	CPX-1276	Suva YAL005C SSA1--Suva YMR186W HSC82	hybrid	YAL005C SSA1--YMR186W HSC82		Suva	Suva	Suva YAL005C SSA1	Suva YMR186W HSC82	hybrid Suva YAL005C SSA1	hybrid Suva YMR186W HSC82	hybrid Suva YAL005C SSA1	1.6901918097197899		
43	hybrid	CPX-1276	Suva YMR186W HSC82--Suva YPL240C HSP82	hybrid	YMR186W HSC82--YPL240C HSP82		Suva	Suva	Suva YMR186W HSC82	Suva YPL240C HSP82	hybrid Suva YMR186W HSC82	hybrid Suva YPL240C HSP82			hybrid Suva YPL240C HSP82	2.4796635793457007
44	hybrid	CPX-1276	Suva YAL005C SSA1--Suva YPL240C HSP82	hybrid	YAL005C SSA1--YPL240C HSP82	0.0201897837259154	Suva	Suva	Suva YAL005C SSA1	Suva YPL240C HSP82	hybrid Suva YAL005C SSA1	hybrid Suva YPL240C HSP82	hybrid Suva YAL005C SSA1	1.6901918097197899	hybrid Suva YPL240C HSP82	2.4796635793457007
