	species1 type	complex id	species name interaction id	species2 type	interaction id	interaction score	species1 name	species2 name	species name interactor1	species name interactor2	species type interactor1	species type interactor2	species type interactor interactor1	protein abundance (log10 scale) interactor1	species type interactor interactor2	protein abundance (log10 scale) interactor2
0	parent	CPX-2262	Scer YDR363W-A SEM1--Scer YFR004W RPN11	parent	YDR363W-A SEM1--YFR004W RPN11	0.07690961551032582	Scer	Scer	Scer YDR363W-A SEM1	Scer YFR004W RPN11	parent Scer YDR363W-A SEM1	parent Scer YFR004W RPN11	parent Scer YDR363W-A SEM1	0.8018746964682529	parent Scer YFR004W RPN11	1.1579420604281052
1	parent	CPX-2262	Scer YDR363W-A SEM1--Scer YGR135W PRE9	parent	YDR363W-A SEM1--YGR135W PRE9	0.002644662468703207	Scer	Scer	Scer YDR363W-A SEM1	Scer YGR135W PRE9	parent Scer YDR363W-A SEM1	parent Scer YGR135W PRE9	parent Scer YDR363W-A SEM1	0.8018746964682529	parent Scer YGR135W PRE9	1.0531883251908485
2	parent	CPX-2262	Scer YDR363W-A SEM1--Scer YHR027C RPN1	parent	YDR363W-A SEM1--YHR027C RPN1	0.3702838975050531	Scer	Scer	Scer YDR363W-A SEM1	Scer YHR027C RPN1	parent Scer YDR363W-A SEM1	parent Scer YHR027C RPN1	parent Scer YDR363W-A SEM1	0.8018746964682529	parent Scer YHR027C RPN1	1.0531883251908485
3	parent	CPX-2262	Scer YDR363W-A SEM1--Scer YML092C PRE8	parent	YDR363W-A SEM1--YML092C PRE8		Scer	Scer	Scer YDR363W-A SEM1	Scer YML092C PRE8	parent Scer YDR363W-A SEM1	parent Scer YML092C PRE8	parent Scer YDR363W-A SEM1	0.8018746964682529	parent Scer YML092C PRE8	0.8018746964682529
4	parent	CPX-2262	Scer YDR363W-A SEM1--Scer YMR314W PRE5	parent	YDR363W-A SEM1--YMR314W PRE5		Scer	Scer	Scer YDR363W-A SEM1	Scer YMR314W PRE5	parent Scer YDR363W-A SEM1	parent Scer YMR314W PRE5	parent Scer YDR363W-A SEM1	0.8018746964682529	parent Scer YMR314W PRE5	0.994998889094787
5	parent	CPX-2262	Scer YDR363W-A SEM1--Scer YFR052W RPN12	parent	YDR363W-A SEM1--YFR052W RPN12		Scer	Scer	Scer YDR363W-A SEM1	Scer YFR052W RPN12	parent Scer YDR363W-A SEM1	parent Scer YFR052W RPN12	parent Scer YDR363W-A SEM1	0.8018746964682529	parent Scer YFR052W RPN12	0.8018746964682529
6	parent	CPX-2262	Scer YDR363W-A SEM1--Scer YOR362C PRE10	parent	YDR363W-A SEM1--YOR362C PRE10		Scer	Scer	Scer YDR363W-A SEM1	Scer YOR362C PRE10	parent Scer YDR363W-A SEM1	parent Scer YOR362C PRE10	parent Scer YDR363W-A SEM1	0.8018746964682529	parent Scer YOR362C PRE10	1.1579420604281052
7	parent	CPX-2262	Scer YDR363W-A SEM1--Scer YPR108W RPN7	parent	YDR363W-A SEM1--YPR108W RPN7		Scer	Scer	Scer YDR363W-A SEM1	Scer YPR108W RPN7	parent Scer YDR363W-A SEM1	parent Scer YPR108W RPN7	parent Scer YDR363W-A SEM1	0.8018746964682529	parent Scer YPR108W RPN7	0.8018746964682529
8	parent	CPX-2262	Scer YDR363W-A SEM1--Suva YDR363W-A SEM1	parent	YDR363W-A SEM1--YDR363W-A SEM1		Scer	Suva	Scer YDR363W-A SEM1	Suva YDR363W-A SEM1	parent Scer YDR363W-A SEM1	parent Suva YDR363W-A SEM1	parent Scer YDR363W-A SEM1	0.8018746964682529	parent Suva YDR363W-A SEM1	0.822790870047304
9	parent	CPX-2262	Scer YDR363W-A SEM1--Suva YFR004W RPN11	parent	YDR363W-A SEM1--YFR004W RPN11		Scer	Suva	Scer YDR363W-A SEM1	Suva YFR004W RPN11	parent Scer YDR363W-A SEM1	parent Suva YFR004W RPN11	parent Scer YDR363W-A SEM1	0.8018746964682529		
10	parent	CPX-2262	Scer YDR363W-A SEM1--Suva YGR135W PRE9	parent	YDR363W-A SEM1--YGR135W PRE9		Scer	Suva	Scer YDR363W-A SEM1	Suva YGR135W PRE9	parent Scer YDR363W-A SEM1	parent Suva YGR135W PRE9	parent Scer YDR363W-A SEM1	0.8018746964682529	parent Suva YGR135W PRE9	1.0531883251908485
11	parent	CPX-2262	Scer YDR363W-A SEM1--Suva YHR027C RPN1	parent	YDR363W-A SEM1--YHR027C RPN1	0.20534686405311453	Scer	Suva	Scer YDR363W-A SEM1	Suva YHR027C RPN1	parent Scer YDR363W-A SEM1	parent Suva YHR027C RPN1	parent Scer YDR363W-A SEM1	0.8018746964682529	parent Suva YHR027C RPN1	1.0927436214076385
12	parent	CPX-2262	Scer YDR363W-A SEM1--Suva YML092C PRE8	parent	YDR363W-A SEM1--YML092C PRE8		Scer	Suva	Scer YDR363W-A SEM1	Suva YML092C PRE8	parent Scer YDR363W-A SEM1	parent Suva YML092C PRE8	parent Scer YDR363W-A SEM1	0.8018746964682529	parent Suva YML092C PRE8	1.28923401889267
13	parent	CPX-2262	Scer YDR363W-A SEM1--Suva YMR314W PRE5	parent	YDR363W-A SEM1--YMR314W PRE5		Scer	Suva	Scer YDR363W-A SEM1	Suva YMR314W PRE5	parent Scer YDR363W-A SEM1	parent Suva YMR314W PRE5	parent Scer YDR363W-A SEM1	0.8018746964682529	parent Suva YMR314W PRE5	1.0531883251908485
14	parent	CPX-2262	Scer YDR363W-A SEM1--Suva YFR052W RPN12	parent	YDR363W-A SEM1--YFR052W RPN12	0.25263282179801805	Scer	Suva	Scer YDR363W-A SEM1	Suva YFR052W RPN12	parent Scer YDR363W-A SEM1	parent Suva YFR052W RPN12	parent Scer YDR363W-A SEM1	0.8018746964682529	parent Suva YFR052W RPN12	1.0927436214076385
15	parent	CPX-2262	Scer YDR363W-A SEM1--Suva YOR362C PRE10	parent	YDR363W-A SEM1--YOR362C PRE10	0.0019212562789510113	Scer	Suva	Scer YDR363W-A SEM1	Suva YOR362C PRE10	parent Scer YDR363W-A SEM1	parent Suva YOR362C PRE10	parent Scer YDR363W-A SEM1	0.8018746964682529	parent Suva YOR362C PRE10	0.9603911361403256
16	parent	CPX-2262	Scer YDR363W-A SEM1--Suva YPR108W RPN7	parent	YDR363W-A SEM1--YPR108W RPN7		Scer	Suva	Scer YDR363W-A SEM1	Suva YPR108W RPN7	parent Scer YDR363W-A SEM1	parent Suva YPR108W RPN7	parent Scer YDR363W-A SEM1	0.8018746964682529		
17	parent	CPX-2262	Scer YFR004W RPN11--Scer YGR135W PRE9	parent	YFR004W RPN11--YGR135W PRE9	0.2564490205219309	Scer	Scer	Scer YFR004W RPN11	Scer YGR135W PRE9	parent Scer YFR004W RPN11	parent Scer YGR135W PRE9	parent Scer YFR004W RPN11	1.1579420604281052	parent Scer YGR135W PRE9	1.0531883251908485
18	parent	CPX-2262	Scer YFR004W RPN11--Scer YHR027C RPN1	parent	YFR004W RPN11--YHR027C RPN1	0.24075886890803974	Scer	Scer	Scer YFR004W RPN11	Scer YHR027C RPN1	parent Scer YFR004W RPN11	parent Scer YHR027C RPN1	parent Scer YFR004W RPN11	1.1579420604281052	parent Scer YHR027C RPN1	1.0531883251908485
19	parent	CPX-2262	Scer YFR004W RPN11--Scer YML092C PRE8	parent	YFR004W RPN11--YML092C PRE8	0.2869574476865301	Scer	Scer	Scer YFR004W RPN11	Scer YML092C PRE8	parent Scer YFR004W RPN11	parent Scer YML092C PRE8	parent Scer YFR004W RPN11	1.1579420604281052	parent Scer YML092C PRE8	0.8018746964682529
20	parent	CPX-2262	Scer YFR004W RPN11--Scer YMR314W PRE5	parent	YFR004W RPN11--YMR314W PRE5	0.14918013873322922	Scer	Scer	Scer YFR004W RPN11	Scer YMR314W PRE5	parent Scer YFR004W RPN11	parent Scer YMR314W PRE5	parent Scer YFR004W RPN11	1.1579420604281052	parent Scer YMR314W PRE5	0.994998889094787
21	parent	CPX-2262	Scer YFR004W RPN11--Scer YFR052W RPN12	parent	YFR004W RPN11--YFR052W RPN12		Scer	Scer	Scer YFR004W RPN11	Scer YFR052W RPN12	parent Scer YFR004W RPN11	parent Scer YFR052W RPN12	parent Scer YFR004W RPN11	1.1579420604281052	parent Scer YFR052W RPN12	0.8018746964682529
22	parent	CPX-2262	Scer YFR004W RPN11--Scer YOR362C PRE10	parent	YFR004W RPN11--YOR362C PRE10	0.17042542066134747	Scer	Scer	Scer YFR004W RPN11	Scer YOR362C PRE10	parent Scer YFR004W RPN11	parent Scer YOR362C PRE10	parent Scer YFR004W RPN11	1.1579420604281052	parent Scer YOR362C PRE10	1.1579420604281052
23	parent	CPX-2262	Scer YFR004W RPN11--Scer YPR108W RPN7	parent	YFR004W RPN11--YPR108W RPN7	0.6605117578606865	Scer	Scer	Scer YFR004W RPN11	Scer YPR108W RPN7	parent Scer YFR004W RPN11	parent Scer YPR108W RPN7	parent Scer YFR004W RPN11	1.1579420604281052	parent Scer YPR108W RPN7	0.8018746964682529
24	parent	CPX-2262	Scer YFR004W RPN11--Suva YDR363W-A SEM1	parent	YDR363W-A SEM1--YFR004W RPN11	0.5863841282369164	Scer	Suva	Scer YFR004W RPN11	Suva YDR363W-A SEM1	parent Scer YFR004W RPN11	parent Suva YDR363W-A SEM1	parent Scer YFR004W RPN11	1.1579420604281052	parent Suva YDR363W-A SEM1	0.822790870047304
25	parent	CPX-2262	Scer YFR004W RPN11--Suva YFR004W RPN11	parent	YFR004W RPN11--YFR004W RPN11		Scer	Suva	Scer YFR004W RPN11	Suva YFR004W RPN11	parent Scer YFR004W RPN11	parent Suva YFR004W RPN11	parent Scer YFR004W RPN11	1.1579420604281052		
26	parent	CPX-2262	Scer YFR004W RPN11--Suva YGR135W PRE9	parent	YFR004W RPN11--YGR135W PRE9	0.08668789896284812	Scer	Suva	Scer YFR004W RPN11	Suva YGR135W PRE9	parent Scer YFR004W RPN11	parent Suva YGR135W PRE9	parent Scer YFR004W RPN11	1.1579420604281052	parent Suva YGR135W PRE9	1.0531883251908485
27	parent	CPX-2262	Scer YFR004W RPN11--Suva YHR027C RPN1	parent	YFR004W RPN11--YHR027C RPN1	0.29927128718453977	Scer	Suva	Scer YFR004W RPN11	Suva YHR027C RPN1	parent Scer YFR004W RPN11	parent Suva YHR027C RPN1	parent Scer YFR004W RPN11	1.1579420604281052	parent Suva YHR027C RPN1	1.0927436214076385
28	parent	CPX-2262	Scer YFR004W RPN11--Suva YML092C PRE8	parent	YFR004W RPN11--YML092C PRE8	0.2127311369934467	Scer	Suva	Scer YFR004W RPN11	Suva YML092C PRE8	parent Scer YFR004W RPN11	parent Suva YML092C PRE8	parent Scer YFR004W RPN11	1.1579420604281052	parent Suva YML092C PRE8	1.28923401889267
29	parent	CPX-2262	Scer YFR004W RPN11--Suva YMR314W PRE5	parent	YFR004W RPN11--YMR314W PRE5	0.22342401723140196	Scer	Suva	Scer YFR004W RPN11	Suva YMR314W PRE5	parent Scer YFR004W RPN11	parent Suva YMR314W PRE5	parent Scer YFR004W RPN11	1.1579420604281052	parent Suva YMR314W PRE5	1.0531883251908485
30	parent	CPX-2262	Scer YFR004W RPN11--Suva YFR052W RPN12	parent	YFR004W RPN11--YFR052W RPN12	0.3143921469813974	Scer	Suva	Scer YFR004W RPN11	Suva YFR052W RPN12	parent Scer YFR004W RPN11	parent Suva YFR052W RPN12	parent Scer YFR004W RPN11	1.1579420604281052	parent Suva YFR052W RPN12	1.0927436214076385
31	parent	CPX-2262	Scer YFR004W RPN11--Suva YOR362C PRE10	parent	YFR004W RPN11--YOR362C PRE10	0.2757475305765228	Scer	Suva	Scer YFR004W RPN11	Suva YOR362C PRE10	parent Scer YFR004W RPN11	parent Suva YOR362C PRE10	parent Scer YFR004W RPN11	1.1579420604281052	parent Suva YOR362C PRE10	0.9603911361403256
32	parent	CPX-2262	Scer YFR004W RPN11--Suva YPR108W RPN7	parent	YFR004W RPN11--YPR108W RPN7		Scer	Suva	Scer YFR004W RPN11	Suva YPR108W RPN7	parent Scer YFR004W RPN11	parent Suva YPR108W RPN7	parent Scer YFR004W RPN11	1.1579420604281052		
33	parent	CPX-2262	Scer YGR135W PRE9--Scer YHR027C RPN1	parent	YGR135W PRE9--YHR027C RPN1	0.23539003575612336	Scer	Scer	Scer YGR135W PRE9	Scer YHR027C RPN1	parent Scer YGR135W PRE9	parent Scer YHR027C RPN1	parent Scer YGR135W PRE9	1.0531883251908485	parent Scer YHR027C RPN1	1.0531883251908485
34	parent	CPX-2262	Scer YGR135W PRE9--Scer YML092C PRE8	parent	YGR135W PRE9--YML092C PRE8	0.7493004590506183	Scer	Scer	Scer YGR135W PRE9	Scer YML092C PRE8	parent Scer YGR135W PRE9	parent Scer YML092C PRE8	parent Scer YGR135W PRE9	1.0531883251908485	parent Scer YML092C PRE8	0.8018746964682529
35	parent	CPX-2262	Scer YGR135W PRE9--Scer YMR314W PRE5	parent	YGR135W PRE9--YMR314W PRE5	0.6498989997577203	Scer	Scer	Scer YGR135W PRE9	Scer YMR314W PRE5	parent Scer YGR135W PRE9	parent Scer YMR314W PRE5	parent Scer YGR135W PRE9	1.0531883251908485	parent Scer YMR314W PRE5	0.994998889094787
36	parent	CPX-2262	Scer YFR052W RPN12--Scer YGR135W PRE9	parent	YFR052W RPN12--YGR135W PRE9		Scer	Scer	Scer YFR052W RPN12	Scer YGR135W PRE9	parent Scer YFR052W RPN12	parent Scer YGR135W PRE9	parent Scer YFR052W RPN12	0.8018746964682529	parent Scer YGR135W PRE9	1.0531883251908485
37	parent	CPX-2262	Scer YGR135W PRE9--Scer YOR362C PRE10	parent	YGR135W PRE9--YOR362C PRE10	0.6787262270180957	Scer	Scer	Scer YGR135W PRE9	Scer YOR362C PRE10	parent Scer YGR135W PRE9	parent Scer YOR362C PRE10	parent Scer YGR135W PRE9	1.0531883251908485	parent Scer YOR362C PRE10	1.1579420604281052
38	parent	CPX-2262	Scer YGR135W PRE9--Scer YPR108W RPN7	parent	YGR135W PRE9--YPR108W RPN7	0.30346687201654376	Scer	Scer	Scer YGR135W PRE9	Scer YPR108W RPN7	parent Scer YGR135W PRE9	parent Scer YPR108W RPN7	parent Scer YGR135W PRE9	1.0531883251908485	parent Scer YPR108W RPN7	0.8018746964682529
39	parent	CPX-2262	Scer YGR135W PRE9--Suva YDR363W-A SEM1	parent	YDR363W-A SEM1--YGR135W PRE9	0.2717013514278367	Scer	Suva	Scer YGR135W PRE9	Suva YDR363W-A SEM1	parent Scer YGR135W PRE9	parent Suva YDR363W-A SEM1	parent Scer YGR135W PRE9	1.0531883251908485	parent Suva YDR363W-A SEM1	0.822790870047304
40	parent	CPX-2262	Scer YGR135W PRE9--Suva YFR004W RPN11	parent	YFR004W RPN11--YGR135W PRE9		Scer	Suva	Scer YGR135W PRE9	Suva YFR004W RPN11	parent Scer YGR135W PRE9	parent Suva YFR004W RPN11	parent Scer YGR135W PRE9	1.0531883251908485		
41	parent	CPX-2262	Scer YGR135W PRE9--Suva YGR135W PRE9	parent	YGR135W PRE9--YGR135W PRE9		Scer	Suva	Scer YGR135W PRE9	Suva YGR135W PRE9	parent Scer YGR135W PRE9	parent Suva YGR135W PRE9	parent Scer YGR135W PRE9	1.0531883251908485	parent Suva YGR135W PRE9	1.0531883251908485
42	parent	CPX-2262	Scer YGR135W PRE9--Suva YHR027C RPN1	parent	YGR135W PRE9--YHR027C RPN1	0.3298398408487351	Scer	Suva	Scer YGR135W PRE9	Suva YHR027C RPN1	parent Scer YGR135W PRE9	parent Suva YHR027C RPN1	parent Scer YGR135W PRE9	1.0531883251908485	parent Suva YHR027C RPN1	1.0927436214076385
43	parent	CPX-2262	Scer YGR135W PRE9--Suva YML092C PRE8	parent	YGR135W PRE9--YML092C PRE8	0.7584408834975251	Scer	Suva	Scer YGR135W PRE9	Suva YML092C PRE8	parent Scer YGR135W PRE9	parent Suva YML092C PRE8	parent Scer YGR135W PRE9	1.0531883251908485	parent Suva YML092C PRE8	1.28923401889267
44	parent	CPX-2262	Scer YGR135W PRE9--Suva YMR314W PRE5	parent	YGR135W PRE9--YMR314W PRE5	0.7572741364081619	Scer	Suva	Scer YGR135W PRE9	Suva YMR314W PRE5	parent Scer YGR135W PRE9	parent Suva YMR314W PRE5	parent Scer YGR135W PRE9	1.0531883251908485	parent Suva YMR314W PRE5	1.0531883251908485
45	parent	CPX-2262	Scer YGR135W PRE9--Suva YFR052W RPN12	parent	YFR052W RPN12--YGR135W PRE9	0.3470187915488152	Scer	Suva	Scer YGR135W PRE9	Suva YFR052W RPN12	parent Scer YGR135W PRE9	parent Suva YFR052W RPN12	parent Scer YGR135W PRE9	1.0531883251908485	parent Suva YFR052W RPN12	1.0927436214076385
46	parent	CPX-2262	Scer YGR135W PRE9--Suva YOR362C PRE10	parent	YGR135W PRE9--YOR362C PRE10	0.8169585850222496	Scer	Suva	Scer YGR135W PRE9	Suva YOR362C PRE10	parent Scer YGR135W PRE9	parent Suva YOR362C PRE10	parent Scer YGR135W PRE9	1.0531883251908485	parent Suva YOR362C PRE10	0.9603911361403256
47	parent	CPX-2262	Scer YGR135W PRE9--Suva YPR108W RPN7	parent	YGR135W PRE9--YPR108W RPN7		Scer	Suva	Scer YGR135W PRE9	Suva YPR108W RPN7	parent Scer YGR135W PRE9	parent Suva YPR108W RPN7	parent Scer YGR135W PRE9	1.0531883251908485		
48	parent	CPX-2262	Scer YHR027C RPN1--Scer YML092C PRE8	parent	YHR027C RPN1--YML092C PRE8	0.2705003037831739	Scer	Scer	Scer YHR027C RPN1	Scer YML092C PRE8	parent Scer YHR027C RPN1	parent Scer YML092C PRE8	parent Scer YHR027C RPN1	1.0531883251908485	parent Scer YML092C PRE8	0.8018746964682529
49	parent	CPX-2262	Scer YHR027C RPN1--Scer YMR314W PRE5	parent	YHR027C RPN1--YMR314W PRE5	0.1250297132502629	Scer	Scer	Scer YHR027C RPN1	Scer YMR314W PRE5	parent Scer YHR027C RPN1	parent Scer YMR314W PRE5	parent Scer YHR027C RPN1	1.0531883251908485	parent Scer YMR314W PRE5	0.994998889094787
50	parent	CPX-2262	Scer YFR052W RPN12--Scer YHR027C RPN1	parent	YFR052W RPN12--YHR027C RPN1		Scer	Scer	Scer YFR052W RPN12	Scer YHR027C RPN1	parent Scer YFR052W RPN12	parent Scer YHR027C RPN1	parent Scer YFR052W RPN12	0.8018746964682529	parent Scer YHR027C RPN1	1.0531883251908485
51	parent	CPX-2262	Scer YHR027C RPN1--Scer YOR362C PRE10	parent	YHR027C RPN1--YOR362C PRE10	0.15623812123583325	Scer	Scer	Scer YHR027C RPN1	Scer YOR362C PRE10	parent Scer YHR027C RPN1	parent Scer YOR362C PRE10	parent Scer YHR027C RPN1	1.0531883251908485	parent Scer YOR362C PRE10	1.1579420604281052
52	parent	CPX-2262	Scer YHR027C RPN1--Scer YPR108W RPN7	parent	YHR027C RPN1--YPR108W RPN7	0.22960462710619825	Scer	Scer	Scer YHR027C RPN1	Scer YPR108W RPN7	parent Scer YHR027C RPN1	parent Scer YPR108W RPN7	parent Scer YHR027C RPN1	1.0531883251908485	parent Scer YPR108W RPN7	0.8018746964682529
53	parent	CPX-2262	Scer YHR027C RPN1--Suva YDR363W-A SEM1	parent	YDR363W-A SEM1--YHR027C RPN1	0.2735422107867255	Scer	Suva	Scer YHR027C RPN1	Suva YDR363W-A SEM1	parent Scer YHR027C RPN1	parent Suva YDR363W-A SEM1	parent Scer YHR027C RPN1	1.0531883251908485	parent Suva YDR363W-A SEM1	0.822790870047304
54	parent	CPX-2262	Scer YHR027C RPN1--Suva YFR004W RPN11	parent	YFR004W RPN11--YHR027C RPN1		Scer	Suva	Scer YHR027C RPN1	Suva YFR004W RPN11	parent Scer YHR027C RPN1	parent Suva YFR004W RPN11	parent Scer YHR027C RPN1	1.0531883251908485		
55	parent	CPX-2262	Scer YHR027C RPN1--Suva YGR135W PRE9	parent	YGR135W PRE9--YHR027C RPN1	0.06461926572633525	Scer	Suva	Scer YHR027C RPN1	Suva YGR135W PRE9	parent Scer YHR027C RPN1	parent Suva YGR135W PRE9	parent Scer YHR027C RPN1	1.0531883251908485	parent Suva YGR135W PRE9	1.0531883251908485
56	parent	CPX-2262	Scer YHR027C RPN1--Suva YHR027C RPN1	parent	YHR027C RPN1--YHR027C RPN1		Scer	Suva	Scer YHR027C RPN1	Suva YHR027C RPN1	parent Scer YHR027C RPN1	parent Suva YHR027C RPN1	parent Scer YHR027C RPN1	1.0531883251908485	parent Suva YHR027C RPN1	1.0927436214076385
57	parent	CPX-2262	Scer YHR027C RPN1--Suva YML092C PRE8	parent	YHR027C RPN1--YML092C PRE8	0.1977952954324156	Scer	Suva	Scer YHR027C RPN1	Suva YML092C PRE8	parent Scer YHR027C RPN1	parent Suva YML092C PRE8	parent Scer YHR027C RPN1	1.0531883251908485	parent Suva YML092C PRE8	1.28923401889267
58	parent	CPX-2262	Scer YHR027C RPN1--Suva YMR314W PRE5	parent	YHR027C RPN1--YMR314W PRE5	0.2082864265507708	Scer	Suva	Scer YHR027C RPN1	Suva YMR314W PRE5	parent Scer YHR027C RPN1	parent Suva YMR314W PRE5	parent Scer YHR027C RPN1	1.0531883251908485	parent Suva YMR314W PRE5	1.0531883251908485
59	parent	CPX-2262	Scer YHR027C RPN1--Suva YFR052W RPN12	parent	YFR052W RPN12--YHR027C RPN1	0.4338101771386037	Scer	Suva	Scer YHR027C RPN1	Suva YFR052W RPN12	parent Scer YHR027C RPN1	parent Suva YFR052W RPN12	parent Scer YHR027C RPN1	1.0531883251908485	parent Suva YFR052W RPN12	1.0927436214076385
60	parent	CPX-2262	Scer YHR027C RPN1--Suva YOR362C PRE10	parent	YHR027C RPN1--YOR362C PRE10	0.2595394913726061	Scer	Suva	Scer YHR027C RPN1	Suva YOR362C PRE10	parent Scer YHR027C RPN1	parent Suva YOR362C PRE10	parent Scer YHR027C RPN1	1.0531883251908485	parent Suva YOR362C PRE10	0.9603911361403256
61	parent	CPX-2262	Scer YHR027C RPN1--Suva YPR108W RPN7	parent	YHR027C RPN1--YPR108W RPN7		Scer	Suva	Scer YHR027C RPN1	Suva YPR108W RPN7	parent Scer YHR027C RPN1	parent Suva YPR108W RPN7	parent Scer YHR027C RPN1	1.0531883251908485		
62	parent	CPX-2262	Scer YML092C PRE8--Scer YMR314W PRE5	parent	YML092C PRE8--YMR314W PRE5	0.6788851854517247	Scer	Scer	Scer YML092C PRE8	Scer YMR314W PRE5	parent Scer YML092C PRE8	parent Scer YMR314W PRE5	parent Scer YML092C PRE8	0.8018746964682529	parent Scer YMR314W PRE5	0.994998889094787
63	parent	CPX-2262	Scer YFR052W RPN12--Scer YML092C PRE8	parent	YFR052W RPN12--YML092C PRE8		Scer	Scer	Scer YFR052W RPN12	Scer YML092C PRE8	parent Scer YFR052W RPN12	parent Scer YML092C PRE8	parent Scer YFR052W RPN12	0.8018746964682529	parent Scer YML092C PRE8	0.8018746964682529
64	parent	CPX-2262	Scer YML092C PRE8--Scer YOR362C PRE10	parent	YML092C PRE8--YOR362C PRE10	0.799085646670534	Scer	Scer	Scer YML092C PRE8	Scer YOR362C PRE10	parent Scer YML092C PRE8	parent Scer YOR362C PRE10	parent Scer YML092C PRE8	0.8018746964682529	parent Scer YOR362C PRE10	1.1579420604281052
65	parent	CPX-2262	Scer YML092C PRE8--Scer YPR108W RPN7	parent	YML092C PRE8--YPR108W RPN7	0.3501476024925453	Scer	Scer	Scer YML092C PRE8	Scer YPR108W RPN7	parent Scer YML092C PRE8	parent Scer YPR108W RPN7	parent Scer YML092C PRE8	0.8018746964682529	parent Scer YPR108W RPN7	0.8018746964682529
66	parent	CPX-2262	Scer YML092C PRE8--Suva YDR363W-A SEM1	parent	YDR363W-A SEM1--YML092C PRE8	0.30420515341284315	Scer	Suva	Scer YML092C PRE8	Suva YDR363W-A SEM1	parent Scer YML092C PRE8	parent Suva YDR363W-A SEM1	parent Scer YML092C PRE8	0.8018746964682529	parent Suva YDR363W-A SEM1	0.822790870047304
67	parent	CPX-2262	Scer YML092C PRE8--Suva YFR004W RPN11	parent	YFR004W RPN11--YML092C PRE8		Scer	Suva	Scer YML092C PRE8	Suva YFR004W RPN11	parent Scer YML092C PRE8	parent Suva YFR004W RPN11	parent Scer YML092C PRE8	0.8018746964682529		
68	parent	CPX-2262	Scer YML092C PRE8--Suva YGR135W PRE9	parent	YGR135W PRE9--YML092C PRE8	0.5625412284151838	Scer	Suva	Scer YML092C PRE8	Suva YGR135W PRE9	parent Scer YML092C PRE8	parent Suva YGR135W PRE9	parent Scer YML092C PRE8	0.8018746964682529	parent Suva YGR135W PRE9	1.0531883251908485
69	parent	CPX-2262	Scer YML092C PRE8--Suva YHR027C RPN1	parent	YHR027C RPN1--YML092C PRE8	0.3740857032580384	Scer	Suva	Scer YML092C PRE8	Suva YHR027C RPN1	parent Scer YML092C PRE8	parent Suva YHR027C RPN1	parent Scer YML092C PRE8	0.8018746964682529	parent Suva YHR027C RPN1	1.0927436214076385
70	parent	CPX-2262	Scer YML092C PRE8--Suva YML092C PRE8	parent	YML092C PRE8--YML092C PRE8		Scer	Suva	Scer YML092C PRE8	Suva YML092C PRE8	parent Scer YML092C PRE8	parent Suva YML092C PRE8	parent Scer YML092C PRE8	0.8018746964682529	parent Suva YML092C PRE8	1.28923401889267
71	parent	CPX-2262	Scer YML092C PRE8--Suva YMR314W PRE5	parent	YML092C PRE8--YMR314W PRE5	0.8828024606860475	Scer	Suva	Scer YML092C PRE8	Suva YMR314W PRE5	parent Scer YML092C PRE8	parent Suva YMR314W PRE5	parent Scer YML092C PRE8	0.8018746964682529	parent Suva YMR314W PRE5	1.0531883251908485
72	parent	CPX-2262	Scer YML092C PRE8--Suva YFR052W RPN12	parent	YFR052W RPN12--YML092C PRE8	0.3905377006225892	Scer	Suva	Scer YML092C PRE8	Suva YFR052W RPN12	parent Scer YML092C PRE8	parent Suva YFR052W RPN12	parent Scer YML092C PRE8	0.8018746964682529	parent Suva YFR052W RPN12	1.0927436214076385
73	parent	CPX-2262	Scer YML092C PRE8--Suva YOR362C PRE10	parent	YML092C PRE8--YOR362C PRE10	0.8730671119989097	Scer	Suva	Scer YML092C PRE8	Suva YOR362C PRE10	parent Scer YML092C PRE8	parent Suva YOR362C PRE10	parent Scer YML092C PRE8	0.8018746964682529	parent Suva YOR362C PRE10	0.9603911361403256
74	parent	CPX-2262	Scer YML092C PRE8--Suva YPR108W RPN7	parent	YML092C PRE8--YPR108W RPN7		Scer	Suva	Scer YML092C PRE8	Suva YPR108W RPN7	parent Scer YML092C PRE8	parent Suva YPR108W RPN7	parent Scer YML092C PRE8	0.8018746964682529		
75	parent	CPX-2262	Scer YFR052W RPN12--Scer YMR314W PRE5	parent	YFR052W RPN12--YMR314W PRE5		Scer	Scer	Scer YFR052W RPN12	Scer YMR314W PRE5	parent Scer YFR052W RPN12	parent Scer YMR314W PRE5	parent Scer YFR052W RPN12	0.8018746964682529	parent Scer YMR314W PRE5	0.994998889094787
76	parent	CPX-2262	Scer YMR314W PRE5--Scer YOR362C PRE10	parent	YMR314W PRE5--YOR362C PRE10	0.8747623611675044	Scer	Scer	Scer YMR314W PRE5	Scer YOR362C PRE10	parent Scer YMR314W PRE5	parent Scer YOR362C PRE10	parent Scer YMR314W PRE5	0.994998889094787	parent Scer YOR362C PRE10	1.1579420604281052
77	parent	CPX-2262	Scer YMR314W PRE5--Scer YPR108W RPN7	parent	YMR314W PRE5--YPR108W RPN7	0.19023995254108586	Scer	Scer	Scer YMR314W PRE5	Scer YPR108W RPN7	parent Scer YMR314W PRE5	parent Scer YPR108W RPN7	parent Scer YMR314W PRE5	0.994998889094787	parent Scer YPR108W RPN7	0.8018746964682529
78	parent	CPX-2262	Scer YMR314W PRE5--Suva YDR363W-A SEM1	parent	YDR363W-A SEM1--YMR314W PRE5	0.15292641143067098	Scer	Suva	Scer YMR314W PRE5	Suva YDR363W-A SEM1	parent Scer YMR314W PRE5	parent Suva YDR363W-A SEM1	parent Scer YMR314W PRE5	0.994998889094787	parent Suva YDR363W-A SEM1	0.822790870047304
79	parent	CPX-2262	Scer YMR314W PRE5--Suva YFR004W RPN11	parent	YFR004W RPN11--YMR314W PRE5		Scer	Suva	Scer YMR314W PRE5	Suva YFR004W RPN11	parent Scer YMR314W PRE5	parent Suva YFR004W RPN11	parent Scer YMR314W PRE5	0.994998889094787		
80	parent	CPX-2262	Scer YMR314W PRE5--Suva YGR135W PRE9	parent	YGR135W PRE9--YMR314W PRE5	0.7441244621045549	Scer	Suva	Scer YMR314W PRE5	Suva YGR135W PRE9	parent Scer YMR314W PRE5	parent Suva YGR135W PRE9	parent Scer YMR314W PRE5	0.994998889094787	parent Suva YGR135W PRE9	1.0531883251908485
81	parent	CPX-2262	Scer YMR314W PRE5--Suva YHR027C RPN1	parent	YHR027C RPN1--YMR314W PRE5	0.20932187156817075	Scer	Suva	Scer YMR314W PRE5	Suva YHR027C RPN1	parent Scer YMR314W PRE5	parent Suva YHR027C RPN1	parent Scer YMR314W PRE5	0.994998889094787	parent Suva YHR027C RPN1	1.0927436214076385
82	parent	CPX-2262	Scer YMR314W PRE5--Suva YML092C PRE8	parent	YML092C PRE8--YMR314W PRE5	0.8501121569722471	Scer	Suva	Scer YMR314W PRE5	Suva YML092C PRE8	parent Scer YMR314W PRE5	parent Suva YML092C PRE8	parent Scer YMR314W PRE5	0.994998889094787	parent Suva YML092C PRE8	1.28923401889267
83	parent	CPX-2262	Scer YMR314W PRE5--Suva YMR314W PRE5	parent	YMR314W PRE5--YMR314W PRE5		Scer	Suva	Scer YMR314W PRE5	Suva YMR314W PRE5	parent Scer YMR314W PRE5	parent Suva YMR314W PRE5	parent Scer YMR314W PRE5	0.994998889094787	parent Suva YMR314W PRE5	1.0531883251908485
84	parent	CPX-2262	Scer YMR314W PRE5--Suva YFR052W RPN12	parent	YFR052W RPN12--YMR314W PRE5	0.2222805838370264	Scer	Suva	Scer YMR314W PRE5	Suva YFR052W RPN12	parent Scer YMR314W PRE5	parent Suva YFR052W RPN12	parent Scer YMR314W PRE5	0.994998889094787	parent Suva YFR052W RPN12	1.0927436214076385
85	parent	CPX-2262	Scer YMR314W PRE5--Suva YOR362C PRE10	parent	YMR314W PRE5--YOR362C PRE10	0.6774841575625952	Scer	Suva	Scer YMR314W PRE5	Suva YOR362C PRE10	parent Scer YMR314W PRE5	parent Suva YOR362C PRE10	parent Scer YMR314W PRE5	0.994998889094787	parent Suva YOR362C PRE10	0.9603911361403256
86	parent	CPX-2262	Scer YMR314W PRE5--Suva YPR108W RPN7	parent	YMR314W PRE5--YPR108W RPN7		Scer	Suva	Scer YMR314W PRE5	Suva YPR108W RPN7	parent Scer YMR314W PRE5	parent Suva YPR108W RPN7	parent Scer YMR314W PRE5	0.994998889094787		
87	parent	CPX-2262	Scer YFR052W RPN12--Scer YOR362C PRE10	parent	YFR052W RPN12--YOR362C PRE10		Scer	Scer	Scer YFR052W RPN12	Scer YOR362C PRE10	parent Scer YFR052W RPN12	parent Scer YOR362C PRE10	parent Scer YFR052W RPN12	0.8018746964682529	parent Scer YOR362C PRE10	1.1579420604281052
88	parent	CPX-2262	Scer YFR052W RPN12--Scer YPR108W RPN7	parent	YFR052W RPN12--YPR108W RPN7		Scer	Scer	Scer YFR052W RPN12	Scer YPR108W RPN7	parent Scer YFR052W RPN12	parent Scer YPR108W RPN7	parent Scer YFR052W RPN12	0.8018746964682529	parent Scer YPR108W RPN7	0.8018746964682529
89	parent	CPX-2262	Scer YFR052W RPN12--Suva YDR363W-A SEM1	parent	YDR363W-A SEM1--YFR052W RPN12		Scer	Suva	Scer YFR052W RPN12	Suva YDR363W-A SEM1	parent Scer YFR052W RPN12	parent Suva YDR363W-A SEM1	parent Scer YFR052W RPN12	0.8018746964682529	parent Suva YDR363W-A SEM1	0.822790870047304
90	parent	CPX-2262	Scer YFR052W RPN12--Suva YFR004W RPN11	parent	YFR004W RPN11--YFR052W RPN12		Scer	Suva	Scer YFR052W RPN12	Suva YFR004W RPN11	parent Scer YFR052W RPN12	parent Suva YFR004W RPN11	parent Scer YFR052W RPN12	0.8018746964682529		
91	parent	CPX-2262	Scer YFR052W RPN12--Suva YGR135W PRE9	parent	YFR052W RPN12--YGR135W PRE9		Scer	Suva	Scer YFR052W RPN12	Suva YGR135W PRE9	parent Scer YFR052W RPN12	parent Suva YGR135W PRE9	parent Scer YFR052W RPN12	0.8018746964682529	parent Suva YGR135W PRE9	1.0531883251908485
92	parent	CPX-2262	Scer YFR052W RPN12--Suva YHR027C RPN1	parent	YFR052W RPN12--YHR027C RPN1		Scer	Suva	Scer YFR052W RPN12	Suva YHR027C RPN1	parent Scer YFR052W RPN12	parent Suva YHR027C RPN1	parent Scer YFR052W RPN12	0.8018746964682529	parent Suva YHR027C RPN1	1.0927436214076385
93	parent	CPX-2262	Scer YFR052W RPN12--Suva YML092C PRE8	parent	YFR052W RPN12--YML092C PRE8		Scer	Suva	Scer YFR052W RPN12	Suva YML092C PRE8	parent Scer YFR052W RPN12	parent Suva YML092C PRE8	parent Scer YFR052W RPN12	0.8018746964682529	parent Suva YML092C PRE8	1.28923401889267
94	parent	CPX-2262	Scer YFR052W RPN12--Suva YMR314W PRE5	parent	YFR052W RPN12--YMR314W PRE5		Scer	Suva	Scer YFR052W RPN12	Suva YMR314W PRE5	parent Scer YFR052W RPN12	parent Suva YMR314W PRE5	parent Scer YFR052W RPN12	0.8018746964682529	parent Suva YMR314W PRE5	1.0531883251908485
95	parent	CPX-2262	Scer YFR052W RPN12--Suva YFR052W RPN12	parent	YFR052W RPN12--YFR052W RPN12		Scer	Suva	Scer YFR052W RPN12	Suva YFR052W RPN12	parent Scer YFR052W RPN12	parent Suva YFR052W RPN12	parent Scer YFR052W RPN12	0.8018746964682529	parent Suva YFR052W RPN12	1.0927436214076385
96	parent	CPX-2262	Scer YFR052W RPN12--Suva YOR362C PRE10	parent	YFR052W RPN12--YOR362C PRE10		Scer	Suva	Scer YFR052W RPN12	Suva YOR362C PRE10	parent Scer YFR052W RPN12	parent Suva YOR362C PRE10	parent Scer YFR052W RPN12	0.8018746964682529	parent Suva YOR362C PRE10	0.9603911361403256
97	parent	CPX-2262	Scer YFR052W RPN12--Suva YPR108W RPN7	parent	YFR052W RPN12--YPR108W RPN7		Scer	Suva	Scer YFR052W RPN12	Suva YPR108W RPN7	parent Scer YFR052W RPN12	parent Suva YPR108W RPN7	parent Scer YFR052W RPN12	0.8018746964682529		
98	parent	CPX-2262	Scer YOR362C PRE10--Scer YPR108W RPN7	parent	YOR362C PRE10--YPR108W RPN7	0.22406672978832654	Scer	Scer	Scer YOR362C PRE10	Scer YPR108W RPN7	parent Scer YOR362C PRE10	parent Scer YPR108W RPN7	parent Scer YOR362C PRE10	1.1579420604281052	parent Scer YPR108W RPN7	0.8018746964682529
99	parent	CPX-2262	Scer YOR362C PRE10--Suva YDR363W-A SEM1	parent	YDR363W-A SEM1--YOR362C PRE10	0.1852026203942233	Scer	Suva	Scer YOR362C PRE10	Suva YDR363W-A SEM1	parent Scer YOR362C PRE10	parent Suva YDR363W-A SEM1	parent Scer YOR362C PRE10	1.1579420604281052	parent Suva YDR363W-A SEM1	0.822790870047304
100	parent	CPX-2262	Scer YOR362C PRE10--Suva YFR004W RPN11	parent	YFR004W RPN11--YOR362C PRE10		Scer	Suva	Scer YOR362C PRE10	Suva YFR004W RPN11	parent Scer YOR362C PRE10	parent Suva YFR004W RPN11	parent Scer YOR362C PRE10	1.1579420604281052		
101	parent	CPX-2262	Scer YOR362C PRE10--Suva YGR135W PRE9	parent	YGR135W PRE9--YOR362C PRE10	0.6873700847541275	Scer	Suva	Scer YOR362C PRE10	Suva YGR135W PRE9	parent Scer YOR362C PRE10	parent Suva YGR135W PRE9	parent Scer YOR362C PRE10	1.1579420604281052	parent Suva YGR135W PRE9	1.0531883251908485
102	parent	CPX-2262	Scer YOR362C PRE10--Suva YHR027C RPN1	parent	YHR027C RPN1--YOR362C PRE10	0.2440019787451958	Scer	Suva	Scer YOR362C PRE10	Suva YHR027C RPN1	parent Scer YOR362C PRE10	parent Suva YHR027C RPN1	parent Scer YOR362C PRE10	1.1579420604281052	parent Suva YHR027C RPN1	1.0927436214076385
103	parent	CPX-2262	Scer YOR362C PRE10--Suva YML092C PRE8	parent	YML092C PRE8--YOR362C PRE10	0.8626277364696544	Scer	Suva	Scer YOR362C PRE10	Suva YML092C PRE8	parent Scer YOR362C PRE10	parent Suva YML092C PRE8	parent Scer YOR362C PRE10	1.1579420604281052	parent Suva YML092C PRE8	1.28923401889267
104	parent	CPX-2262	Scer YOR362C PRE10--Suva YMR314W PRE5	parent	YMR314W PRE5--YOR362C PRE10	0.8449134804414129	Scer	Suva	Scer YOR362C PRE10	Suva YMR314W PRE5	parent Scer YOR362C PRE10	parent Suva YMR314W PRE5	parent Scer YOR362C PRE10	1.1579420604281052	parent Suva YMR314W PRE5	1.0531883251908485
105	parent	CPX-2262	Scer YOR362C PRE10--Suva YFR052W RPN12	parent	YFR052W RPN12--YOR362C PRE10	0.2575657634257458	Scer	Suva	Scer YOR362C PRE10	Suva YFR052W RPN12	parent Scer YOR362C PRE10	parent Suva YFR052W RPN12	parent Scer YOR362C PRE10	1.1579420604281052	parent Suva YFR052W RPN12	1.0927436214076385
106	parent	CPX-2262	Scer YOR362C PRE10--Suva YOR362C PRE10	parent	YOR362C PRE10--YOR362C PRE10		Scer	Suva	Scer YOR362C PRE10	Suva YOR362C PRE10	parent Scer YOR362C PRE10	parent Suva YOR362C PRE10	parent Scer YOR362C PRE10	1.1579420604281052	parent Suva YOR362C PRE10	0.9603911361403256
107	parent	CPX-2262	Scer YOR362C PRE10--Suva YPR108W RPN7	parent	YOR362C PRE10--YPR108W RPN7		Scer	Suva	Scer YOR362C PRE10	Suva YPR108W RPN7	parent Scer YOR362C PRE10	parent Suva YPR108W RPN7	parent Scer YOR362C PRE10	1.1579420604281052		
108	parent	CPX-2262	Scer YPR108W RPN7--Suva YDR363W-A SEM1	parent	YDR363W-A SEM1--YPR108W RPN7	0.6068718787982146	Scer	Suva	Scer YPR108W RPN7	Suva YDR363W-A SEM1	parent Scer YPR108W RPN7	parent Suva YDR363W-A SEM1	parent Scer YPR108W RPN7	0.8018746964682529	parent Suva YDR363W-A SEM1	0.822790870047304
109	parent	CPX-2262	Scer YPR108W RPN7--Suva YFR004W RPN11	parent	YFR004W RPN11--YPR108W RPN7		Scer	Suva	Scer YPR108W RPN7	Suva YFR004W RPN11	parent Scer YPR108W RPN7	parent Suva YFR004W RPN11	parent Scer YPR108W RPN7	0.8018746964682529		
110	parent	CPX-2262	Scer YPR108W RPN7--Suva YGR135W PRE9	parent	YGR135W PRE9--YPR108W RPN7	0.11988432314176525	Scer	Suva	Scer YPR108W RPN7	Suva YGR135W PRE9	parent Scer YPR108W RPN7	parent Suva YGR135W PRE9	parent Scer YPR108W RPN7	0.8018746964682529	parent Suva YGR135W PRE9	1.0531883251908485
111	parent	CPX-2262	Scer YPR108W RPN7--Suva YHR027C RPN1	parent	YHR027C RPN1--YPR108W RPN7	0.326867078013768	Scer	Suva	Scer YPR108W RPN7	Suva YHR027C RPN1	parent Scer YPR108W RPN7	parent Suva YHR027C RPN1	parent Scer YPR108W RPN7	0.8018746964682529	parent Suva YHR027C RPN1	1.0927436214076385
112	parent	CPX-2262	Scer YPR108W RPN7--Suva YML092C PRE8	parent	YML092C PRE8--YPR108W RPN7	0.2694723004593797	Scer	Suva	Scer YPR108W RPN7	Suva YML092C PRE8	parent Scer YPR108W RPN7	parent Suva YML092C PRE8	parent Scer YPR108W RPN7	0.8018746964682529	parent Suva YML092C PRE8	1.28923401889267
113	parent	CPX-2262	Scer YPR108W RPN7--Suva YMR314W PRE5	parent	YMR314W PRE5--YPR108W RPN7	0.2810085437576513	Scer	Suva	Scer YPR108W RPN7	Suva YMR314W PRE5	parent Scer YPR108W RPN7	parent Suva YMR314W PRE5	parent Scer YPR108W RPN7	0.8018746964682529	parent Suva YMR314W PRE5	1.0531883251908485
114	parent	CPX-2262	Scer YPR108W RPN7--Suva YFR052W RPN12	parent	YFR052W RPN12--YPR108W RPN7	0.3421371585519221	Scer	Suva	Scer YPR108W RPN7	Suva YFR052W RPN12	parent Scer YPR108W RPN7	parent Suva YFR052W RPN12	parent Scer YPR108W RPN7	0.8018746964682529	parent Suva YFR052W RPN12	1.0927436214076385
115	parent	CPX-2262	Scer YPR108W RPN7--Suva YOR362C PRE10	parent	YOR362C PRE10--YPR108W RPN7	0.3378670098820901	Scer	Suva	Scer YPR108W RPN7	Suva YOR362C PRE10	parent Scer YPR108W RPN7	parent Suva YOR362C PRE10	parent Scer YPR108W RPN7	0.8018746964682529	parent Suva YOR362C PRE10	0.9603911361403256
116	parent	CPX-2262	Scer YPR108W RPN7--Suva YPR108W RPN7	parent	YPR108W RPN7--YPR108W RPN7		Scer	Suva	Scer YPR108W RPN7	Suva YPR108W RPN7	parent Scer YPR108W RPN7	parent Suva YPR108W RPN7	parent Scer YPR108W RPN7	0.8018746964682529		
117	parent	CPX-2262	Suva YDR363W-A SEM1--Suva YFR004W RPN11	parent	YDR363W-A SEM1--YFR004W RPN11		Suva	Suva	Suva YDR363W-A SEM1	Suva YFR004W RPN11	parent Suva YDR363W-A SEM1	parent Suva YFR004W RPN11	parent Suva YDR363W-A SEM1	0.822790870047304		
118	parent	CPX-2262	Suva YDR363W-A SEM1--Suva YGR135W PRE9	parent	YDR363W-A SEM1--YGR135W PRE9	0.09102415656758944	Suva	Suva	Suva YDR363W-A SEM1	Suva YGR135W PRE9	parent Suva YDR363W-A SEM1	parent Suva YGR135W PRE9	parent Suva YDR363W-A SEM1	0.822790870047304	parent Suva YGR135W PRE9	1.0531883251908485
119	parent	CPX-2262	Suva YDR363W-A SEM1--Suva YHR027C RPN1	parent	YDR363W-A SEM1--YHR027C RPN1	0.3125273534362518	Suva	Suva	Suva YDR363W-A SEM1	Suva YHR027C RPN1	parent Suva YDR363W-A SEM1	parent Suva YHR027C RPN1	parent Suva YDR363W-A SEM1	0.822790870047304	parent Suva YHR027C RPN1	1.0927436214076385
120	parent	CPX-2262	Suva YDR363W-A SEM1--Suva YML092C PRE8	parent	YDR363W-A SEM1--YML092C PRE8	0.22831803844642784	Suva	Suva	Suva YDR363W-A SEM1	Suva YML092C PRE8	parent Suva YDR363W-A SEM1	parent Suva YML092C PRE8	parent Suva YDR363W-A SEM1	0.822790870047304	parent Suva YML092C PRE8	1.28923401889267
121	parent	CPX-2262	Suva YDR363W-A SEM1--Suva YMR314W PRE5	parent	YDR363W-A SEM1--YMR314W PRE5	0.23922996632323146	Suva	Suva	Suva YDR363W-A SEM1	Suva YMR314W PRE5	parent Suva YDR363W-A SEM1	parent Suva YMR314W PRE5	parent Suva YDR363W-A SEM1	0.822790870047304	parent Suva YMR314W PRE5	1.0531883251908485
122	parent	CPX-2262	Suva YDR363W-A SEM1--Suva YFR052W RPN12	parent	YDR363W-A SEM1--YFR052W RPN12	0.3424151503641364	Suva	Suva	Suva YDR363W-A SEM1	Suva YFR052W RPN12	parent Suva YDR363W-A SEM1	parent Suva YFR052W RPN12	parent Suva YDR363W-A SEM1	0.822790870047304	parent Suva YFR052W RPN12	1.0927436214076385
123	parent	CPX-2262	Suva YDR363W-A SEM1--Suva YOR362C PRE10	parent	YDR363W-A SEM1--YOR362C PRE10	0.29272181809874664	Suva	Suva	Suva YDR363W-A SEM1	Suva YOR362C PRE10	parent Suva YDR363W-A SEM1	parent Suva YOR362C PRE10	parent Suva YDR363W-A SEM1	0.822790870047304	parent Suva YOR362C PRE10	0.9603911361403256
124	parent	CPX-2262	Suva YDR363W-A SEM1--Suva YPR108W RPN7	parent	YDR363W-A SEM1--YPR108W RPN7		Suva	Suva	Suva YDR363W-A SEM1	Suva YPR108W RPN7	parent Suva YDR363W-A SEM1	parent Suva YPR108W RPN7	parent Suva YDR363W-A SEM1	0.822790870047304		
125	parent	CPX-2262	Suva YFR004W RPN11--Suva YGR135W PRE9	parent	YFR004W RPN11--YGR135W PRE9		Suva	Suva	Suva YFR004W RPN11	Suva YGR135W PRE9	parent Suva YFR004W RPN11	parent Suva YGR135W PRE9			parent Suva YGR135W PRE9	1.0531883251908485
126	parent	CPX-2262	Suva YFR004W RPN11--Suva YHR027C RPN1	parent	YFR004W RPN11--YHR027C RPN1		Suva	Suva	Suva YFR004W RPN11	Suva YHR027C RPN1	parent Suva YFR004W RPN11	parent Suva YHR027C RPN1			parent Suva YHR027C RPN1	1.0927436214076385
127	parent	CPX-2262	Suva YFR004W RPN11--Suva YML092C PRE8	parent	YFR004W RPN11--YML092C PRE8		Suva	Suva	Suva YFR004W RPN11	Suva YML092C PRE8	parent Suva YFR004W RPN11	parent Suva YML092C PRE8			parent Suva YML092C PRE8	1.28923401889267
128	parent	CPX-2262	Suva YFR004W RPN11--Suva YMR314W PRE5	parent	YFR004W RPN11--YMR314W PRE5		Suva	Suva	Suva YFR004W RPN11	Suva YMR314W PRE5	parent Suva YFR004W RPN11	parent Suva YMR314W PRE5			parent Suva YMR314W PRE5	1.0531883251908485
129	parent	CPX-2262	Suva YFR004W RPN11--Suva YFR052W RPN12	parent	YFR004W RPN11--YFR052W RPN12		Suva	Suva	Suva YFR004W RPN11	Suva YFR052W RPN12	parent Suva YFR004W RPN11	parent Suva YFR052W RPN12			parent Suva YFR052W RPN12	1.0927436214076385
130	parent	CPX-2262	Suva YFR004W RPN11--Suva YOR362C PRE10	parent	YFR004W RPN11--YOR362C PRE10		Suva	Suva	Suva YFR004W RPN11	Suva YOR362C PRE10	parent Suva YFR004W RPN11	parent Suva YOR362C PRE10			parent Suva YOR362C PRE10	0.9603911361403256
131	parent	CPX-2262	Suva YFR004W RPN11--Suva YPR108W RPN7	parent	YFR004W RPN11--YPR108W RPN7		Suva	Suva	Suva YFR004W RPN11	Suva YPR108W RPN7	parent Suva YFR004W RPN11	parent Suva YPR108W RPN7				
132	parent	CPX-2262	Suva YGR135W PRE9--Suva YHR027C RPN1	parent	YGR135W PRE9--YHR027C RPN1	0.13740845530956747	Suva	Suva	Suva YGR135W PRE9	Suva YHR027C RPN1	parent Suva YGR135W PRE9	parent Suva YHR027C RPN1	parent Suva YGR135W PRE9	1.0531883251908485	parent Suva YHR027C RPN1	1.0927436214076385
133	parent	CPX-2262	Suva YGR135W PRE9--Suva YML092C PRE8	parent	YGR135W PRE9--YML092C PRE8	0.6847064286830294	Suva	Suva	Suva YGR135W PRE9	Suva YML092C PRE8	parent Suva YGR135W PRE9	parent Suva YML092C PRE8	parent Suva YGR135W PRE9	1.0531883251908485	parent Suva YML092C PRE8	1.28923401889267
134	parent	CPX-2262	Suva YGR135W PRE9--Suva YMR314W PRE5	parent	YGR135W PRE9--YMR314W PRE5	0.6538933412849021	Suva	Suva	Suva YGR135W PRE9	Suva YMR314W PRE5	parent Suva YGR135W PRE9	parent Suva YMR314W PRE5	parent Suva YGR135W PRE9	1.0531883251908485	parent Suva YMR314W PRE5	1.0531883251908485
135	parent	CPX-2262	Suva YFR052W RPN12--Suva YGR135W PRE9	parent	YFR052W RPN12--YGR135W PRE9	0.15347899711609614	Suva	Suva	Suva YFR052W RPN12	Suva YGR135W PRE9	parent Suva YFR052W RPN12	parent Suva YGR135W PRE9	parent Suva YFR052W RPN12	1.0927436214076385	parent Suva YGR135W PRE9	1.0531883251908485
136	parent	CPX-2262	Suva YGR135W PRE9--Suva YOR362C PRE10	parent	YGR135W PRE9--YOR362C PRE10	0.6773232505243991	Suva	Suva	Suva YGR135W PRE9	Suva YOR362C PRE10	parent Suva YGR135W PRE9	parent Suva YOR362C PRE10	parent Suva YGR135W PRE9	1.0531883251908485	parent Suva YOR362C PRE10	0.9603911361403256
137	parent	CPX-2262	Suva YGR135W PRE9--Suva YPR108W RPN7	parent	YGR135W PRE9--YPR108W RPN7		Suva	Suva	Suva YGR135W PRE9	Suva YPR108W RPN7	parent Suva YGR135W PRE9	parent Suva YPR108W RPN7	parent Suva YGR135W PRE9	1.0531883251908485		
138	parent	CPX-2262	Suva YHR027C RPN1--Suva YML092C PRE8	parent	YHR027C RPN1--YML092C PRE8	0.2906825195190039	Suva	Suva	Suva YHR027C RPN1	Suva YML092C PRE8	parent Suva YHR027C RPN1	parent Suva YML092C PRE8	parent Suva YHR027C RPN1	1.0927436214076385	parent Suva YML092C PRE8	1.28923401889267
139	parent	CPX-2262	Suva YHR027C RPN1--Suva YMR314W PRE5	parent	YHR027C RPN1--YMR314W PRE5	0.3025695142386655	Suva	Suva	Suva YHR027C RPN1	Suva YMR314W PRE5	parent Suva YHR027C RPN1	parent Suva YMR314W PRE5	parent Suva YHR027C RPN1	1.0927436214076385	parent Suva YMR314W PRE5	1.0531883251908485
140	parent	CPX-2262	Suva YFR052W RPN12--Suva YHR027C RPN1	parent	YFR052W RPN12--YHR027C RPN1	0.36577284315638414	Suva	Suva	Suva YFR052W RPN12	Suva YHR027C RPN1	parent Suva YFR052W RPN12	parent Suva YHR027C RPN1	parent Suva YFR052W RPN12	1.0927436214076385	parent Suva YHR027C RPN1	1.0927436214076385
141	parent	CPX-2262	Suva YHR027C RPN1--Suva YOR362C PRE10	parent	YHR027C RPN1--YOR362C PRE10	0.36134464308025904	Suva	Suva	Suva YHR027C RPN1	Suva YOR362C PRE10	parent Suva YHR027C RPN1	parent Suva YOR362C PRE10	parent Suva YHR027C RPN1	1.0927436214076385	parent Suva YOR362C PRE10	0.9603911361403256
142	parent	CPX-2262	Suva YHR027C RPN1--Suva YPR108W RPN7	parent	YHR027C RPN1--YPR108W RPN7		Suva	Suva	Suva YHR027C RPN1	Suva YPR108W RPN7	parent Suva YHR027C RPN1	parent Suva YPR108W RPN7	parent Suva YHR027C RPN1	1.0927436214076385		
143	parent	CPX-2262	Suva YML092C PRE8--Suva YMR314W PRE5	parent	YML092C PRE8--YMR314W PRE5	0.7493776091883788	Suva	Suva	Suva YML092C PRE8	Suva YMR314W PRE5	parent Suva YML092C PRE8	parent Suva YMR314W PRE5	parent Suva YML092C PRE8	1.28923401889267	parent Suva YMR314W PRE5	1.0531883251908485
144	parent	CPX-2262	Suva YFR052W RPN12--Suva YML092C PRE8	parent	YFR052W RPN12--YML092C PRE8	0.30515694173984553	Suva	Suva	Suva YFR052W RPN12	Suva YML092C PRE8	parent Suva YFR052W RPN12	parent Suva YML092C PRE8	parent Suva YFR052W RPN12	1.0927436214076385	parent Suva YML092C PRE8	1.28923401889267
145	parent	CPX-2262	Suva YML092C PRE8--Suva YOR362C PRE10	parent	YML092C PRE8--YOR362C PRE10	0.7006081103453967	Suva	Suva	Suva YML092C PRE8	Suva YOR362C PRE10	parent Suva YML092C PRE8	parent Suva YOR362C PRE10	parent Suva YML092C PRE8	1.28923401889267	parent Suva YOR362C PRE10	0.9603911361403256
146	parent	CPX-2262	Suva YML092C PRE8--Suva YPR108W RPN7	parent	YML092C PRE8--YPR108W RPN7		Suva	Suva	Suva YML092C PRE8	Suva YPR108W RPN7	parent Suva YML092C PRE8	parent Suva YPR108W RPN7	parent Suva YML092C PRE8	1.28923401889267		
147	parent	CPX-2262	Suva YFR052W RPN12--Suva YMR314W PRE5	parent	YFR052W RPN12--YMR314W PRE5	0.31729591332283125	Suva	Suva	Suva YFR052W RPN12	Suva YMR314W PRE5	parent Suva YFR052W RPN12	parent Suva YMR314W PRE5	parent Suva YFR052W RPN12	1.0927436214076385	parent Suva YMR314W PRE5	1.0531883251908485
148	parent	CPX-2262	Suva YMR314W PRE5--Suva YOR362C PRE10	parent	YMR314W PRE5--YOR362C PRE10	0.8272365163654577	Suva	Suva	Suva YMR314W PRE5	Suva YOR362C PRE10	parent Suva YMR314W PRE5	parent Suva YOR362C PRE10	parent Suva YMR314W PRE5	1.0531883251908485	parent Suva YOR362C PRE10	0.9603911361403256
149	parent	CPX-2262	Suva YMR314W PRE5--Suva YPR108W RPN7	parent	YMR314W PRE5--YPR108W RPN7		Suva	Suva	Suva YMR314W PRE5	Suva YPR108W RPN7	parent Suva YMR314W PRE5	parent Suva YPR108W RPN7	parent Suva YMR314W PRE5	1.0531883251908485		
150	parent	CPX-2262	Suva YFR052W RPN12--Suva YOR362C PRE10	parent	YFR052W RPN12--YOR362C PRE10	0.3774598387102259	Suva	Suva	Suva YFR052W RPN12	Suva YOR362C PRE10	parent Suva YFR052W RPN12	parent Suva YOR362C PRE10	parent Suva YFR052W RPN12	1.0927436214076385	parent Suva YOR362C PRE10	0.9603911361403256
151	parent	CPX-2262	Suva YFR052W RPN12--Suva YPR108W RPN7	parent	YFR052W RPN12--YPR108W RPN7		Suva	Suva	Suva YFR052W RPN12	Suva YPR108W RPN7	parent Suva YFR052W RPN12	parent Suva YPR108W RPN7	parent Suva YFR052W RPN12	1.0927436214076385		
152	parent	CPX-2262	Suva YOR362C PRE10--Suva YPR108W RPN7	parent	YOR362C PRE10--YPR108W RPN7		Suva	Suva	Suva YOR362C PRE10	Suva YPR108W RPN7	parent Suva YOR362C PRE10	parent Suva YPR108W RPN7	parent Suva YOR362C PRE10	0.9603911361403256		
