	species1 type	complex id	species name interaction id	species2 type	interaction id	interaction score	species1 name	species2 name	species name interactor1	species name interactor2	species type interactor1	species type interactor2	species type interactor interactor1	protein abundance (log10 scale) interactor1	species type interactor interactor2	protein abundance (log10 scale) interactor2
0	hybrid	CPX-1671	Scer YEL003W GIM4--Scer YGR078C PAC10	hybrid	YEL003W GIM4--YGR078C PAC10	0.7030783100957272	Scer	Scer	Scer YEL003W GIM4	Scer YGR078C PAC10	hybrid Scer YEL003W GIM4	hybrid Scer YGR078C PAC10	hybrid Scer YEL003W GIM4	1.0727937076576288	hybrid Scer YGR078C PAC10	0.8331509176921239
1	hybrid	CPX-1671	Scer YEL003W GIM4--Scer YJL179W PFD1	hybrid	YEL003W GIM4--YJL179W PFD1	0.7740243222126899	Scer	Scer	Scer YEL003W GIM4	Scer YJL179W PFD1	hybrid Scer YEL003W GIM4	hybrid Scer YJL179W PFD1	hybrid Scer YEL003W GIM4	1.0727937076576288	hybrid Scer YJL179W PFD1	0.994998889094787
2	hybrid	CPX-1671	Scer YEL003W GIM4--Scer YLR200W YKE2	hybrid	YEL003W GIM4--YLR200W YKE2	0.6617425058563469	Scer	Scer	Scer YEL003W GIM4	Scer YLR200W YKE2	hybrid Scer YEL003W GIM4	hybrid Scer YLR200W YKE2	hybrid Scer YEL003W GIM4	1.0727937076576288	hybrid Scer YLR200W YKE2	0.3924621347451496
3	hybrid	CPX-1671	Scer YEL003W GIM4--Scer YML094W GIM5	hybrid	YEL003W GIM4--YML094W GIM5	0.7941645714075758	Scer	Scer	Scer YEL003W GIM4	Scer YML094W GIM5	hybrid Scer YEL003W GIM4	hybrid Scer YML094W GIM5	hybrid Scer YEL003W GIM4	1.0727937076576288	hybrid Scer YML094W GIM5	1.1493696028731122
4	hybrid	CPX-1671	Scer YEL003W GIM4--Scer YNL153C GIM3	hybrid	YEL003W GIM4--YNL153C GIM3	0.7742711197329221	Scer	Scer	Scer YEL003W GIM4	Scer YNL153C GIM3	hybrid Scer YEL003W GIM4	hybrid Scer YNL153C GIM3	hybrid Scer YEL003W GIM4	1.0727937076576288	hybrid Scer YNL153C GIM3	1.0750804435085548
5	hybrid	CPX-1671	Scer YEL003W GIM4--Suva YEL003W GIM4	hybrid	YEL003W GIM4--YEL003W GIM4		Scer	Suva	Scer YEL003W GIM4	Suva YEL003W GIM4	hybrid Scer YEL003W GIM4	hybrid Suva YEL003W GIM4	hybrid Scer YEL003W GIM4	1.0727937076576288	hybrid Suva YEL003W GIM4	1.0249088588403583
6	hybrid	CPX-1671	Scer YEL003W GIM4--Suva YGR078C PAC10	hybrid	YEL003W GIM4--YGR078C PAC10	0.6347373855896825	Scer	Suva	Scer YEL003W GIM4	Suva YGR078C PAC10	hybrid Scer YEL003W GIM4	hybrid Suva YGR078C PAC10	hybrid Scer YEL003W GIM4	1.0727937076576288	hybrid Suva YGR078C PAC10	0.9700832142277648
7	hybrid	CPX-1671	Scer YEL003W GIM4--Suva YJL179W PFD1	hybrid	YEL003W GIM4--YJL179W PFD1	0.7228771965647218	Scer	Suva	Scer YEL003W GIM4	Suva YJL179W PFD1	hybrid Scer YEL003W GIM4	hybrid Suva YJL179W PFD1	hybrid Scer YEL003W GIM4	1.0727937076576288	hybrid Suva YJL179W PFD1	1.1023391282072887
8	hybrid	CPX-1671	Scer YEL003W GIM4--Suva YLR200W YKE2	hybrid	YEL003W GIM4--YLR200W YKE2	0.7433504494886756	Scer	Suva	Scer YEL003W GIM4	Suva YLR200W YKE2	hybrid Scer YEL003W GIM4	hybrid Suva YLR200W YKE2	hybrid Scer YEL003W GIM4	1.0727937076576288	hybrid Suva YLR200W YKE2	0.994998889094787
9	hybrid	CPX-1671	Scer YEL003W GIM4--Suva YML094W GIM5	hybrid	YEL003W GIM4--YML094W GIM5	0.7030516380624691	Scer	Suva	Scer YEL003W GIM4	Suva YML094W GIM5	hybrid Scer YEL003W GIM4	hybrid Suva YML094W GIM5	hybrid Scer YEL003W GIM4	1.0727937076576288	hybrid Suva YML094W GIM5	1.3191894238115354
10	hybrid	CPX-1671	Scer YEL003W GIM4--Suva YNL153C GIM3	hybrid	YEL003W GIM4--YNL153C GIM3	0.6529842414043643	Scer	Suva	Scer YEL003W GIM4	Suva YNL153C GIM3	hybrid Scer YEL003W GIM4	hybrid Suva YNL153C GIM3	hybrid Scer YEL003W GIM4	1.0727937076576288	hybrid Suva YNL153C GIM3	1.2277389084881578
11	hybrid	CPX-1671	Scer YGR078C PAC10--Scer YJL179W PFD1	hybrid	YGR078C PAC10--YJL179W PFD1	0.6409105966697126	Scer	Scer	Scer YGR078C PAC10	Scer YJL179W PFD1	hybrid Scer YGR078C PAC10	hybrid Scer YJL179W PFD1	hybrid Scer YGR078C PAC10	0.8331509176921239	hybrid Scer YJL179W PFD1	0.994998889094787
12	hybrid	CPX-1671	Scer YGR078C PAC10--Scer YLR200W YKE2	hybrid	YGR078C PAC10--YLR200W YKE2	0.8315893134696841	Scer	Scer	Scer YGR078C PAC10	Scer YLR200W YKE2	hybrid Scer YGR078C PAC10	hybrid Scer YLR200W YKE2	hybrid Scer YGR078C PAC10	0.8331509176921239	hybrid Scer YLR200W YKE2	0.3924621347451496
13	hybrid	CPX-1671	Scer YGR078C PAC10--Scer YML094W GIM5	hybrid	YGR078C PAC10--YML094W GIM5	0.7752700114139096	Scer	Scer	Scer YGR078C PAC10	Scer YML094W GIM5	hybrid Scer YGR078C PAC10	hybrid Scer YML094W GIM5	hybrid Scer YGR078C PAC10	0.8331509176921239	hybrid Scer YML094W GIM5	1.1493696028731122
14	hybrid	CPX-1671	Scer YGR078C PAC10--Scer YNL153C GIM3	hybrid	YGR078C PAC10--YNL153C GIM3	0.6775697510080825	Scer	Scer	Scer YGR078C PAC10	Scer YNL153C GIM3	hybrid Scer YGR078C PAC10	hybrid Scer YNL153C GIM3	hybrid Scer YGR078C PAC10	0.8331509176921239	hybrid Scer YNL153C GIM3	1.0750804435085548
15	hybrid	CPX-1671	Scer YGR078C PAC10--Suva YEL003W GIM4	hybrid	YEL003W GIM4--YGR078C PAC10	0.4722928869135111	Scer	Suva	Scer YGR078C PAC10	Suva YEL003W GIM4	hybrid Scer YGR078C PAC10	hybrid Suva YEL003W GIM4	hybrid Scer YGR078C PAC10	0.8331509176921239	hybrid Suva YEL003W GIM4	1.0249088588403583
16	hybrid	CPX-1671	Scer YGR078C PAC10--Suva YGR078C PAC10	hybrid	YGR078C PAC10--YGR078C PAC10		Scer	Suva	Scer YGR078C PAC10	Suva YGR078C PAC10	hybrid Scer YGR078C PAC10	hybrid Suva YGR078C PAC10	hybrid Scer YGR078C PAC10	0.8331509176921239	hybrid Suva YGR078C PAC10	0.9700832142277648
17	hybrid	CPX-1671	Scer YGR078C PAC10--Suva YJL179W PFD1	hybrid	YGR078C PAC10--YJL179W PFD1	0.694858010862214	Scer	Suva	Scer YGR078C PAC10	Suva YJL179W PFD1	hybrid Scer YGR078C PAC10	hybrid Suva YJL179W PFD1	hybrid Scer YGR078C PAC10	0.8331509176921239	hybrid Suva YJL179W PFD1	1.1023391282072887
18	hybrid	CPX-1671	Scer YGR078C PAC10--Suva YLR200W YKE2	hybrid	YGR078C PAC10--YLR200W YKE2	0.7585705542759443	Scer	Suva	Scer YGR078C PAC10	Suva YLR200W YKE2	hybrid Scer YGR078C PAC10	hybrid Suva YLR200W YKE2	hybrid Scer YGR078C PAC10	0.8331509176921239	hybrid Suva YLR200W YKE2	0.994998889094787
19	hybrid	CPX-1671	Scer YGR078C PAC10--Suva YML094W GIM5	hybrid	YGR078C PAC10--YML094W GIM5	0.6509377999683821	Scer	Suva	Scer YGR078C PAC10	Suva YML094W GIM5	hybrid Scer YGR078C PAC10	hybrid Suva YML094W GIM5	hybrid Scer YGR078C PAC10	0.8331509176921239	hybrid Suva YML094W GIM5	1.3191894238115354
20	hybrid	CPX-1671	Scer YGR078C PAC10--Suva YNL153C GIM3	hybrid	YGR078C PAC10--YNL153C GIM3	0.734007565291815	Scer	Suva	Scer YGR078C PAC10	Suva YNL153C GIM3	hybrid Scer YGR078C PAC10	hybrid Suva YNL153C GIM3	hybrid Scer YGR078C PAC10	0.8331509176921239	hybrid Suva YNL153C GIM3	1.2277389084881578
21	hybrid	CPX-1671	Scer YJL179W PFD1--Scer YLR200W YKE2	hybrid	YJL179W PFD1--YLR200W YKE2	0.5923506347057642	Scer	Scer	Scer YJL179W PFD1	Scer YLR200W YKE2	hybrid Scer YJL179W PFD1	hybrid Scer YLR200W YKE2	hybrid Scer YJL179W PFD1	0.994998889094787	hybrid Scer YLR200W YKE2	0.3924621347451496
22	hybrid	CPX-1671	Scer YJL179W PFD1--Scer YML094W GIM5	hybrid	YJL179W PFD1--YML094W GIM5	0.8110093879128052	Scer	Scer	Scer YJL179W PFD1	Scer YML094W GIM5	hybrid Scer YJL179W PFD1	hybrid Scer YML094W GIM5	hybrid Scer YJL179W PFD1	0.994998889094787	hybrid Scer YML094W GIM5	1.1493696028731122
23	hybrid	CPX-1671	Scer YJL179W PFD1--Scer YNL153C GIM3	hybrid	YJL179W PFD1--YNL153C GIM3	0.7257121871220107	Scer	Scer	Scer YJL179W PFD1	Scer YNL153C GIM3	hybrid Scer YJL179W PFD1	hybrid Scer YNL153C GIM3	hybrid Scer YJL179W PFD1	0.994998889094787	hybrid Scer YNL153C GIM3	1.0750804435085548
24	hybrid	CPX-1671	Scer YJL179W PFD1--Suva YEL003W GIM4	hybrid	YEL003W GIM4--YJL179W PFD1	0.6801227034414647	Scer	Suva	Scer YJL179W PFD1	Suva YEL003W GIM4	hybrid Scer YJL179W PFD1	hybrid Suva YEL003W GIM4	hybrid Scer YJL179W PFD1	0.994998889094787	hybrid Suva YEL003W GIM4	1.0249088588403583
25	hybrid	CPX-1671	Scer YJL179W PFD1--Suva YGR078C PAC10	hybrid	YGR078C PAC10--YJL179W PFD1	0.6707328052861224	Scer	Suva	Scer YJL179W PFD1	Suva YGR078C PAC10	hybrid Scer YJL179W PFD1	hybrid Suva YGR078C PAC10	hybrid Scer YJL179W PFD1	0.994998889094787	hybrid Suva YGR078C PAC10	0.9700832142277648
26	hybrid	CPX-1671	Scer YJL179W PFD1--Suva YJL179W PFD1	hybrid	YJL179W PFD1--YJL179W PFD1		Scer	Suva	Scer YJL179W PFD1	Suva YJL179W PFD1	hybrid Scer YJL179W PFD1	hybrid Suva YJL179W PFD1	hybrid Scer YJL179W PFD1	0.994998889094787	hybrid Suva YJL179W PFD1	1.1023391282072887
27	hybrid	CPX-1671	Scer YJL179W PFD1--Suva YLR200W YKE2	hybrid	YJL179W PFD1--YLR200W YKE2	0.8533391336744603	Scer	Suva	Scer YJL179W PFD1	Suva YLR200W YKE2	hybrid Scer YJL179W PFD1	hybrid Suva YLR200W YKE2	hybrid Scer YJL179W PFD1	0.994998889094787	hybrid Suva YLR200W YKE2	0.994998889094787
28	hybrid	CPX-1671	Scer YJL179W PFD1--Suva YML094W GIM5	hybrid	YJL179W PFD1--YML094W GIM5	0.7263397089267984	Scer	Suva	Scer YJL179W PFD1	Suva YML094W GIM5	hybrid Scer YJL179W PFD1	hybrid Suva YML094W GIM5	hybrid Scer YJL179W PFD1	0.994998889094787	hybrid Suva YML094W GIM5	1.3191894238115354
29	hybrid	CPX-1671	Scer YJL179W PFD1--Suva YNL153C GIM3	hybrid	YJL179W PFD1--YNL153C GIM3	0.598648557500141	Scer	Suva	Scer YJL179W PFD1	Suva YNL153C GIM3	hybrid Scer YJL179W PFD1	hybrid Suva YNL153C GIM3	hybrid Scer YJL179W PFD1	0.994998889094787	hybrid Suva YNL153C GIM3	1.2277389084881578
30	hybrid	CPX-1671	Scer YLR200W YKE2--Scer YML094W GIM5	hybrid	YLR200W YKE2--YML094W GIM5	0.7555604915884939	Scer	Scer	Scer YLR200W YKE2	Scer YML094W GIM5	hybrid Scer YLR200W YKE2	hybrid Scer YML094W GIM5	hybrid Scer YLR200W YKE2	0.3924621347451496	hybrid Scer YML094W GIM5	1.1493696028731122
31	hybrid	CPX-1671	Scer YLR200W YKE2--Scer YNL153C GIM3	hybrid	YLR200W YKE2--YNL153C GIM3	0.6381422735758995	Scer	Scer	Scer YLR200W YKE2	Scer YNL153C GIM3	hybrid Scer YLR200W YKE2	hybrid Scer YNL153C GIM3	hybrid Scer YLR200W YKE2	0.3924621347451496	hybrid Scer YNL153C GIM3	1.0750804435085548
32	hybrid	CPX-1671	Scer YLR200W YKE2--Suva YEL003W GIM4	hybrid	YEL003W GIM4--YLR200W YKE2	0.4990742988975218	Scer	Suva	Scer YLR200W YKE2	Suva YEL003W GIM4	hybrid Scer YLR200W YKE2	hybrid Suva YEL003W GIM4	hybrid Scer YLR200W YKE2	0.3924621347451496	hybrid Suva YEL003W GIM4	1.0249088588403583
33	hybrid	CPX-1671	Scer YLR200W YKE2--Suva YGR078C PAC10	hybrid	YGR078C PAC10--YLR200W YKE2	0.5722133396767892	Scer	Suva	Scer YLR200W YKE2	Suva YGR078C PAC10	hybrid Scer YLR200W YKE2	hybrid Suva YGR078C PAC10	hybrid Scer YLR200W YKE2	0.3924621347451496	hybrid Suva YGR078C PAC10	0.9700832142277648
34	hybrid	CPX-1671	Scer YLR200W YKE2--Suva YJL179W PFD1	hybrid	YJL179W PFD1--YLR200W YKE2	0.6154369909271029	Scer	Suva	Scer YLR200W YKE2	Suva YJL179W PFD1	hybrid Scer YLR200W YKE2	hybrid Suva YJL179W PFD1	hybrid Scer YLR200W YKE2	0.3924621347451496	hybrid Suva YJL179W PFD1	1.1023391282072887
35	hybrid	CPX-1671	Scer YLR200W YKE2--Suva YLR200W YKE2	hybrid	YLR200W YKE2--YLR200W YKE2		Scer	Suva	Scer YLR200W YKE2	Suva YLR200W YKE2	hybrid Scer YLR200W YKE2	hybrid Suva YLR200W YKE2	hybrid Scer YLR200W YKE2	0.3924621347451496	hybrid Suva YLR200W YKE2	0.994998889094787
36	hybrid	CPX-1671	Scer YLR200W YKE2--Suva YML094W GIM5	hybrid	YLR200W YKE2--YML094W GIM5	0.5761970578794505	Scer	Suva	Scer YLR200W YKE2	Suva YML094W GIM5	hybrid Scer YLR200W YKE2	hybrid Suva YML094W GIM5	hybrid Scer YLR200W YKE2	0.3924621347451496	hybrid Suva YML094W GIM5	1.3191894238115354
37	hybrid	CPX-1671	Scer YLR200W YKE2--Suva YNL153C GIM3	hybrid	YLR200W YKE2--YNL153C GIM3	0.7133120945161906	Scer	Suva	Scer YLR200W YKE2	Suva YNL153C GIM3	hybrid Scer YLR200W YKE2	hybrid Suva YNL153C GIM3	hybrid Scer YLR200W YKE2	0.3924621347451496	hybrid Suva YNL153C GIM3	1.2277389084881578
38	hybrid	CPX-1671	Scer YML094W GIM5--Scer YNL153C GIM3	hybrid	YML094W GIM5--YNL153C GIM3	0.7355272772326846	Scer	Scer	Scer YML094W GIM5	Scer YNL153C GIM3	hybrid Scer YML094W GIM5	hybrid Scer YNL153C GIM3	hybrid Scer YML094W GIM5	1.1493696028731122	hybrid Scer YNL153C GIM3	1.0750804435085548
39	hybrid	CPX-1671	Scer YML094W GIM5--Suva YEL003W GIM4	hybrid	YEL003W GIM4--YML094W GIM5	0.5671311442568832	Scer	Suva	Scer YML094W GIM5	Suva YEL003W GIM4	hybrid Scer YML094W GIM5	hybrid Suva YEL003W GIM4	hybrid Scer YML094W GIM5	1.1493696028731122	hybrid Suva YEL003W GIM4	1.0249088588403583
40	hybrid	CPX-1671	Scer YML094W GIM5--Suva YGR078C PAC10	hybrid	YGR078C PAC10--YML094W GIM5	0.6361138511571252	Scer	Suva	Scer YML094W GIM5	Suva YGR078C PAC10	hybrid Scer YML094W GIM5	hybrid Suva YGR078C PAC10	hybrid Scer YML094W GIM5	1.1493696028731122	hybrid Suva YGR078C PAC10	0.9700832142277648
41	hybrid	CPX-1671	Scer YML094W GIM5--Suva YJL179W PFD1	hybrid	YJL179W PFD1--YML094W GIM5	0.7765661082694816	Scer	Suva	Scer YML094W GIM5	Suva YJL179W PFD1	hybrid Scer YML094W GIM5	hybrid Suva YJL179W PFD1	hybrid Scer YML094W GIM5	1.1493696028731122	hybrid Suva YJL179W PFD1	1.1023391282072887
42	hybrid	CPX-1671	Scer YML094W GIM5--Suva YLR200W YKE2	hybrid	YLR200W YKE2--YML094W GIM5	0.8400098058822594	Scer	Suva	Scer YML094W GIM5	Suva YLR200W YKE2	hybrid Scer YML094W GIM5	hybrid Suva YLR200W YKE2	hybrid Scer YML094W GIM5	1.1493696028731122	hybrid Suva YLR200W YKE2	0.994998889094787
43	hybrid	CPX-1671	Scer YML094W GIM5--Suva YML094W GIM5	hybrid	YML094W GIM5--YML094W GIM5		Scer	Suva	Scer YML094W GIM5	Suva YML094W GIM5	hybrid Scer YML094W GIM5	hybrid Suva YML094W GIM5	hybrid Scer YML094W GIM5	1.1493696028731122	hybrid Suva YML094W GIM5	1.3191894238115354
44	hybrid	CPX-1671	Scer YML094W GIM5--Suva YNL153C GIM3	hybrid	YML094W GIM5--YNL153C GIM3	0.7608322418937372	Scer	Suva	Scer YML094W GIM5	Suva YNL153C GIM3	hybrid Scer YML094W GIM5	hybrid Suva YNL153C GIM3	hybrid Scer YML094W GIM5	1.1493696028731122	hybrid Suva YNL153C GIM3	1.2277389084881578
45	hybrid	CPX-1671	Scer YNL153C GIM3--Suva YEL003W GIM4	hybrid	YEL003W GIM4--YNL153C GIM3	0.6503815409390169	Scer	Suva	Scer YNL153C GIM3	Suva YEL003W GIM4	hybrid Scer YNL153C GIM3	hybrid Suva YEL003W GIM4	hybrid Scer YNL153C GIM3	1.0750804435085548	hybrid Suva YEL003W GIM4	1.0249088588403583
46	hybrid	CPX-1671	Scer YNL153C GIM3--Suva YGR078C PAC10	hybrid	YGR078C PAC10--YNL153C GIM3	0.6227849279844262	Scer	Suva	Scer YNL153C GIM3	Suva YGR078C PAC10	hybrid Scer YNL153C GIM3	hybrid Suva YGR078C PAC10	hybrid Scer YNL153C GIM3	1.0750804435085548	hybrid Suva YGR078C PAC10	0.9700832142277648
47	hybrid	CPX-1671	Scer YNL153C GIM3--Suva YJL179W PFD1	hybrid	YJL179W PFD1--YNL153C GIM3	0.703626364738897	Scer	Suva	Scer YNL153C GIM3	Suva YJL179W PFD1	hybrid Scer YNL153C GIM3	hybrid Suva YJL179W PFD1	hybrid Scer YNL153C GIM3	1.0750804435085548	hybrid Suva YJL179W PFD1	1.1023391282072887
48	hybrid	CPX-1671	Scer YNL153C GIM3--Suva YLR200W YKE2	hybrid	YLR200W YKE2--YNL153C GIM3	0.7208353118470899	Scer	Suva	Scer YNL153C GIM3	Suva YLR200W YKE2	hybrid Scer YNL153C GIM3	hybrid Suva YLR200W YKE2	hybrid Scer YNL153C GIM3	1.0750804435085548	hybrid Suva YLR200W YKE2	0.994998889094787
49	hybrid	CPX-1671	Scer YNL153C GIM3--Suva YML094W GIM5	hybrid	YML094W GIM5--YNL153C GIM3	0.6745701126654579	Scer	Suva	Scer YNL153C GIM3	Suva YML094W GIM5	hybrid Scer YNL153C GIM3	hybrid Suva YML094W GIM5	hybrid Scer YNL153C GIM3	1.0750804435085548	hybrid Suva YML094W GIM5	1.3191894238115354
50	hybrid	CPX-1671	Scer YNL153C GIM3--Suva YNL153C GIM3	hybrid	YNL153C GIM3--YNL153C GIM3		Scer	Suva	Scer YNL153C GIM3	Suva YNL153C GIM3	hybrid Scer YNL153C GIM3	hybrid Suva YNL153C GIM3	hybrid Scer YNL153C GIM3	1.0750804435085548	hybrid Suva YNL153C GIM3	1.2277389084881578
51	hybrid	CPX-1671	Suva YEL003W GIM4--Suva YGR078C PAC10	hybrid	YEL003W GIM4--YGR078C PAC10	0.6558459156385974	Suva	Suva	Suva YEL003W GIM4	Suva YGR078C PAC10	hybrid Suva YEL003W GIM4	hybrid Suva YGR078C PAC10	hybrid Suva YEL003W GIM4	1.0249088588403583	hybrid Suva YGR078C PAC10	0.9700832142277648
52	hybrid	CPX-1671	Suva YEL003W GIM4--Suva YJL179W PFD1	hybrid	YEL003W GIM4--YJL179W PFD1	0.6186582884255881	Suva	Suva	Suva YEL003W GIM4	Suva YJL179W PFD1	hybrid Suva YEL003W GIM4	hybrid Suva YJL179W PFD1	hybrid Suva YEL003W GIM4	1.0249088588403583	hybrid Suva YJL179W PFD1	1.1023391282072887
53	hybrid	CPX-1671	Suva YEL003W GIM4--Suva YLR200W YKE2	hybrid	YEL003W GIM4--YLR200W YKE2	0.5721002367588022	Suva	Suva	Suva YEL003W GIM4	Suva YLR200W YKE2	hybrid Suva YEL003W GIM4	hybrid Suva YLR200W YKE2	hybrid Suva YEL003W GIM4	1.0249088588403583	hybrid Suva YLR200W YKE2	0.994998889094787
54	hybrid	CPX-1671	Suva YEL003W GIM4--Suva YML094W GIM5	hybrid	YEL003W GIM4--YML094W GIM5	0.6930741393578139	Suva	Suva	Suva YEL003W GIM4	Suva YML094W GIM5	hybrid Suva YEL003W GIM4	hybrid Suva YML094W GIM5	hybrid Suva YEL003W GIM4	1.0249088588403583	hybrid Suva YML094W GIM5	1.3191894238115354
55	hybrid	CPX-1671	Suva YEL003W GIM4--Suva YNL153C GIM3	hybrid	YEL003W GIM4--YNL153C GIM3	0.47122397607005	Suva	Suva	Suva YEL003W GIM4	Suva YNL153C GIM3	hybrid Suva YEL003W GIM4	hybrid Suva YNL153C GIM3	hybrid Suva YEL003W GIM4	1.0249088588403583	hybrid Suva YNL153C GIM3	1.2277389084881578
56	hybrid	CPX-1671	Suva YGR078C PAC10--Suva YJL179W PFD1	hybrid	YGR078C PAC10--YJL179W PFD1	0.6054740840673412	Suva	Suva	Suva YGR078C PAC10	Suva YJL179W PFD1	hybrid Suva YGR078C PAC10	hybrid Suva YJL179W PFD1	hybrid Suva YGR078C PAC10	0.9700832142277648	hybrid Suva YJL179W PFD1	1.1023391282072887
57	hybrid	CPX-1671	Suva YGR078C PAC10--Suva YLR200W YKE2	hybrid	YGR078C PAC10--YLR200W YKE2	0.6431944573710711	Suva	Suva	Suva YGR078C PAC10	Suva YLR200W YKE2	hybrid Suva YGR078C PAC10	hybrid Suva YLR200W YKE2	hybrid Suva YGR078C PAC10	0.9700832142277648	hybrid Suva YLR200W YKE2	0.994998889094787
58	hybrid	CPX-1671	Suva YGR078C PAC10--Suva YML094W GIM5	hybrid	YGR078C PAC10--YML094W GIM5	0.6675389021952113	Suva	Suva	Suva YGR078C PAC10	Suva YML094W GIM5	hybrid Suva YGR078C PAC10	hybrid Suva YML094W GIM5	hybrid Suva YGR078C PAC10	0.9700832142277648	hybrid Suva YML094W GIM5	1.3191894238115354
59	hybrid	CPX-1671	Suva YGR078C PAC10--Suva YNL153C GIM3	hybrid	YGR078C PAC10--YNL153C GIM3	0.5428985949206542	Suva	Suva	Suva YGR078C PAC10	Suva YNL153C GIM3	hybrid Suva YGR078C PAC10	hybrid Suva YNL153C GIM3	hybrid Suva YGR078C PAC10	0.9700832142277648	hybrid Suva YNL153C GIM3	1.2277389084881578
60	hybrid	CPX-1671	Suva YJL179W PFD1--Suva YLR200W YKE2	hybrid	YJL179W PFD1--YLR200W YKE2	0.82363890321403	Suva	Suva	Suva YJL179W PFD1	Suva YLR200W YKE2	hybrid Suva YJL179W PFD1	hybrid Suva YLR200W YKE2	hybrid Suva YJL179W PFD1	1.1023391282072887	hybrid Suva YLR200W YKE2	0.994998889094787
61	hybrid	CPX-1671	Suva YJL179W PFD1--Suva YML094W GIM5	hybrid	YJL179W PFD1--YML094W GIM5	0.7587048604995241	Suva	Suva	Suva YJL179W PFD1	Suva YML094W GIM5	hybrid Suva YJL179W PFD1	hybrid Suva YML094W GIM5	hybrid Suva YJL179W PFD1	1.1023391282072887	hybrid Suva YML094W GIM5	1.3191894238115354
62	hybrid	CPX-1671	Suva YJL179W PFD1--Suva YNL153C GIM3	hybrid	YJL179W PFD1--YNL153C GIM3	0.6931371937441256	Suva	Suva	Suva YJL179W PFD1	Suva YNL153C GIM3	hybrid Suva YJL179W PFD1	hybrid Suva YNL153C GIM3	hybrid Suva YJL179W PFD1	1.1023391282072887	hybrid Suva YNL153C GIM3	1.2277389084881578
63	hybrid	CPX-1671	Suva YLR200W YKE2--Suva YML094W GIM5	hybrid	YLR200W YKE2--YML094W GIM5	0.7242801187788395	Suva	Suva	Suva YLR200W YKE2	Suva YML094W GIM5	hybrid Suva YLR200W YKE2	hybrid Suva YML094W GIM5	hybrid Suva YLR200W YKE2	0.994998889094787	hybrid Suva YML094W GIM5	1.3191894238115354
64	hybrid	CPX-1671	Suva YLR200W YKE2--Suva YNL153C GIM3	hybrid	YLR200W YKE2--YNL153C GIM3	0.7103109892649565	Suva	Suva	Suva YLR200W YKE2	Suva YNL153C GIM3	hybrid Suva YLR200W YKE2	hybrid Suva YNL153C GIM3	hybrid Suva YLR200W YKE2	0.994998889094787	hybrid Suva YNL153C GIM3	1.2277389084881578
65	hybrid	CPX-1671	Suva YML094W GIM5--Suva YNL153C GIM3	hybrid	YML094W GIM5--YNL153C GIM3	0.5922113780706261	Suva	Suva	Suva YML094W GIM5	Suva YNL153C GIM3	hybrid Suva YML094W GIM5	hybrid Suva YNL153C GIM3	hybrid Suva YML094W GIM5	1.3191894238115354	hybrid Suva YNL153C GIM3	1.2277389084881578
