	species1 type	complex id	species name interaction id	species2 type	interaction id	interaction score	species1 name	species2 name	species name interactor1	species name interactor2	species type interactor1	species type interactor2	species type interactor interactor1	protein abundance (log10 scale) interactor1	species type interactor interactor2	protein abundance (log10 scale) interactor2
0	parent	CPX-1671	Scer YEL003W GIM4--Scer YGR078C PAC10	parent	YEL003W GIM4--YGR078C PAC10	0.7863330895807401	Scer	Scer	Scer YEL003W GIM4	Scer YGR078C PAC10	parent Scer YEL003W GIM4	parent Scer YGR078C PAC10	parent Scer YEL003W GIM4	1.674854951794995	parent Scer YGR078C PAC10	0.8636553618803006
1	parent	CPX-1671	Scer YEL003W GIM4--Scer YJL179W PFD1	parent	YEL003W GIM4--YJL179W PFD1	0.8647295115083613	Scer	Scer	Scer YEL003W GIM4	Scer YJL179W PFD1	parent Scer YEL003W GIM4	parent Scer YJL179W PFD1	parent Scer YEL003W GIM4	1.674854951794995	parent Scer YJL179W PFD1	1.3821053355188346
2	parent	CPX-1671	Scer YEL003W GIM4--Scer YLR200W YKE2	parent	YEL003W GIM4--YLR200W YKE2	0.7421271345663643	Scer	Scer	Scer YEL003W GIM4	Scer YLR200W YKE2	parent Scer YEL003W GIM4	parent Scer YLR200W YKE2	parent Scer YEL003W GIM4	1.674854951794995	parent Scer YLR200W YKE2	0.8636553618803006
3	parent	CPX-1671	Scer YEL003W GIM4--Scer YML094W GIM5	parent	YEL003W GIM4--YML094W GIM5	0.8792503593136681	Scer	Scer	Scer YEL003W GIM4	Scer YML094W GIM5	parent Scer YEL003W GIM4	parent Scer YML094W GIM5	parent Scer YEL003W GIM4	1.674854951794995	parent Scer YML094W GIM5	1.2916715325056738
4	parent	CPX-1671	Scer YEL003W GIM4--Scer YNL153C GIM3	parent	YEL003W GIM4--YNL153C GIM3	0.7275643539449028	Scer	Scer	Scer YEL003W GIM4	Scer YNL153C GIM3	parent Scer YEL003W GIM4	parent Scer YNL153C GIM3	parent Scer YEL003W GIM4	1.674854951794995	parent Scer YNL153C GIM3	1.7368188496123105
5	parent	CPX-1671	Scer YEL003W GIM4--Suva YEL003W GIM4	parent	YEL003W GIM4--YEL003W GIM4		Scer	Suva	Scer YEL003W GIM4	Suva YEL003W GIM4	parent Scer YEL003W GIM4	parent Suva YEL003W GIM4	parent Scer YEL003W GIM4	1.674854951794995	parent Suva YEL003W GIM4	2.010067719121872
6	parent	CPX-1671	Scer YEL003W GIM4--Suva YGR078C PAC10	parent	YEL003W GIM4--YGR078C PAC10	0.8437343261469472	Scer	Suva	Scer YEL003W GIM4	Suva YGR078C PAC10	parent Scer YEL003W GIM4	parent Suva YGR078C PAC10	parent Scer YEL003W GIM4	1.674854951794995	parent Suva YGR078C PAC10	1.491164657542977
7	parent	CPX-1671	Scer YEL003W GIM4--Suva YJL179W PFD1	parent	YEL003W GIM4--YJL179W PFD1	0.8294179451877371	Scer	Suva	Scer YEL003W GIM4	Suva YJL179W PFD1	parent Scer YEL003W GIM4	parent Suva YJL179W PFD1	parent Scer YEL003W GIM4	1.674854951794995	parent Suva YJL179W PFD1	1.8076081936261292
8	parent	CPX-1671	Scer YEL003W GIM4--Suva YLR200W YKE2	parent	YEL003W GIM4--YLR200W YKE2	0.8523998180925811	Scer	Suva	Scer YEL003W GIM4	Suva YLR200W YKE2	parent Scer YEL003W GIM4	parent Suva YLR200W YKE2	parent Scer YEL003W GIM4	1.674854951794995	parent Suva YLR200W YKE2	1.842289962494792
9	parent	CPX-1671	Scer YEL003W GIM4--Suva YML094W GIM5	parent	YEL003W GIM4--YML094W GIM5	0.6405127513950781	Scer	Suva	Scer YEL003W GIM4	Suva YML094W GIM5	parent Scer YEL003W GIM4	parent Suva YML094W GIM5	parent Scer YEL003W GIM4	1.674854951794995	parent Suva YML094W GIM5	1.842289962494792
10	parent	CPX-1671	Scer YEL003W GIM4--Suva YNL153C GIM3	parent	YEL003W GIM4--YNL153C GIM3	0.8040752096508642	Scer	Suva	Scer YEL003W GIM4	Suva YNL153C GIM3	parent Scer YEL003W GIM4	parent Suva YNL153C GIM3	parent Scer YEL003W GIM4	1.674854951794995	parent Suva YNL153C GIM3	1.8819009582476145
11	parent	CPX-1671	Scer YGR078C PAC10--Scer YJL179W PFD1	parent	YGR078C PAC10--YJL179W PFD1	0.7784435840319301	Scer	Scer	Scer YGR078C PAC10	Scer YJL179W PFD1	parent Scer YGR078C PAC10	parent Scer YJL179W PFD1	parent Scer YGR078C PAC10	0.8636553618803006	parent Scer YJL179W PFD1	1.3821053355188346
12	parent	CPX-1671	Scer YGR078C PAC10--Scer YLR200W YKE2	parent	YGR078C PAC10--YLR200W YKE2	0.8066546640951471	Scer	Scer	Scer YGR078C PAC10	Scer YLR200W YKE2	parent Scer YGR078C PAC10	parent Scer YLR200W YKE2	parent Scer YGR078C PAC10	0.8636553618803006	parent Scer YLR200W YKE2	0.8636553618803006
13	parent	CPX-1671	Scer YGR078C PAC10--Scer YML094W GIM5	parent	YGR078C PAC10--YML094W GIM5	0.8106081129429084	Scer	Scer	Scer YGR078C PAC10	Scer YML094W GIM5	parent Scer YGR078C PAC10	parent Scer YML094W GIM5	parent Scer YGR078C PAC10	0.8636553618803006	parent Scer YML094W GIM5	1.2916715325056738
14	parent	CPX-1671	Scer YGR078C PAC10--Scer YNL153C GIM3	parent	YGR078C PAC10--YNL153C GIM3	0.7556996396512708	Scer	Scer	Scer YGR078C PAC10	Scer YNL153C GIM3	parent Scer YGR078C PAC10	parent Scer YNL153C GIM3	parent Scer YGR078C PAC10	0.8636553618803006	parent Scer YNL153C GIM3	1.7368188496123105
15	parent	CPX-1671	Scer YGR078C PAC10--Suva YEL003W GIM4	parent	YEL003W GIM4--YGR078C PAC10	0.6921898827898003	Scer	Suva	Scer YGR078C PAC10	Suva YEL003W GIM4	parent Scer YGR078C PAC10	parent Suva YEL003W GIM4	parent Scer YGR078C PAC10	0.8636553618803006	parent Suva YEL003W GIM4	2.010067719121872
16	parent	CPX-1671	Scer YGR078C PAC10--Suva YGR078C PAC10	parent	YGR078C PAC10--YGR078C PAC10		Scer	Suva	Scer YGR078C PAC10	Suva YGR078C PAC10	parent Scer YGR078C PAC10	parent Suva YGR078C PAC10	parent Scer YGR078C PAC10	0.8636553618803006	parent Suva YGR078C PAC10	1.491164657542977
17	parent	CPX-1671	Scer YGR078C PAC10--Suva YJL179W PFD1	parent	YGR078C PAC10--YJL179W PFD1	0.7531703915420125	Scer	Suva	Scer YGR078C PAC10	Suva YJL179W PFD1	parent Scer YGR078C PAC10	parent Suva YJL179W PFD1	parent Scer YGR078C PAC10	0.8636553618803006	parent Suva YJL179W PFD1	1.8076081936261292
18	parent	CPX-1671	Scer YGR078C PAC10--Suva YLR200W YKE2	parent	YGR078C PAC10--YLR200W YKE2	0.7807233320277828	Scer	Suva	Scer YGR078C PAC10	Suva YLR200W YKE2	parent Scer YGR078C PAC10	parent Suva YLR200W YKE2	parent Scer YGR078C PAC10	0.8636553618803006	parent Suva YLR200W YKE2	1.842289962494792
19	parent	CPX-1671	Scer YGR078C PAC10--Suva YML094W GIM5	parent	YGR078C PAC10--YML094W GIM5	0.6611136358404592	Scer	Suva	Scer YGR078C PAC10	Suva YML094W GIM5	parent Scer YGR078C PAC10	parent Suva YML094W GIM5	parent Scer YGR078C PAC10	0.8636553618803006	parent Suva YML094W GIM5	1.842289962494792
20	parent	CPX-1671	Scer YGR078C PAC10--Suva YNL153C GIM3	parent	YGR078C PAC10--YNL153C GIM3	0.8678578536395994	Scer	Suva	Scer YGR078C PAC10	Suva YNL153C GIM3	parent Scer YGR078C PAC10	parent Suva YNL153C GIM3	parent Scer YGR078C PAC10	0.8636553618803006	parent Suva YNL153C GIM3	1.8819009582476145
21	parent	CPX-1671	Scer YJL179W PFD1--Scer YLR200W YKE2	parent	YJL179W PFD1--YLR200W YKE2	0.7765845072937021	Scer	Scer	Scer YJL179W PFD1	Scer YLR200W YKE2	parent Scer YJL179W PFD1	parent Scer YLR200W YKE2	parent Scer YJL179W PFD1	1.3821053355188346	parent Scer YLR200W YKE2	0.8636553618803006
22	parent	CPX-1671	Scer YJL179W PFD1--Scer YML094W GIM5	parent	YJL179W PFD1--YML094W GIM5	0.8654546126765512	Scer	Scer	Scer YJL179W PFD1	Scer YML094W GIM5	parent Scer YJL179W PFD1	parent Scer YML094W GIM5	parent Scer YJL179W PFD1	1.3821053355188346	parent Scer YML094W GIM5	1.2916715325056738
23	parent	CPX-1671	Scer YJL179W PFD1--Scer YNL153C GIM3	parent	YJL179W PFD1--YNL153C GIM3	0.7957038286464555	Scer	Scer	Scer YJL179W PFD1	Scer YNL153C GIM3	parent Scer YJL179W PFD1	parent Scer YNL153C GIM3	parent Scer YJL179W PFD1	1.3821053355188346	parent Scer YNL153C GIM3	1.7368188496123105
24	parent	CPX-1671	Scer YJL179W PFD1--Suva YEL003W GIM4	parent	YEL003W GIM4--YJL179W PFD1	0.7153486287703553	Scer	Suva	Scer YJL179W PFD1	Suva YEL003W GIM4	parent Scer YJL179W PFD1	parent Suva YEL003W GIM4	parent Scer YJL179W PFD1	1.3821053355188346	parent Suva YEL003W GIM4	2.010067719121872
25	parent	CPX-1671	Scer YJL179W PFD1--Suva YGR078C PAC10	parent	YGR078C PAC10--YJL179W PFD1	0.783282454135153	Scer	Suva	Scer YJL179W PFD1	Suva YGR078C PAC10	parent Scer YJL179W PFD1	parent Suva YGR078C PAC10	parent Scer YJL179W PFD1	1.3821053355188346	parent Suva YGR078C PAC10	1.491164657542977
26	parent	CPX-1671	Scer YJL179W PFD1--Suva YJL179W PFD1	parent	YJL179W PFD1--YJL179W PFD1		Scer	Suva	Scer YJL179W PFD1	Suva YJL179W PFD1	parent Scer YJL179W PFD1	parent Suva YJL179W PFD1	parent Scer YJL179W PFD1	1.3821053355188346	parent Suva YJL179W PFD1	1.8076081936261292
27	parent	CPX-1671	Scer YJL179W PFD1--Suva YLR200W YKE2	parent	YJL179W PFD1--YLR200W YKE2	0.8470735687432721	Scer	Suva	Scer YJL179W PFD1	Suva YLR200W YKE2	parent Scer YJL179W PFD1	parent Suva YLR200W YKE2	parent Scer YJL179W PFD1	1.3821053355188346	parent Suva YLR200W YKE2	1.842289962494792
28	parent	CPX-1671	Scer YJL179W PFD1--Suva YML094W GIM5	parent	YJL179W PFD1--YML094W GIM5	0.6427081449586085	Scer	Suva	Scer YJL179W PFD1	Suva YML094W GIM5	parent Scer YJL179W PFD1	parent Suva YML094W GIM5	parent Scer YJL179W PFD1	1.3821053355188346	parent Suva YML094W GIM5	1.842289962494792
29	parent	CPX-1671	Scer YJL179W PFD1--Suva YNL153C GIM3	parent	YJL179W PFD1--YNL153C GIM3	0.8031189587372696	Scer	Suva	Scer YJL179W PFD1	Suva YNL153C GIM3	parent Scer YJL179W PFD1	parent Suva YNL153C GIM3	parent Scer YJL179W PFD1	1.3821053355188346	parent Suva YNL153C GIM3	1.8819009582476145
30	parent	CPX-1671	Scer YLR200W YKE2--Scer YML094W GIM5	parent	YLR200W YKE2--YML094W GIM5	0.788233119697316	Scer	Scer	Scer YLR200W YKE2	Scer YML094W GIM5	parent Scer YLR200W YKE2	parent Scer YML094W GIM5	parent Scer YLR200W YKE2	0.8636553618803006	parent Scer YML094W GIM5	1.2916715325056738
31	parent	CPX-1671	Scer YLR200W YKE2--Scer YNL153C GIM3	parent	YLR200W YKE2--YNL153C GIM3	0.7349375553463438	Scer	Scer	Scer YLR200W YKE2	Scer YNL153C GIM3	parent Scer YLR200W YKE2	parent Scer YNL153C GIM3	parent Scer YLR200W YKE2	0.8636553618803006	parent Scer YNL153C GIM3	1.7368188496123105
32	parent	CPX-1671	Scer YLR200W YKE2--Suva YEL003W GIM4	parent	YEL003W GIM4--YLR200W YKE2	0.6285320731407555	Scer	Suva	Scer YLR200W YKE2	Suva YEL003W GIM4	parent Scer YLR200W YKE2	parent Suva YEL003W GIM4	parent Scer YLR200W YKE2	0.8636553618803006	parent Suva YEL003W GIM4	2.010067719121872
33	parent	CPX-1671	Scer YLR200W YKE2--Suva YGR078C PAC10	parent	YGR078C PAC10--YLR200W YKE2	0.7949349733572476	Scer	Suva	Scer YLR200W YKE2	Suva YGR078C PAC10	parent Scer YLR200W YKE2	parent Suva YGR078C PAC10	parent Scer YLR200W YKE2	0.8636553618803006	parent Suva YGR078C PAC10	1.491164657542977
34	parent	CPX-1671	Scer YLR200W YKE2--Suva YJL179W PFD1	parent	YJL179W PFD1--YLR200W YKE2	0.6642579246931118	Scer	Suva	Scer YLR200W YKE2	Suva YJL179W PFD1	parent Scer YLR200W YKE2	parent Suva YJL179W PFD1	parent Scer YLR200W YKE2	0.8636553618803006	parent Suva YJL179W PFD1	1.8076081936261292
35	parent	CPX-1671	Scer YLR200W YKE2--Suva YLR200W YKE2	parent	YLR200W YKE2--YLR200W YKE2		Scer	Suva	Scer YLR200W YKE2	Suva YLR200W YKE2	parent Scer YLR200W YKE2	parent Suva YLR200W YKE2	parent Scer YLR200W YKE2	0.8636553618803006	parent Suva YLR200W YKE2	1.842289962494792
36	parent	CPX-1671	Scer YLR200W YKE2--Suva YML094W GIM5	parent	YLR200W YKE2--YML094W GIM5	0.5893040559137839	Scer	Suva	Scer YLR200W YKE2	Suva YML094W GIM5	parent Scer YLR200W YKE2	parent Suva YML094W GIM5	parent Scer YLR200W YKE2	0.8636553618803006	parent Suva YML094W GIM5	1.842289962494792
37	parent	CPX-1671	Scer YLR200W YKE2--Suva YNL153C GIM3	parent	YLR200W YKE2--YNL153C GIM3	0.80532770311736	Scer	Suva	Scer YLR200W YKE2	Suva YNL153C GIM3	parent Scer YLR200W YKE2	parent Suva YNL153C GIM3	parent Scer YLR200W YKE2	0.8636553618803006	parent Suva YNL153C GIM3	1.8819009582476145
38	parent	CPX-1671	Scer YML094W GIM5--Scer YNL153C GIM3	parent	YML094W GIM5--YNL153C GIM3	0.8181311358604308	Scer	Scer	Scer YML094W GIM5	Scer YNL153C GIM3	parent Scer YML094W GIM5	parent Scer YNL153C GIM3	parent Scer YML094W GIM5	1.2916715325056738	parent Scer YNL153C GIM3	1.7368188496123105
39	parent	CPX-1671	Scer YML094W GIM5--Suva YEL003W GIM4	parent	YEL003W GIM4--YML094W GIM5	0.7711650669940086	Scer	Suva	Scer YML094W GIM5	Suva YEL003W GIM4	parent Scer YML094W GIM5	parent Suva YEL003W GIM4	parent Scer YML094W GIM5	1.2916715325056738	parent Suva YEL003W GIM4	2.010067719121872
40	parent	CPX-1671	Scer YML094W GIM5--Suva YGR078C PAC10	parent	YGR078C PAC10--YML094W GIM5	0.8707399551823358	Scer	Suva	Scer YML094W GIM5	Suva YGR078C PAC10	parent Scer YML094W GIM5	parent Suva YGR078C PAC10	parent Scer YML094W GIM5	1.2916715325056738	parent Suva YGR078C PAC10	1.491164657542977
41	parent	CPX-1671	Scer YML094W GIM5--Suva YJL179W PFD1	parent	YJL179W PFD1--YML094W GIM5	0.8605118654975197	Scer	Suva	Scer YML094W GIM5	Suva YJL179W PFD1	parent Scer YML094W GIM5	parent Suva YJL179W PFD1	parent Scer YML094W GIM5	1.2916715325056738	parent Suva YJL179W PFD1	1.8076081936261292
42	parent	CPX-1671	Scer YML094W GIM5--Suva YLR200W YKE2	parent	YLR200W YKE2--YML094W GIM5	0.9058616389241959	Scer	Suva	Scer YML094W GIM5	Suva YLR200W YKE2	parent Scer YML094W GIM5	parent Suva YLR200W YKE2	parent Scer YML094W GIM5	1.2916715325056738	parent Suva YLR200W YKE2	1.842289962494792
43	parent	CPX-1671	Scer YML094W GIM5--Suva YML094W GIM5	parent	YML094W GIM5--YML094W GIM5		Scer	Suva	Scer YML094W GIM5	Suva YML094W GIM5	parent Scer YML094W GIM5	parent Suva YML094W GIM5	parent Scer YML094W GIM5	1.2916715325056738	parent Suva YML094W GIM5	1.842289962494792
44	parent	CPX-1671	Scer YML094W GIM5--Suva YNL153C GIM3	parent	YML094W GIM5--YNL153C GIM3	0.8160997510423801	Scer	Suva	Scer YML094W GIM5	Suva YNL153C GIM3	parent Scer YML094W GIM5	parent Suva YNL153C GIM3	parent Scer YML094W GIM5	1.2916715325056738	parent Suva YNL153C GIM3	1.8819009582476145
45	parent	CPX-1671	Scer YNL153C GIM3--Suva YEL003W GIM4	parent	YEL003W GIM4--YNL153C GIM3	0.6527114127653197	Scer	Suva	Scer YNL153C GIM3	Suva YEL003W GIM4	parent Scer YNL153C GIM3	parent Suva YEL003W GIM4	parent Scer YNL153C GIM3	1.7368188496123105	parent Suva YEL003W GIM4	2.010067719121872
46	parent	CPX-1671	Scer YNL153C GIM3--Suva YGR078C PAC10	parent	YGR078C PAC10--YNL153C GIM3	0.7706459686880363	Scer	Suva	Scer YNL153C GIM3	Suva YGR078C PAC10	parent Scer YNL153C GIM3	parent Suva YGR078C PAC10	parent Scer YNL153C GIM3	1.7368188496123105	parent Suva YGR078C PAC10	1.491164657542977
47	parent	CPX-1671	Scer YNL153C GIM3--Suva YJL179W PFD1	parent	YJL179W PFD1--YNL153C GIM3	0.7213202551620227	Scer	Suva	Scer YNL153C GIM3	Suva YJL179W PFD1	parent Scer YNL153C GIM3	parent Suva YJL179W PFD1	parent Scer YNL153C GIM3	1.7368188496123105	parent Suva YJL179W PFD1	1.8076081936261292
48	parent	CPX-1671	Scer YNL153C GIM3--Suva YLR200W YKE2	parent	YLR200W YKE2--YNL153C GIM3	0.8319394397051774	Scer	Suva	Scer YNL153C GIM3	Suva YLR200W YKE2	parent Scer YNL153C GIM3	parent Suva YLR200W YKE2	parent Scer YNL153C GIM3	1.7368188496123105	parent Suva YLR200W YKE2	1.842289962494792
49	parent	CPX-1671	Scer YNL153C GIM3--Suva YML094W GIM5	parent	YML094W GIM5--YNL153C GIM3	0.6060610514651759	Scer	Suva	Scer YNL153C GIM3	Suva YML094W GIM5	parent Scer YNL153C GIM3	parent Suva YML094W GIM5	parent Scer YNL153C GIM3	1.7368188496123105	parent Suva YML094W GIM5	1.842289962494792
50	parent	CPX-1671	Scer YNL153C GIM3--Suva YNL153C GIM3	parent	YNL153C GIM3--YNL153C GIM3		Scer	Suva	Scer YNL153C GIM3	Suva YNL153C GIM3	parent Scer YNL153C GIM3	parent Suva YNL153C GIM3	parent Scer YNL153C GIM3	1.7368188496123105	parent Suva YNL153C GIM3	1.8819009582476145
51	parent	CPX-1671	Suva YEL003W GIM4--Suva YGR078C PAC10	parent	YEL003W GIM4--YGR078C PAC10	0.835963796661092	Suva	Suva	Suva YEL003W GIM4	Suva YGR078C PAC10	parent Suva YEL003W GIM4	parent Suva YGR078C PAC10	parent Suva YEL003W GIM4	2.010067719121872	parent Suva YGR078C PAC10	1.491164657542977
52	parent	CPX-1671	Suva YEL003W GIM4--Suva YJL179W PFD1	parent	YEL003W GIM4--YJL179W PFD1	0.7984343771549317	Suva	Suva	Suva YEL003W GIM4	Suva YJL179W PFD1	parent Suva YEL003W GIM4	parent Suva YJL179W PFD1	parent Suva YEL003W GIM4	2.010067719121872	parent Suva YJL179W PFD1	1.8076081936261292
53	parent	CPX-1671	Suva YEL003W GIM4--Suva YLR200W YKE2	parent	YEL003W GIM4--YLR200W YKE2	0.7470925207594192	Suva	Suva	Suva YEL003W GIM4	Suva YLR200W YKE2	parent Suva YEL003W GIM4	parent Suva YLR200W YKE2	parent Suva YEL003W GIM4	2.010067719121872	parent Suva YLR200W YKE2	1.842289962494792
54	parent	CPX-1671	Suva YEL003W GIM4--Suva YML094W GIM5	parent	YEL003W GIM4--YML094W GIM5	0.833881645706782	Suva	Suva	Suva YEL003W GIM4	Suva YML094W GIM5	parent Suva YEL003W GIM4	parent Suva YML094W GIM5	parent Suva YEL003W GIM4	2.010067719121872	parent Suva YML094W GIM5	1.842289962494792
55	parent	CPX-1671	Suva YEL003W GIM4--Suva YNL153C GIM3	parent	YEL003W GIM4--YNL153C GIM3	0.7214990246095654	Suva	Suva	Suva YEL003W GIM4	Suva YNL153C GIM3	parent Suva YEL003W GIM4	parent Suva YNL153C GIM3	parent Suva YEL003W GIM4	2.010067719121872	parent Suva YNL153C GIM3	1.8819009582476145
56	parent	CPX-1671	Suva YGR078C PAC10--Suva YJL179W PFD1	parent	YGR078C PAC10--YJL179W PFD1	0.8426155161293147	Suva	Suva	Suva YGR078C PAC10	Suva YJL179W PFD1	parent Suva YGR078C PAC10	parent Suva YJL179W PFD1	parent Suva YGR078C PAC10	1.491164657542977	parent Suva YJL179W PFD1	1.8076081936261292
57	parent	CPX-1671	Suva YGR078C PAC10--Suva YLR200W YKE2	parent	YGR078C PAC10--YLR200W YKE2	0.8931584632721167	Suva	Suva	Suva YGR078C PAC10	Suva YLR200W YKE2	parent Suva YGR078C PAC10	parent Suva YLR200W YKE2	parent Suva YGR078C PAC10	1.491164657542977	parent Suva YLR200W YKE2	1.842289962494792
58	parent	CPX-1671	Suva YGR078C PAC10--Suva YML094W GIM5	parent	YGR078C PAC10--YML094W GIM5	0.7280512017232357	Suva	Suva	Suva YGR078C PAC10	Suva YML094W GIM5	parent Suva YGR078C PAC10	parent Suva YML094W GIM5	parent Suva YGR078C PAC10	1.491164657542977	parent Suva YML094W GIM5	1.842289962494792
59	parent	CPX-1671	Suva YGR078C PAC10--Suva YNL153C GIM3	parent	YGR078C PAC10--YNL153C GIM3	0.7753400653402382	Suva	Suva	Suva YGR078C PAC10	Suva YNL153C GIM3	parent Suva YGR078C PAC10	parent Suva YNL153C GIM3	parent Suva YGR078C PAC10	1.491164657542977	parent Suva YNL153C GIM3	1.8819009582476145
60	parent	CPX-1671	Suva YJL179W PFD1--Suva YLR200W YKE2	parent	YJL179W PFD1--YLR200W YKE2	0.8313223087624803	Suva	Suva	Suva YJL179W PFD1	Suva YLR200W YKE2	parent Suva YJL179W PFD1	parent Suva YLR200W YKE2	parent Suva YJL179W PFD1	1.8076081936261292	parent Suva YLR200W YKE2	1.842289962494792
61	parent	CPX-1671	Suva YJL179W PFD1--Suva YML094W GIM5	parent	YJL179W PFD1--YML094W GIM5	0.6989661906345745	Suva	Suva	Suva YJL179W PFD1	Suva YML094W GIM5	parent Suva YJL179W PFD1	parent Suva YML094W GIM5	parent Suva YJL179W PFD1	1.8076081936261292	parent Suva YML094W GIM5	1.842289962494792
62	parent	CPX-1671	Suva YJL179W PFD1--Suva YNL153C GIM3	parent	YJL179W PFD1--YNL153C GIM3	0.7280765845941783	Suva	Suva	Suva YJL179W PFD1	Suva YNL153C GIM3	parent Suva YJL179W PFD1	parent Suva YNL153C GIM3	parent Suva YJL179W PFD1	1.8076081936261292	parent Suva YNL153C GIM3	1.8819009582476145
63	parent	CPX-1671	Suva YLR200W YKE2--Suva YML094W GIM5	parent	YLR200W YKE2--YML094W GIM5	0.6193437402857169	Suva	Suva	Suva YLR200W YKE2	Suva YML094W GIM5	parent Suva YLR200W YKE2	parent Suva YML094W GIM5	parent Suva YLR200W YKE2	1.842289962494792	parent Suva YML094W GIM5	1.842289962494792
64	parent	CPX-1671	Suva YLR200W YKE2--Suva YNL153C GIM3	parent	YLR200W YKE2--YNL153C GIM3	0.7672026018408915	Suva	Suva	Suva YLR200W YKE2	Suva YNL153C GIM3	parent Suva YLR200W YKE2	parent Suva YNL153C GIM3	parent Suva YLR200W YKE2	1.842289962494792	parent Suva YNL153C GIM3	1.8819009582476145
65	parent	CPX-1671	Suva YML094W GIM5--Suva YNL153C GIM3	parent	YML094W GIM5--YNL153C GIM3	0.6261890517970645	Suva	Suva	Suva YML094W GIM5	Suva YNL153C GIM3	parent Suva YML094W GIM5	parent Suva YNL153C GIM3	parent Suva YML094W GIM5	1.842289962494792	parent Suva YNL153C GIM3	1.8819009582476145
