	species1 type	complex id	species name interaction id	species2 type	interaction id	interaction score	species1 name	species2 name	species name interactor1	species name interactor2	species type interactor1	species type interactor2	species type interactor interactor1	protein abundance (log10 scale) interactor1	species type interactor interactor2	protein abundance (log10 scale) interactor2
0	hybrid	CPX-2262	Scer YDR363W-A SEM1--Scer YFR004W RPN11	hybrid	YDR363W-A SEM1--YFR004W RPN11	0.2441491508197952	Scer	Scer	Scer YDR363W-A SEM1	Scer YFR004W RPN11	hybrid Scer YDR363W-A SEM1	hybrid Scer YFR004W RPN11	hybrid Scer YDR363W-A SEM1	0.14352651927061494	hybrid Scer YFR004W RPN11	0.14352651927061494
1	hybrid	CPX-2262	Scer YDR363W-A SEM1--Scer YGR135W PRE9	hybrid	YDR363W-A SEM1--YGR135W PRE9		Scer	Scer	Scer YDR363W-A SEM1	Scer YGR135W PRE9	hybrid Scer YDR363W-A SEM1	hybrid Scer YGR135W PRE9	hybrid Scer YDR363W-A SEM1	0.14352651927061494	hybrid Scer YGR135W PRE9	1.329763586939415
2	hybrid	CPX-2262	Scer YDR363W-A SEM1--Scer YHR027C RPN1	hybrid	YDR363W-A SEM1--YHR027C RPN1	0.6560168824520562	Scer	Scer	Scer YDR363W-A SEM1	Scer YHR027C RPN1	hybrid Scer YDR363W-A SEM1	hybrid Scer YHR027C RPN1	hybrid Scer YDR363W-A SEM1	0.14352651927061494	hybrid Scer YHR027C RPN1	1.642171867750981
3	hybrid	CPX-2262	Scer YDR363W-A SEM1--Scer YML092C PRE8	hybrid	YDR363W-A SEM1--YML092C PRE8	0.1269607140685196	Scer	Scer	Scer YDR363W-A SEM1	Scer YML092C PRE8	hybrid Scer YDR363W-A SEM1	hybrid Scer YML092C PRE8	hybrid Scer YDR363W-A SEM1	0.14352651927061494	hybrid Scer YML092C PRE8	1.6956144083786506
4	hybrid	CPX-2262	Scer YDR363W-A SEM1--Scer YMR314W PRE5	hybrid	YDR363W-A SEM1--YMR314W PRE5	0.1269607140685196	Scer	Scer	Scer YDR363W-A SEM1	Scer YMR314W PRE5	hybrid Scer YDR363W-A SEM1	hybrid Scer YMR314W PRE5	hybrid Scer YDR363W-A SEM1	0.14352651927061494	hybrid Scer YMR314W PRE5	0.3924621347451496
5	hybrid	CPX-2262	Scer YDR363W-A SEM1--Scer YFR052W RPN12	hybrid	YDR363W-A SEM1--YFR052W RPN12		Scer	Scer	Scer YDR363W-A SEM1	Scer YFR052W RPN12	hybrid Scer YDR363W-A SEM1	hybrid Scer YFR052W RPN12	hybrid Scer YDR363W-A SEM1	0.14352651927061494		
6	hybrid	CPX-2262	Scer YDR363W-A SEM1--Scer YOR362C PRE10	hybrid	YDR363W-A SEM1--YOR362C PRE10		Scer	Scer	Scer YDR363W-A SEM1	Scer YOR362C PRE10	hybrid Scer YDR363W-A SEM1	hybrid Scer YOR362C PRE10	hybrid Scer YDR363W-A SEM1	0.14352651927061494		
7	hybrid	CPX-2262	Scer YDR363W-A SEM1--Scer YPR108W RPN7	hybrid	YDR363W-A SEM1--YPR108W RPN7	0.06638065192891107	Scer	Scer	Scer YDR363W-A SEM1	Scer YPR108W RPN7	hybrid Scer YDR363W-A SEM1	hybrid Scer YPR108W RPN7	hybrid Scer YDR363W-A SEM1	0.14352651927061494	hybrid Scer YPR108W RPN7	0.3924621347451496
8	hybrid	CPX-2262	Scer YDR363W-A SEM1--Suva YDR363W-A SEM1	hybrid	YDR363W-A SEM1--YDR363W-A SEM1		Scer	Suva	Scer YDR363W-A SEM1	Suva YDR363W-A SEM1	hybrid Scer YDR363W-A SEM1	hybrid Suva YDR363W-A SEM1	hybrid Scer YDR363W-A SEM1	0.14352651927061494	hybrid Suva YDR363W-A SEM1	0.8636553618803006
9	hybrid	CPX-2262	Scer YDR363W-A SEM1--Suva YFR004W RPN11	hybrid	YDR363W-A SEM1--YFR004W RPN11		Scer	Suva	Scer YDR363W-A SEM1	Suva YFR004W RPN11	hybrid Scer YDR363W-A SEM1	hybrid Suva YFR004W RPN11	hybrid Scer YDR363W-A SEM1	0.14352651927061494		
10	hybrid	CPX-2262	Scer YDR363W-A SEM1--Suva YGR135W PRE9	hybrid	YDR363W-A SEM1--YGR135W PRE9	0.05462408617437065	Scer	Suva	Scer YDR363W-A SEM1	Suva YGR135W PRE9	hybrid Scer YDR363W-A SEM1	hybrid Suva YGR135W PRE9	hybrid Scer YDR363W-A SEM1	0.14352651927061494	hybrid Suva YGR135W PRE9	1.4159604121312932
11	hybrid	CPX-2262	Scer YDR363W-A SEM1--Suva YHR027C RPN1	hybrid	YDR363W-A SEM1--YHR027C RPN1	0.6662508508835235	Scer	Suva	Scer YDR363W-A SEM1	Suva YHR027C RPN1	hybrid Scer YDR363W-A SEM1	hybrid Suva YHR027C RPN1	hybrid Scer YDR363W-A SEM1	0.14352651927061494	hybrid Suva YHR027C RPN1	1.4791095859707497
12	hybrid	CPX-2262	Scer YDR363W-A SEM1--Suva YML092C PRE8	hybrid	YDR363W-A SEM1--YML092C PRE8	0.07031793078081583	Scer	Suva	Scer YDR363W-A SEM1	Suva YML092C PRE8	hybrid Scer YDR363W-A SEM1	hybrid Suva YML092C PRE8	hybrid Scer YDR363W-A SEM1	0.14352651927061494	hybrid Suva YML092C PRE8	1.8076081936261292
13	hybrid	CPX-2262	Scer YDR363W-A SEM1--Suva YMR314W PRE5	hybrid	YDR363W-A SEM1--YMR314W PRE5	0.06430763433060216	Scer	Suva	Scer YDR363W-A SEM1	Suva YMR314W PRE5	hybrid Scer YDR363W-A SEM1	hybrid Suva YMR314W PRE5	hybrid Scer YDR363W-A SEM1	0.14352651927061494	hybrid Suva YMR314W PRE5	0.4559736312910309
14	hybrid	CPX-2262	Scer YDR363W-A SEM1--Suva YFR052W RPN12	hybrid	YDR363W-A SEM1--YFR052W RPN12	0.1269607140685196	Scer	Suva	Scer YDR363W-A SEM1	Suva YFR052W RPN12	hybrid Scer YDR363W-A SEM1	hybrid Suva YFR052W RPN12	hybrid Scer YDR363W-A SEM1	0.14352651927061494	hybrid Suva YFR052W RPN12	1.184887445347679
15	hybrid	CPX-2262	Scer YDR363W-A SEM1--Suva YOR362C PRE10	hybrid	YDR363W-A SEM1--YOR362C PRE10	0.10738240403551412	Scer	Suva	Scer YDR363W-A SEM1	Suva YOR362C PRE10	hybrid Scer YDR363W-A SEM1	hybrid Suva YOR362C PRE10	hybrid Scer YDR363W-A SEM1	0.14352651927061494	hybrid Suva YOR362C PRE10	0.2597425639184561
16	hybrid	CPX-2262	Scer YDR363W-A SEM1--Suva YPR108W RPN7	hybrid	YDR363W-A SEM1--YPR108W RPN7		Scer	Suva	Scer YDR363W-A SEM1	Suva YPR108W RPN7	hybrid Scer YDR363W-A SEM1	hybrid Suva YPR108W RPN7	hybrid Scer YDR363W-A SEM1	0.14352651927061494		
17	hybrid	CPX-2262	Scer YFR004W RPN11--Scer YGR135W PRE9	hybrid	YFR004W RPN11--YGR135W PRE9	0.049722555953396363	Scer	Scer	Scer YFR004W RPN11	Scer YGR135W PRE9	hybrid Scer YFR004W RPN11	hybrid Scer YGR135W PRE9	hybrid Scer YFR004W RPN11	0.14352651927061494	hybrid Scer YGR135W PRE9	1.329763586939415
18	hybrid	CPX-2262	Scer YFR004W RPN11--Scer YHR027C RPN1	hybrid	YFR004W RPN11--YHR027C RPN1	0.3019288057254833	Scer	Scer	Scer YFR004W RPN11	Scer YHR027C RPN1	hybrid Scer YFR004W RPN11	hybrid Scer YHR027C RPN1	hybrid Scer YFR004W RPN11	0.14352651927061494	hybrid Scer YHR027C RPN1	1.642171867750981
19	hybrid	CPX-2262	Scer YFR004W RPN11--Scer YML092C PRE8	hybrid	YFR004W RPN11--YML092C PRE8	0.17853548724117466	Scer	Scer	Scer YFR004W RPN11	Scer YML092C PRE8	hybrid Scer YFR004W RPN11	hybrid Scer YML092C PRE8	hybrid Scer YFR004W RPN11	0.14352651927061494	hybrid Scer YML092C PRE8	1.6956144083786506
20	hybrid	CPX-2262	Scer YFR004W RPN11--Scer YMR314W PRE5	hybrid	YFR004W RPN11--YMR314W PRE5	0.17853548724117466	Scer	Scer	Scer YFR004W RPN11	Scer YMR314W PRE5	hybrid Scer YFR004W RPN11	hybrid Scer YMR314W PRE5	hybrid Scer YFR004W RPN11	0.14352651927061494	hybrid Scer YMR314W PRE5	0.3924621347451496
21	hybrid	CPX-2262	Scer YFR004W RPN11--Scer YFR052W RPN12	hybrid	YFR004W RPN11--YFR052W RPN12		Scer	Scer	Scer YFR004W RPN11	Scer YFR052W RPN12	hybrid Scer YFR004W RPN11	hybrid Scer YFR052W RPN12	hybrid Scer YFR004W RPN11	0.14352651927061494		
22	hybrid	CPX-2262	Scer YFR004W RPN11--Scer YOR362C PRE10	hybrid	YFR004W RPN11--YOR362C PRE10		Scer	Scer	Scer YFR004W RPN11	Scer YOR362C PRE10	hybrid Scer YFR004W RPN11	hybrid Scer YOR362C PRE10	hybrid Scer YFR004W RPN11	0.14352651927061494		
23	hybrid	CPX-2262	Scer YFR004W RPN11--Scer YPR108W RPN7	hybrid	YFR004W RPN11--YPR108W RPN7	0.4319575866159049	Scer	Scer	Scer YFR004W RPN11	Scer YPR108W RPN7	hybrid Scer YFR004W RPN11	hybrid Scer YPR108W RPN7	hybrid Scer YFR004W RPN11	0.14352651927061494	hybrid Scer YPR108W RPN7	0.3924621347451496
24	hybrid	CPX-2262	Scer YFR004W RPN11--Suva YDR363W-A SEM1	hybrid	YDR363W-A SEM1--YFR004W RPN11	0.448669690891804	Scer	Suva	Scer YFR004W RPN11	Suva YDR363W-A SEM1	hybrid Scer YFR004W RPN11	hybrid Suva YDR363W-A SEM1	hybrid Scer YFR004W RPN11	0.14352651927061494	hybrid Suva YDR363W-A SEM1	0.8636553618803006
25	hybrid	CPX-2262	Scer YFR004W RPN11--Suva YFR004W RPN11	hybrid	YFR004W RPN11--YFR004W RPN11		Scer	Suva	Scer YFR004W RPN11	Suva YFR004W RPN11	hybrid Scer YFR004W RPN11	hybrid Suva YFR004W RPN11	hybrid Scer YFR004W RPN11	0.14352651927061494		
26	hybrid	CPX-2262	Scer YFR004W RPN11--Suva YGR135W PRE9	hybrid	YFR004W RPN11--YGR135W PRE9	0.09989020846773287	Scer	Suva	Scer YFR004W RPN11	Suva YGR135W PRE9	hybrid Scer YFR004W RPN11	hybrid Suva YGR135W PRE9	hybrid Scer YFR004W RPN11	0.14352651927061494	hybrid Suva YGR135W PRE9	1.4159604121312932
27	hybrid	CPX-2262	Scer YFR004W RPN11--Suva YHR027C RPN1	hybrid	YFR004W RPN11--YHR027C RPN1	0.2947855330865242	Scer	Suva	Scer YFR004W RPN11	Suva YHR027C RPN1	hybrid Scer YFR004W RPN11	hybrid Suva YHR027C RPN1	hybrid Scer YFR004W RPN11	0.14352651927061494	hybrid Suva YHR027C RPN1	1.4791095859707497
28	hybrid	CPX-2262	Scer YFR004W RPN11--Suva YML092C PRE8	hybrid	YFR004W RPN11--YML092C PRE8	0.11857212389781502	Scer	Suva	Scer YFR004W RPN11	Suva YML092C PRE8	hybrid Scer YFR004W RPN11	hybrid Suva YML092C PRE8	hybrid Scer YFR004W RPN11	0.14352651927061494	hybrid Suva YML092C PRE8	1.8076081936261292
29	hybrid	CPX-2262	Scer YFR004W RPN11--Suva YMR314W PRE5	hybrid	YFR004W RPN11--YMR314W PRE5	0.1122350794752367	Scer	Suva	Scer YFR004W RPN11	Suva YMR314W PRE5	hybrid Scer YFR004W RPN11	hybrid Suva YMR314W PRE5	hybrid Scer YFR004W RPN11	0.14352651927061494	hybrid Suva YMR314W PRE5	0.4559736312910309
30	hybrid	CPX-2262	Scer YFR004W RPN11--Suva YFR052W RPN12	hybrid	YFR004W RPN11--YFR052W RPN12	0.17853548724117466	Scer	Suva	Scer YFR004W RPN11	Suva YFR052W RPN12	hybrid Scer YFR004W RPN11	hybrid Suva YFR052W RPN12	hybrid Scer YFR004W RPN11	0.14352651927061494	hybrid Suva YFR052W RPN12	1.184887445347679
31	hybrid	CPX-2262	Scer YFR004W RPN11--Suva YOR362C PRE10	hybrid	YFR004W RPN11--YOR362C PRE10	0.1577574437445214	Scer	Suva	Scer YFR004W RPN11	Suva YOR362C PRE10	hybrid Scer YFR004W RPN11	hybrid Suva YOR362C PRE10	hybrid Scer YFR004W RPN11	0.14352651927061494	hybrid Suva YOR362C PRE10	0.2597425639184561
32	hybrid	CPX-2262	Scer YFR004W RPN11--Suva YPR108W RPN7	hybrid	YFR004W RPN11--YPR108W RPN7		Scer	Suva	Scer YFR004W RPN11	Suva YPR108W RPN7	hybrid Scer YFR004W RPN11	hybrid Suva YPR108W RPN7	hybrid Scer YFR004W RPN11	0.14352651927061494		
33	hybrid	CPX-2262	Scer YGR135W PRE9--Scer YHR027C RPN1	hybrid	YGR135W PRE9--YHR027C RPN1	0.08208907891495609	Scer	Scer	Scer YGR135W PRE9	Scer YHR027C RPN1	hybrid Scer YGR135W PRE9	hybrid Scer YHR027C RPN1	hybrid Scer YGR135W PRE9	1.329763586939415	hybrid Scer YHR027C RPN1	1.642171867750981
34	hybrid	CPX-2262	Scer YGR135W PRE9--Scer YML092C PRE8	hybrid	YGR135W PRE9--YML092C PRE8	0.6739988026260232	Scer	Scer	Scer YGR135W PRE9	Scer YML092C PRE8	hybrid Scer YGR135W PRE9	hybrid Scer YML092C PRE8	hybrid Scer YGR135W PRE9	1.329763586939415	hybrid Scer YML092C PRE8	1.6956144083786506
35	hybrid	CPX-2262	Scer YGR135W PRE9--Scer YMR314W PRE5	hybrid	YGR135W PRE9--YMR314W PRE5	0.6739988026260232	Scer	Scer	Scer YGR135W PRE9	Scer YMR314W PRE5	hybrid Scer YGR135W PRE9	hybrid Scer YMR314W PRE5	hybrid Scer YGR135W PRE9	1.329763586939415	hybrid Scer YMR314W PRE5	0.3924621347451496
36	hybrid	CPX-2262	Scer YFR052W RPN12--Scer YGR135W PRE9	hybrid	YFR052W RPN12--YGR135W PRE9		Scer	Scer	Scer YFR052W RPN12	Scer YGR135W PRE9	hybrid Scer YFR052W RPN12	hybrid Scer YGR135W PRE9			hybrid Scer YGR135W PRE9	1.329763586939415
37	hybrid	CPX-2262	Scer YGR135W PRE9--Scer YOR362C PRE10	hybrid	YGR135W PRE9--YOR362C PRE10		Scer	Scer	Scer YGR135W PRE9	Scer YOR362C PRE10	hybrid Scer YGR135W PRE9	hybrid Scer YOR362C PRE10	hybrid Scer YGR135W PRE9	1.329763586939415		
38	hybrid	CPX-2262	Scer YGR135W PRE9--Scer YPR108W RPN7	hybrid	YGR135W PRE9--YPR108W RPN7	0.14087078539948186	Scer	Scer	Scer YGR135W PRE9	Scer YPR108W RPN7	hybrid Scer YGR135W PRE9	hybrid Scer YPR108W RPN7	hybrid Scer YGR135W PRE9	1.329763586939415	hybrid Scer YPR108W RPN7	0.3924621347451496
39	hybrid	CPX-2262	Scer YGR135W PRE9--Suva YDR363W-A SEM1	hybrid	YDR363W-A SEM1--YGR135W PRE9	0.22666184837399286	Scer	Suva	Scer YGR135W PRE9	Suva YDR363W-A SEM1	hybrid Scer YGR135W PRE9	hybrid Suva YDR363W-A SEM1	hybrid Scer YGR135W PRE9	1.329763586939415	hybrid Suva YDR363W-A SEM1	0.8636553618803006
40	hybrid	CPX-2262	Scer YGR135W PRE9--Suva YFR004W RPN11	hybrid	YFR004W RPN11--YGR135W PRE9		Scer	Suva	Scer YGR135W PRE9	Suva YFR004W RPN11	hybrid Scer YGR135W PRE9	hybrid Suva YFR004W RPN11	hybrid Scer YGR135W PRE9	1.329763586939415		
41	hybrid	CPX-2262	Scer YGR135W PRE9--Suva YGR135W PRE9	hybrid	YGR135W PRE9--YGR135W PRE9		Scer	Suva	Scer YGR135W PRE9	Suva YGR135W PRE9	hybrid Scer YGR135W PRE9	hybrid Suva YGR135W PRE9	hybrid Scer YGR135W PRE9	1.329763586939415	hybrid Suva YGR135W PRE9	1.4159604121312932
42	hybrid	CPX-2262	Scer YGR135W PRE9--Suva YHR027C RPN1	hybrid	YGR135W PRE9--YHR027C RPN1	0.1910815563512428	Scer	Suva	Scer YGR135W PRE9	Suva YHR027C RPN1	hybrid Scer YGR135W PRE9	hybrid Suva YHR027C RPN1	hybrid Scer YGR135W PRE9	1.329763586939415	hybrid Suva YHR027C RPN1	1.4791095859707497
43	hybrid	CPX-2262	Scer YGR135W PRE9--Suva YML092C PRE8	hybrid	YGR135W PRE9--YML092C PRE8	0.7789313922106111	Scer	Suva	Scer YGR135W PRE9	Suva YML092C PRE8	hybrid Scer YGR135W PRE9	hybrid Suva YML092C PRE8	hybrid Scer YGR135W PRE9	1.329763586939415	hybrid Suva YML092C PRE8	1.8076081936261292
44	hybrid	CPX-2262	Scer YGR135W PRE9--Suva YMR314W PRE5	hybrid	YGR135W PRE9--YMR314W PRE5	0.6715612994962149	Scer	Suva	Scer YGR135W PRE9	Suva YMR314W PRE5	hybrid Scer YGR135W PRE9	hybrid Suva YMR314W PRE5	hybrid Scer YGR135W PRE9	1.329763586939415	hybrid Suva YMR314W PRE5	0.4559736312910309
45	hybrid	CPX-2262	Scer YGR135W PRE9--Suva YFR052W RPN12	hybrid	YFR052W RPN12--YGR135W PRE9	0.20712200492940447	Scer	Suva	Scer YGR135W PRE9	Suva YFR052W RPN12	hybrid Scer YGR135W PRE9	hybrid Suva YFR052W RPN12	hybrid Scer YGR135W PRE9	1.329763586939415	hybrid Suva YFR052W RPN12	1.184887445347679
46	hybrid	CPX-2262	Scer YGR135W PRE9--Suva YOR362C PRE10	hybrid	YGR135W PRE9--YOR362C PRE10	0.6282475686402196	Scer	Suva	Scer YGR135W PRE9	Suva YOR362C PRE10	hybrid Scer YGR135W PRE9	hybrid Suva YOR362C PRE10	hybrid Scer YGR135W PRE9	1.329763586939415	hybrid Suva YOR362C PRE10	0.2597425639184561
47	hybrid	CPX-2262	Scer YGR135W PRE9--Suva YPR108W RPN7	hybrid	YGR135W PRE9--YPR108W RPN7		Scer	Suva	Scer YGR135W PRE9	Suva YPR108W RPN7	hybrid Scer YGR135W PRE9	hybrid Suva YPR108W RPN7	hybrid Scer YGR135W PRE9	1.329763586939415		
48	hybrid	CPX-2262	Scer YHR027C RPN1--Scer YML092C PRE8	hybrid	YHR027C RPN1--YML092C PRE8	0.2317119415702814	Scer	Scer	Scer YHR027C RPN1	Scer YML092C PRE8	hybrid Scer YHR027C RPN1	hybrid Scer YML092C PRE8	hybrid Scer YHR027C RPN1	1.642171867750981	hybrid Scer YML092C PRE8	1.6956144083786506
49	hybrid	CPX-2262	Scer YHR027C RPN1--Scer YMR314W PRE5	hybrid	YHR027C RPN1--YMR314W PRE5	0.2317119415702814	Scer	Scer	Scer YHR027C RPN1	Scer YMR314W PRE5	hybrid Scer YHR027C RPN1	hybrid Scer YMR314W PRE5	hybrid Scer YHR027C RPN1	1.642171867750981	hybrid Scer YMR314W PRE5	0.3924621347451496
50	hybrid	CPX-2262	Scer YFR052W RPN12--Scer YHR027C RPN1	hybrid	YFR052W RPN12--YHR027C RPN1		Scer	Scer	Scer YFR052W RPN12	Scer YHR027C RPN1	hybrid Scer YFR052W RPN12	hybrid Scer YHR027C RPN1			hybrid Scer YHR027C RPN1	1.642171867750981
51	hybrid	CPX-2262	Scer YHR027C RPN1--Scer YOR362C PRE10	hybrid	YHR027C RPN1--YOR362C PRE10		Scer	Scer	Scer YHR027C RPN1	Scer YOR362C PRE10	hybrid Scer YHR027C RPN1	hybrid Scer YOR362C PRE10	hybrid Scer YHR027C RPN1	1.642171867750981		
52	hybrid	CPX-2262	Scer YHR027C RPN1--Scer YPR108W RPN7	hybrid	YHR027C RPN1--YPR108W RPN7	0.163510888870248	Scer	Scer	Scer YHR027C RPN1	Scer YPR108W RPN7	hybrid Scer YHR027C RPN1	hybrid Scer YPR108W RPN7	hybrid Scer YHR027C RPN1	1.642171867750981	hybrid Scer YPR108W RPN7	0.3924621347451496
53	hybrid	CPX-2262	Scer YHR027C RPN1--Suva YDR363W-A SEM1	hybrid	YDR363W-A SEM1--YHR027C RPN1	0.2276063818764548	Scer	Suva	Scer YHR027C RPN1	Suva YDR363W-A SEM1	hybrid Scer YHR027C RPN1	hybrid Suva YDR363W-A SEM1	hybrid Scer YHR027C RPN1	1.642171867750981	hybrid Suva YDR363W-A SEM1	0.8636553618803006
54	hybrid	CPX-2262	Scer YHR027C RPN1--Suva YFR004W RPN11	hybrid	YFR004W RPN11--YHR027C RPN1		Scer	Suva	Scer YHR027C RPN1	Suva YFR004W RPN11	hybrid Scer YHR027C RPN1	hybrid Suva YFR004W RPN11	hybrid Scer YHR027C RPN1	1.642171867750981		
55	hybrid	CPX-2262	Scer YHR027C RPN1--Suva YGR135W PRE9	hybrid	YGR135W PRE9--YHR027C RPN1	0.1485695539606834	Scer	Suva	Scer YHR027C RPN1	Suva YGR135W PRE9	hybrid Scer YHR027C RPN1	hybrid Suva YGR135W PRE9	hybrid Scer YHR027C RPN1	1.642171867750981	hybrid Suva YGR135W PRE9	1.4159604121312932
56	hybrid	CPX-2262	Scer YHR027C RPN1--Suva YHR027C RPN1	hybrid	YHR027C RPN1--YHR027C RPN1		Scer	Suva	Scer YHR027C RPN1	Suva YHR027C RPN1	hybrid Scer YHR027C RPN1	hybrid Suva YHR027C RPN1	hybrid Scer YHR027C RPN1	1.642171867750981	hybrid Suva YHR027C RPN1	1.4791095859707497
57	hybrid	CPX-2262	Scer YHR027C RPN1--Suva YML092C PRE8	hybrid	YHR027C RPN1--YML092C PRE8	0.16790763987786705	Scer	Suva	Scer YHR027C RPN1	Suva YML092C PRE8	hybrid Scer YHR027C RPN1	hybrid Suva YML092C PRE8	hybrid Scer YHR027C RPN1	1.642171867750981	hybrid Suva YML092C PRE8	1.8076081936261292
58	hybrid	CPX-2262	Scer YHR027C RPN1--Suva YMR314W PRE5	hybrid	YHR027C RPN1--YMR314W PRE5	0.1611977890360854	Scer	Suva	Scer YHR027C RPN1	Suva YMR314W PRE5	hybrid Scer YHR027C RPN1	hybrid Suva YMR314W PRE5	hybrid Scer YHR027C RPN1	1.642171867750981	hybrid Suva YMR314W PRE5	0.4559736312910309
59	hybrid	CPX-2262	Scer YHR027C RPN1--Suva YFR052W RPN12	hybrid	YFR052W RPN12--YHR027C RPN1	0.2317119415702813	Scer	Suva	Scer YHR027C RPN1	Suva YFR052W RPN12	hybrid Scer YHR027C RPN1	hybrid Suva YFR052W RPN12	hybrid Scer YHR027C RPN1	1.642171867750981	hybrid Suva YFR052W RPN12	1.184887445347679
60	hybrid	CPX-2262	Scer YHR027C RPN1--Suva YOR362C PRE10	hybrid	YHR027C RPN1--YOR362C PRE10	0.20953487200802126	Scer	Suva	Scer YHR027C RPN1	Suva YOR362C PRE10	hybrid Scer YHR027C RPN1	hybrid Suva YOR362C PRE10	hybrid Scer YHR027C RPN1	1.642171867750981	hybrid Suva YOR362C PRE10	0.2597425639184561
61	hybrid	CPX-2262	Scer YHR027C RPN1--Suva YPR108W RPN7	hybrid	YHR027C RPN1--YPR108W RPN7		Scer	Suva	Scer YHR027C RPN1	Suva YPR108W RPN7	hybrid Scer YHR027C RPN1	hybrid Suva YPR108W RPN7	hybrid Scer YHR027C RPN1	1.642171867750981		
62	hybrid	CPX-2262	Scer YML092C PRE8--Scer YMR314W PRE5	hybrid	YML092C PRE8--YMR314W PRE5	1.0	Scer	Scer	Scer YML092C PRE8	Scer YMR314W PRE5	hybrid Scer YML092C PRE8	hybrid Scer YMR314W PRE5	hybrid Scer YML092C PRE8	1.6956144083786506	hybrid Scer YMR314W PRE5	0.3924621347451496
63	hybrid	CPX-2262	Scer YFR052W RPN12--Scer YML092C PRE8	hybrid	YFR052W RPN12--YML092C PRE8		Scer	Scer	Scer YFR052W RPN12	Scer YML092C PRE8	hybrid Scer YFR052W RPN12	hybrid Scer YML092C PRE8			hybrid Scer YML092C PRE8	1.6956144083786506
64	hybrid	CPX-2262	Scer YML092C PRE8--Scer YOR362C PRE10	hybrid	YML092C PRE8--YOR362C PRE10		Scer	Scer	Scer YML092C PRE8	Scer YOR362C PRE10	hybrid Scer YML092C PRE8	hybrid Scer YOR362C PRE10	hybrid Scer YML092C PRE8	1.6956144083786506		
65	hybrid	CPX-2262	Scer YML092C PRE8--Scer YPR108W RPN7	hybrid	YML092C PRE8--YPR108W RPN7	0.31413091113290104	Scer	Scer	Scer YML092C PRE8	Scer YPR108W RPN7	hybrid Scer YML092C PRE8	hybrid Scer YPR108W RPN7	hybrid Scer YML092C PRE8	1.6956144083786506	hybrid Scer YPR108W RPN7	0.3924621347451496
66	hybrid	CPX-2262	Scer YML092C PRE8--Suva YDR363W-A SEM1	hybrid	YDR363W-A SEM1--YML092C PRE8	0.35383737409230004	Scer	Suva	Scer YML092C PRE8	Suva YDR363W-A SEM1	hybrid Scer YML092C PRE8	hybrid Suva YDR363W-A SEM1	hybrid Scer YML092C PRE8	1.6956144083786506	hybrid Suva YDR363W-A SEM1	0.8636553618803006
67	hybrid	CPX-2262	Scer YML092C PRE8--Suva YFR004W RPN11	hybrid	YFR004W RPN11--YML092C PRE8		Scer	Suva	Scer YML092C PRE8	Suva YFR004W RPN11	hybrid Scer YML092C PRE8	hybrid Suva YFR004W RPN11	hybrid Scer YML092C PRE8	1.6956144083786506		
68	hybrid	CPX-2262	Scer YML092C PRE8--Suva YGR135W PRE9	hybrid	YGR135W PRE9--YML092C PRE8	0.6298842194514926	Scer	Suva	Scer YML092C PRE8	Suva YGR135W PRE9	hybrid Scer YML092C PRE8	hybrid Suva YGR135W PRE9	hybrid Scer YML092C PRE8	1.6956144083786506	hybrid Suva YGR135W PRE9	1.4159604121312932
69	hybrid	CPX-2262	Scer YML092C PRE8--Suva YHR027C RPN1	hybrid	YHR027C RPN1--YML092C PRE8	0.3692451291135607	Scer	Suva	Scer YML092C PRE8	Suva YHR027C RPN1	hybrid Scer YML092C PRE8	hybrid Suva YHR027C RPN1	hybrid Scer YML092C PRE8	1.6956144083786506	hybrid Suva YHR027C RPN1	1.4791095859707497
70	hybrid	CPX-2262	Scer YML092C PRE8--Suva YML092C PRE8	hybrid	YML092C PRE8--YML092C PRE8		Scer	Suva	Scer YML092C PRE8	Suva YML092C PRE8	hybrid Scer YML092C PRE8	hybrid Suva YML092C PRE8	hybrid Scer YML092C PRE8	1.6956144083786506	hybrid Suva YML092C PRE8	1.8076081936261292
71	hybrid	CPX-2262	Scer YML092C PRE8--Suva YMR314W PRE5	hybrid	YML092C PRE8--YMR314W PRE5	0.9117996117642726	Scer	Suva	Scer YML092C PRE8	Suva YMR314W PRE5	hybrid Scer YML092C PRE8	hybrid Suva YMR314W PRE5	hybrid Scer YML092C PRE8	1.6956144083786506	hybrid Suva YMR314W PRE5	0.4559736312910309
72	hybrid	CPX-2262	Scer YML092C PRE8--Suva YFR052W RPN12	hybrid	YFR052W RPN12--YML092C PRE8	0.39919311359601695	Scer	Suva	Scer YML092C PRE8	Suva YFR052W RPN12	hybrid Scer YML092C PRE8	hybrid Suva YFR052W RPN12	hybrid Scer YML092C PRE8	1.6956144083786506	hybrid Suva YFR052W RPN12	1.184887445347679
73	hybrid	CPX-2262	Scer YML092C PRE8--Suva YOR362C PRE10	hybrid	YML092C PRE8--YOR362C PRE10	0.8140737300818717	Scer	Suva	Scer YML092C PRE8	Suva YOR362C PRE10	hybrid Scer YML092C PRE8	hybrid Suva YOR362C PRE10	hybrid Scer YML092C PRE8	1.6956144083786506	hybrid Suva YOR362C PRE10	0.2597425639184561
74	hybrid	CPX-2262	Scer YML092C PRE8--Suva YPR108W RPN7	hybrid	YML092C PRE8--YPR108W RPN7		Scer	Suva	Scer YML092C PRE8	Suva YPR108W RPN7	hybrid Scer YML092C PRE8	hybrid Suva YPR108W RPN7	hybrid Scer YML092C PRE8	1.6956144083786506		
75	hybrid	CPX-2262	Scer YFR052W RPN12--Scer YMR314W PRE5	hybrid	YFR052W RPN12--YMR314W PRE5		Scer	Scer	Scer YFR052W RPN12	Scer YMR314W PRE5	hybrid Scer YFR052W RPN12	hybrid Scer YMR314W PRE5			hybrid Scer YMR314W PRE5	0.3924621347451496
76	hybrid	CPX-2262	Scer YMR314W PRE5--Scer YOR362C PRE10	hybrid	YMR314W PRE5--YOR362C PRE10		Scer	Scer	Scer YMR314W PRE5	Scer YOR362C PRE10	hybrid Scer YMR314W PRE5	hybrid Scer YOR362C PRE10	hybrid Scer YMR314W PRE5	0.3924621347451496		
77	hybrid	CPX-2262	Scer YMR314W PRE5--Scer YPR108W RPN7	hybrid	YMR314W PRE5--YPR108W RPN7	0.31413091113290104	Scer	Scer	Scer YMR314W PRE5	Scer YPR108W RPN7	hybrid Scer YMR314W PRE5	hybrid Scer YPR108W RPN7	hybrid Scer YMR314W PRE5	0.3924621347451496	hybrid Scer YPR108W RPN7	0.3924621347451496
78	hybrid	CPX-2262	Scer YMR314W PRE5--Suva YDR363W-A SEM1	hybrid	YDR363W-A SEM1--YMR314W PRE5	0.35383737409230004	Scer	Suva	Scer YMR314W PRE5	Suva YDR363W-A SEM1	hybrid Scer YMR314W PRE5	hybrid Suva YDR363W-A SEM1	hybrid Scer YMR314W PRE5	0.3924621347451496	hybrid Suva YDR363W-A SEM1	0.8636553618803006
79	hybrid	CPX-2262	Scer YMR314W PRE5--Suva YFR004W RPN11	hybrid	YFR004W RPN11--YMR314W PRE5		Scer	Suva	Scer YMR314W PRE5	Suva YFR004W RPN11	hybrid Scer YMR314W PRE5	hybrid Suva YFR004W RPN11	hybrid Scer YMR314W PRE5	0.3924621347451496		
80	hybrid	CPX-2262	Scer YMR314W PRE5--Suva YGR135W PRE9	hybrid	YGR135W PRE9--YMR314W PRE5	0.6298842194514926	Scer	Suva	Scer YMR314W PRE5	Suva YGR135W PRE9	hybrid Scer YMR314W PRE5	hybrid Suva YGR135W PRE9	hybrid Scer YMR314W PRE5	0.3924621347451496	hybrid Suva YGR135W PRE9	1.4159604121312932
81	hybrid	CPX-2262	Scer YMR314W PRE5--Suva YHR027C RPN1	hybrid	YHR027C RPN1--YMR314W PRE5	0.3692451291135607	Scer	Suva	Scer YMR314W PRE5	Suva YHR027C RPN1	hybrid Scer YMR314W PRE5	hybrid Suva YHR027C RPN1	hybrid Scer YMR314W PRE5	0.3924621347451496	hybrid Suva YHR027C RPN1	1.4791095859707497
82	hybrid	CPX-2262	Scer YMR314W PRE5--Suva YML092C PRE8	hybrid	YML092C PRE8--YMR314W PRE5	0.6816469324321768	Scer	Suva	Scer YMR314W PRE5	Suva YML092C PRE8	hybrid Scer YMR314W PRE5	hybrid Suva YML092C PRE8	hybrid Scer YMR314W PRE5	0.3924621347451496	hybrid Suva YML092C PRE8	1.8076081936261292
83	hybrid	CPX-2262	Scer YMR314W PRE5--Suva YMR314W PRE5	hybrid	YMR314W PRE5--YMR314W PRE5		Scer	Suva	Scer YMR314W PRE5	Suva YMR314W PRE5	hybrid Scer YMR314W PRE5	hybrid Suva YMR314W PRE5	hybrid Scer YMR314W PRE5	0.3924621347451496	hybrid Suva YMR314W PRE5	0.4559736312910309
84	hybrid	CPX-2262	Scer YMR314W PRE5--Suva YFR052W RPN12	hybrid	YFR052W RPN12--YMR314W PRE5	0.39919311359601695	Scer	Suva	Scer YMR314W PRE5	Suva YFR052W RPN12	hybrid Scer YMR314W PRE5	hybrid Suva YFR052W RPN12	hybrid Scer YMR314W PRE5	0.3924621347451496	hybrid Suva YFR052W RPN12	1.184887445347679
85	hybrid	CPX-2262	Scer YMR314W PRE5--Suva YOR362C PRE10	hybrid	YMR314W PRE5--YOR362C PRE10	0.5125970262554671	Scer	Suva	Scer YMR314W PRE5	Suva YOR362C PRE10	hybrid Scer YMR314W PRE5	hybrid Suva YOR362C PRE10	hybrid Scer YMR314W PRE5	0.3924621347451496	hybrid Suva YOR362C PRE10	0.2597425639184561
86	hybrid	CPX-2262	Scer YMR314W PRE5--Suva YPR108W RPN7	hybrid	YMR314W PRE5--YPR108W RPN7		Scer	Suva	Scer YMR314W PRE5	Suva YPR108W RPN7	hybrid Scer YMR314W PRE5	hybrid Suva YPR108W RPN7	hybrid Scer YMR314W PRE5	0.3924621347451496		
87	hybrid	CPX-2262	Scer YFR052W RPN12--Scer YOR362C PRE10	hybrid	YFR052W RPN12--YOR362C PRE10		Scer	Scer	Scer YFR052W RPN12	Scer YOR362C PRE10	hybrid Scer YFR052W RPN12	hybrid Scer YOR362C PRE10				
88	hybrid	CPX-2262	Scer YFR052W RPN12--Scer YPR108W RPN7	hybrid	YFR052W RPN12--YPR108W RPN7		Scer	Scer	Scer YFR052W RPN12	Scer YPR108W RPN7	hybrid Scer YFR052W RPN12	hybrid Scer YPR108W RPN7			hybrid Scer YPR108W RPN7	0.3924621347451496
89	hybrid	CPX-2262	Scer YFR052W RPN12--Suva YDR363W-A SEM1	hybrid	YDR363W-A SEM1--YFR052W RPN12		Scer	Suva	Scer YFR052W RPN12	Suva YDR363W-A SEM1	hybrid Scer YFR052W RPN12	hybrid Suva YDR363W-A SEM1			hybrid Suva YDR363W-A SEM1	0.8636553618803006
90	hybrid	CPX-2262	Scer YFR052W RPN12--Suva YFR004W RPN11	hybrid	YFR004W RPN11--YFR052W RPN12		Scer	Suva	Scer YFR052W RPN12	Suva YFR004W RPN11	hybrid Scer YFR052W RPN12	hybrid Suva YFR004W RPN11				
91	hybrid	CPX-2262	Scer YFR052W RPN12--Suva YGR135W PRE9	hybrid	YFR052W RPN12--YGR135W PRE9		Scer	Suva	Scer YFR052W RPN12	Suva YGR135W PRE9	hybrid Scer YFR052W RPN12	hybrid Suva YGR135W PRE9			hybrid Suva YGR135W PRE9	1.4159604121312932
92	hybrid	CPX-2262	Scer YFR052W RPN12--Suva YHR027C RPN1	hybrid	YFR052W RPN12--YHR027C RPN1		Scer	Suva	Scer YFR052W RPN12	Suva YHR027C RPN1	hybrid Scer YFR052W RPN12	hybrid Suva YHR027C RPN1			hybrid Suva YHR027C RPN1	1.4791095859707497
93	hybrid	CPX-2262	Scer YFR052W RPN12--Suva YML092C PRE8	hybrid	YFR052W RPN12--YML092C PRE8		Scer	Suva	Scer YFR052W RPN12	Suva YML092C PRE8	hybrid Scer YFR052W RPN12	hybrid Suva YML092C PRE8			hybrid Suva YML092C PRE8	1.8076081936261292
94	hybrid	CPX-2262	Scer YFR052W RPN12--Suva YMR314W PRE5	hybrid	YFR052W RPN12--YMR314W PRE5		Scer	Suva	Scer YFR052W RPN12	Suva YMR314W PRE5	hybrid Scer YFR052W RPN12	hybrid Suva YMR314W PRE5			hybrid Suva YMR314W PRE5	0.4559736312910309
95	hybrid	CPX-2262	Scer YFR052W RPN12--Suva YFR052W RPN12	hybrid	YFR052W RPN12--YFR052W RPN12		Scer	Suva	Scer YFR052W RPN12	Suva YFR052W RPN12	hybrid Scer YFR052W RPN12	hybrid Suva YFR052W RPN12			hybrid Suva YFR052W RPN12	1.184887445347679
96	hybrid	CPX-2262	Scer YFR052W RPN12--Suva YOR362C PRE10	hybrid	YFR052W RPN12--YOR362C PRE10		Scer	Suva	Scer YFR052W RPN12	Suva YOR362C PRE10	hybrid Scer YFR052W RPN12	hybrid Suva YOR362C PRE10			hybrid Suva YOR362C PRE10	0.2597425639184561
97	hybrid	CPX-2262	Scer YFR052W RPN12--Suva YPR108W RPN7	hybrid	YFR052W RPN12--YPR108W RPN7		Scer	Suva	Scer YFR052W RPN12	Suva YPR108W RPN7	hybrid Scer YFR052W RPN12	hybrid Suva YPR108W RPN7				
98	hybrid	CPX-2262	Scer YOR362C PRE10--Scer YPR108W RPN7	hybrid	YOR362C PRE10--YPR108W RPN7		Scer	Scer	Scer YOR362C PRE10	Scer YPR108W RPN7	hybrid Scer YOR362C PRE10	hybrid Scer YPR108W RPN7			hybrid Scer YPR108W RPN7	0.3924621347451496
99	hybrid	CPX-2262	Scer YOR362C PRE10--Suva YDR363W-A SEM1	hybrid	YDR363W-A SEM1--YOR362C PRE10		Scer	Suva	Scer YOR362C PRE10	Suva YDR363W-A SEM1	hybrid Scer YOR362C PRE10	hybrid Suva YDR363W-A SEM1			hybrid Suva YDR363W-A SEM1	0.8636553618803006
100	hybrid	CPX-2262	Scer YOR362C PRE10--Suva YFR004W RPN11	hybrid	YFR004W RPN11--YOR362C PRE10		Scer	Suva	Scer YOR362C PRE10	Suva YFR004W RPN11	hybrid Scer YOR362C PRE10	hybrid Suva YFR004W RPN11				
101	hybrid	CPX-2262	Scer YOR362C PRE10--Suva YGR135W PRE9	hybrid	YGR135W PRE9--YOR362C PRE10		Scer	Suva	Scer YOR362C PRE10	Suva YGR135W PRE9	hybrid Scer YOR362C PRE10	hybrid Suva YGR135W PRE9			hybrid Suva YGR135W PRE9	1.4159604121312932
102	hybrid	CPX-2262	Scer YOR362C PRE10--Suva YHR027C RPN1	hybrid	YHR027C RPN1--YOR362C PRE10		Scer	Suva	Scer YOR362C PRE10	Suva YHR027C RPN1	hybrid Scer YOR362C PRE10	hybrid Suva YHR027C RPN1			hybrid Suva YHR027C RPN1	1.4791095859707497
103	hybrid	CPX-2262	Scer YOR362C PRE10--Suva YML092C PRE8	hybrid	YML092C PRE8--YOR362C PRE10		Scer	Suva	Scer YOR362C PRE10	Suva YML092C PRE8	hybrid Scer YOR362C PRE10	hybrid Suva YML092C PRE8			hybrid Suva YML092C PRE8	1.8076081936261292
104	hybrid	CPX-2262	Scer YOR362C PRE10--Suva YMR314W PRE5	hybrid	YMR314W PRE5--YOR362C PRE10		Scer	Suva	Scer YOR362C PRE10	Suva YMR314W PRE5	hybrid Scer YOR362C PRE10	hybrid Suva YMR314W PRE5			hybrid Suva YMR314W PRE5	0.4559736312910309
105	hybrid	CPX-2262	Scer YOR362C PRE10--Suva YFR052W RPN12	hybrid	YFR052W RPN12--YOR362C PRE10		Scer	Suva	Scer YOR362C PRE10	Suva YFR052W RPN12	hybrid Scer YOR362C PRE10	hybrid Suva YFR052W RPN12			hybrid Suva YFR052W RPN12	1.184887445347679
106	hybrid	CPX-2262	Scer YOR362C PRE10--Suva YOR362C PRE10	hybrid	YOR362C PRE10--YOR362C PRE10		Scer	Suva	Scer YOR362C PRE10	Suva YOR362C PRE10	hybrid Scer YOR362C PRE10	hybrid Suva YOR362C PRE10			hybrid Suva YOR362C PRE10	0.2597425639184561
107	hybrid	CPX-2262	Scer YOR362C PRE10--Suva YPR108W RPN7	hybrid	YOR362C PRE10--YPR108W RPN7		Scer	Suva	Scer YOR362C PRE10	Suva YPR108W RPN7	hybrid Scer YOR362C PRE10	hybrid Suva YPR108W RPN7				
108	hybrid	CPX-2262	Scer YPR108W RPN7--Suva YDR363W-A SEM1	hybrid	YDR363W-A SEM1--YPR108W RPN7	0.6903568894565598	Scer	Suva	Scer YPR108W RPN7	Suva YDR363W-A SEM1	hybrid Scer YPR108W RPN7	hybrid Suva YDR363W-A SEM1	hybrid Scer YPR108W RPN7	0.3924621347451496	hybrid Suva YDR363W-A SEM1	0.8636553618803006
109	hybrid	CPX-2262	Scer YPR108W RPN7--Suva YFR004W RPN11	hybrid	YFR004W RPN11--YPR108W RPN7		Scer	Suva	Scer YPR108W RPN7	Suva YFR004W RPN11	hybrid Scer YPR108W RPN7	hybrid Suva YFR004W RPN11	hybrid Scer YPR108W RPN7	0.3924621347451496		
110	hybrid	CPX-2262	Scer YPR108W RPN7--Suva YGR135W PRE9	hybrid	YGR135W PRE9--YPR108W RPN7	0.22063994323906025	Scer	Suva	Scer YPR108W RPN7	Suva YGR135W PRE9	hybrid Scer YPR108W RPN7	hybrid Suva YGR135W PRE9	hybrid Scer YPR108W RPN7	0.3924621347451496	hybrid Suva YGR135W PRE9	1.4159604121312932
111	hybrid	CPX-2262	Scer YPR108W RPN7--Suva YHR027C RPN1	hybrid	YHR027C RPN1--YPR108W RPN7	0.2877506058550105	Scer	Suva	Scer YPR108W RPN7	Suva YHR027C RPN1	hybrid Scer YPR108W RPN7	hybrid Suva YHR027C RPN1	hybrid Scer YPR108W RPN7	0.3924621347451496	hybrid Suva YHR027C RPN1	1.4791095859707497
112	hybrid	CPX-2262	Scer YPR108W RPN7--Suva YML092C PRE8	hybrid	YML092C PRE8--YPR108W RPN7	0.24334448914231846	Scer	Suva	Scer YPR108W RPN7	Suva YML092C PRE8	hybrid Scer YPR108W RPN7	hybrid Suva YML092C PRE8	hybrid Scer YPR108W RPN7	0.3924621347451496	hybrid Suva YML092C PRE8	1.8076081936261292
113	hybrid	CPX-2262	Scer YPR108W RPN7--Suva YMR314W PRE5	hybrid	YMR314W PRE5--YPR108W RPN7	0.2359718490424392	Scer	Suva	Scer YPR108W RPN7	Suva YMR314W PRE5	hybrid Scer YPR108W RPN7	hybrid Suva YMR314W PRE5	hybrid Scer YPR108W RPN7	0.3924621347451496	hybrid Suva YMR314W PRE5	0.4559736312910309
114	hybrid	CPX-2262	Scer YPR108W RPN7--Suva YFR052W RPN12	hybrid	YFR052W RPN12--YPR108W RPN7	0.31413091113290104	Scer	Suva	Scer YPR108W RPN7	Suva YFR052W RPN12	hybrid Scer YPR108W RPN7	hybrid Suva YFR052W RPN12	hybrid Scer YPR108W RPN7	0.3924621347451496	hybrid Suva YFR052W RPN12	1.184887445347679
115	hybrid	CPX-2262	Scer YPR108W RPN7--Suva YOR362C PRE10	hybrid	YOR362C PRE10--YPR108W RPN7	0.28937704448205925	Scer	Suva	Scer YPR108W RPN7	Suva YOR362C PRE10	hybrid Scer YPR108W RPN7	hybrid Suva YOR362C PRE10	hybrid Scer YPR108W RPN7	0.3924621347451496	hybrid Suva YOR362C PRE10	0.2597425639184561
116	hybrid	CPX-2262	Scer YPR108W RPN7--Suva YPR108W RPN7	hybrid	YPR108W RPN7--YPR108W RPN7		Scer	Suva	Scer YPR108W RPN7	Suva YPR108W RPN7	hybrid Scer YPR108W RPN7	hybrid Suva YPR108W RPN7	hybrid Scer YPR108W RPN7	0.3924621347451496		
117	hybrid	CPX-2262	Suva YDR363W-A SEM1--Suva YFR004W RPN11	hybrid	YDR363W-A SEM1--YFR004W RPN11		Suva	Suva	Suva YDR363W-A SEM1	Suva YFR004W RPN11	hybrid Suva YDR363W-A SEM1	hybrid Suva YFR004W RPN11	hybrid Suva YDR363W-A SEM1	0.8636553618803006		
118	hybrid	CPX-2262	Suva YDR363W-A SEM1--Suva YGR135W PRE9	hybrid	YDR363W-A SEM1--YGR135W PRE9	0.2879025870943632	Suva	Suva	Suva YDR363W-A SEM1	Suva YGR135W PRE9	hybrid Suva YDR363W-A SEM1	hybrid Suva YGR135W PRE9	hybrid Suva YDR363W-A SEM1	0.8636553618803006	hybrid Suva YGR135W PRE9	1.4159604121312932
119	hybrid	CPX-2262	Suva YDR363W-A SEM1--Suva YHR027C RPN1	hybrid	YDR363W-A SEM1--YHR027C RPN1	0.3305499555399316	Suva	Suva	Suva YDR363W-A SEM1	Suva YHR027C RPN1	hybrid Suva YDR363W-A SEM1	hybrid Suva YHR027C RPN1	hybrid Suva YDR363W-A SEM1	0.8636553618803006	hybrid Suva YHR027C RPN1	1.4791095859707497
120	hybrid	CPX-2262	Suva YDR363W-A SEM1--Suva YML092C PRE8	hybrid	YDR363W-A SEM1--YML092C PRE8	0.30646158186782896	Suva	Suva	Suva YDR363W-A SEM1	Suva YML092C PRE8	hybrid Suva YDR363W-A SEM1	hybrid Suva YML092C PRE8	hybrid Suva YDR363W-A SEM1	0.8636553618803006	hybrid Suva YML092C PRE8	1.8076081936261292
121	hybrid	CPX-2262	Suva YDR363W-A SEM1--Suva YMR314W PRE5	hybrid	YDR363W-A SEM1--YMR314W PRE5	0.28727254876647995	Suva	Suva	Suva YDR363W-A SEM1	Suva YMR314W PRE5	hybrid Suva YDR363W-A SEM1	hybrid Suva YMR314W PRE5	hybrid Suva YDR363W-A SEM1	0.8636553618803006	hybrid Suva YMR314W PRE5	0.4559736312910309
122	hybrid	CPX-2262	Suva YDR363W-A SEM1--Suva YFR052W RPN12	hybrid	YDR363W-A SEM1--YFR052W RPN12	0.4141771465816293	Suva	Suva	Suva YDR363W-A SEM1	Suva YFR052W RPN12	hybrid Suva YDR363W-A SEM1	hybrid Suva YFR052W RPN12	hybrid Suva YDR363W-A SEM1	0.8636553618803006	hybrid Suva YFR052W RPN12	1.184887445347679
123	hybrid	CPX-2262	Suva YDR363W-A SEM1--Suva YOR362C PRE10	hybrid	YDR363W-A SEM1--YOR362C PRE10	0.3356748981217719	Suva	Suva	Suva YDR363W-A SEM1	Suva YOR362C PRE10	hybrid Suva YDR363W-A SEM1	hybrid Suva YOR362C PRE10	hybrid Suva YDR363W-A SEM1	0.8636553618803006	hybrid Suva YOR362C PRE10	0.2597425639184561
124	hybrid	CPX-2262	Suva YDR363W-A SEM1--Suva YPR108W RPN7	hybrid	YDR363W-A SEM1--YPR108W RPN7		Suva	Suva	Suva YDR363W-A SEM1	Suva YPR108W RPN7	hybrid Suva YDR363W-A SEM1	hybrid Suva YPR108W RPN7	hybrid Suva YDR363W-A SEM1	0.8636553618803006		
125	hybrid	CPX-2262	Suva YFR004W RPN11--Suva YGR135W PRE9	hybrid	YFR004W RPN11--YGR135W PRE9		Suva	Suva	Suva YFR004W RPN11	Suva YGR135W PRE9	hybrid Suva YFR004W RPN11	hybrid Suva YGR135W PRE9			hybrid Suva YGR135W PRE9	1.4159604121312932
126	hybrid	CPX-2262	Suva YFR004W RPN11--Suva YHR027C RPN1	hybrid	YFR004W RPN11--YHR027C RPN1		Suva	Suva	Suva YFR004W RPN11	Suva YHR027C RPN1	hybrid Suva YFR004W RPN11	hybrid Suva YHR027C RPN1			hybrid Suva YHR027C RPN1	1.4791095859707497
127	hybrid	CPX-2262	Suva YFR004W RPN11--Suva YML092C PRE8	hybrid	YFR004W RPN11--YML092C PRE8		Suva	Suva	Suva YFR004W RPN11	Suva YML092C PRE8	hybrid Suva YFR004W RPN11	hybrid Suva YML092C PRE8			hybrid Suva YML092C PRE8	1.8076081936261292
128	hybrid	CPX-2262	Suva YFR004W RPN11--Suva YMR314W PRE5	hybrid	YFR004W RPN11--YMR314W PRE5		Suva	Suva	Suva YFR004W RPN11	Suva YMR314W PRE5	hybrid Suva YFR004W RPN11	hybrid Suva YMR314W PRE5			hybrid Suva YMR314W PRE5	0.4559736312910309
129	hybrid	CPX-2262	Suva YFR004W RPN11--Suva YFR052W RPN12	hybrid	YFR004W RPN11--YFR052W RPN12		Suva	Suva	Suva YFR004W RPN11	Suva YFR052W RPN12	hybrid Suva YFR004W RPN11	hybrid Suva YFR052W RPN12			hybrid Suva YFR052W RPN12	1.184887445347679
130	hybrid	CPX-2262	Suva YFR004W RPN11--Suva YOR362C PRE10	hybrid	YFR004W RPN11--YOR362C PRE10		Suva	Suva	Suva YFR004W RPN11	Suva YOR362C PRE10	hybrid Suva YFR004W RPN11	hybrid Suva YOR362C PRE10			hybrid Suva YOR362C PRE10	0.2597425639184561
131	hybrid	CPX-2262	Suva YFR004W RPN11--Suva YPR108W RPN7	hybrid	YFR004W RPN11--YPR108W RPN7		Suva	Suva	Suva YFR004W RPN11	Suva YPR108W RPN7	hybrid Suva YFR004W RPN11	hybrid Suva YPR108W RPN7				
132	hybrid	CPX-2262	Suva YGR135W PRE9--Suva YHR027C RPN1	hybrid	YGR135W PRE9--YHR027C RPN1	0.268674218861389	Suva	Suva	Suva YGR135W PRE9	Suva YHR027C RPN1	hybrid Suva YGR135W PRE9	hybrid Suva YHR027C RPN1	hybrid Suva YGR135W PRE9	1.4159604121312932	hybrid Suva YHR027C RPN1	1.4791095859707497
133	hybrid	CPX-2262	Suva YGR135W PRE9--Suva YML092C PRE8	hybrid	YGR135W PRE9--YML092C PRE8	0.7287760930193724	Suva	Suva	Suva YGR135W PRE9	Suva YML092C PRE8	hybrid Suva YGR135W PRE9	hybrid Suva YML092C PRE8	hybrid Suva YGR135W PRE9	1.4159604121312932	hybrid Suva YML092C PRE8	1.8076081936261292
134	hybrid	CPX-2262	Suva YGR135W PRE9--Suva YMR314W PRE5	hybrid	YGR135W PRE9--YMR314W PRE5	0.6281152617324691	Suva	Suva	Suva YGR135W PRE9	Suva YMR314W PRE5	hybrid Suva YGR135W PRE9	hybrid Suva YMR314W PRE5	hybrid Suva YGR135W PRE9	1.4159604121312932	hybrid Suva YMR314W PRE5	0.4559736312910309
135	hybrid	CPX-2262	Suva YFR052W RPN12--Suva YGR135W PRE9	hybrid	YFR052W RPN12--YGR135W PRE9	0.294341013122146	Suva	Suva	Suva YFR052W RPN12	Suva YGR135W PRE9	hybrid Suva YFR052W RPN12	hybrid Suva YGR135W PRE9	hybrid Suva YFR052W RPN12	1.184887445347679	hybrid Suva YGR135W PRE9	1.4159604121312932
136	hybrid	CPX-2262	Suva YGR135W PRE9--Suva YOR362C PRE10	hybrid	YGR135W PRE9--YOR362C PRE10	0.7658732927057053	Suva	Suva	Suva YGR135W PRE9	Suva YOR362C PRE10	hybrid Suva YGR135W PRE9	hybrid Suva YOR362C PRE10	hybrid Suva YGR135W PRE9	1.4159604121312932	hybrid Suva YOR362C PRE10	0.2597425639184561
137	hybrid	CPX-2262	Suva YGR135W PRE9--Suva YPR108W RPN7	hybrid	YGR135W PRE9--YPR108W RPN7		Suva	Suva	Suva YGR135W PRE9	Suva YPR108W RPN7	hybrid Suva YGR135W PRE9	hybrid Suva YPR108W RPN7	hybrid Suva YGR135W PRE9	1.4159604121312932		
138	hybrid	CPX-2262	Suva YHR027C RPN1--Suva YML092C PRE8	hybrid	YHR027C RPN1--YML092C PRE8	0.2929194796949336	Suva	Suva	Suva YHR027C RPN1	Suva YML092C PRE8	hybrid Suva YHR027C RPN1	hybrid Suva YML092C PRE8	hybrid Suva YHR027C RPN1	1.4791095859707497	hybrid Suva YML092C PRE8	1.8076081936261292
139	hybrid	CPX-2262	Suva YHR027C RPN1--Suva YMR314W PRE5	hybrid	YHR027C RPN1--YMR314W PRE5	0.2850354445574149	Suva	Suva	Suva YHR027C RPN1	Suva YMR314W PRE5	hybrid Suva YHR027C RPN1	hybrid Suva YMR314W PRE5	hybrid Suva YHR027C RPN1	1.4791095859707497	hybrid Suva YMR314W PRE5	0.4559736312910309
140	hybrid	CPX-2262	Suva YFR052W RPN12--Suva YHR027C RPN1	hybrid	YFR052W RPN12--YHR027C RPN1	0.3692451291135607	Suva	Suva	Suva YFR052W RPN12	Suva YHR027C RPN1	hybrid Suva YFR052W RPN12	hybrid Suva YHR027C RPN1	hybrid Suva YFR052W RPN12	1.184887445347679	hybrid Suva YHR027C RPN1	1.4791095859707497
141	hybrid	CPX-2262	Suva YHR027C RPN1--Suva YOR362C PRE10	hybrid	YHR027C RPN1--YOR362C PRE10	0.3424132870923886	Suva	Suva	Suva YHR027C RPN1	Suva YOR362C PRE10	hybrid Suva YHR027C RPN1	hybrid Suva YOR362C PRE10	hybrid Suva YHR027C RPN1	1.4791095859707497	hybrid Suva YOR362C PRE10	0.2597425639184561
142	hybrid	CPX-2262	Suva YHR027C RPN1--Suva YPR108W RPN7	hybrid	YHR027C RPN1--YPR108W RPN7		Suva	Suva	Suva YHR027C RPN1	Suva YPR108W RPN7	hybrid Suva YHR027C RPN1	hybrid Suva YPR108W RPN7	hybrid Suva YHR027C RPN1	1.4791095859707497		
143	hybrid	CPX-2262	Suva YML092C PRE8--Suva YMR314W PRE5	hybrid	YML092C PRE8--YMR314W PRE5	0.6765209622872603	Suva	Suva	Suva YML092C PRE8	Suva YMR314W PRE5	hybrid Suva YML092C PRE8	hybrid Suva YMR314W PRE5	hybrid Suva YML092C PRE8	1.8076081936261292	hybrid Suva YMR314W PRE5	0.4559736312910309
144	hybrid	CPX-2262	Suva YFR052W RPN12--Suva YML092C PRE8	hybrid	YFR052W RPN12--YML092C PRE8	0.31950013240386066	Suva	Suva	Suva YFR052W RPN12	Suva YML092C PRE8	hybrid Suva YFR052W RPN12	hybrid Suva YML092C PRE8	hybrid Suva YFR052W RPN12	1.184887445347679	hybrid Suva YML092C PRE8	1.8076081936261292
145	hybrid	CPX-2262	Suva YML092C PRE8--Suva YOR362C PRE10	hybrid	YML092C PRE8--YOR362C PRE10	0.6793179473809856	Suva	Suva	Suva YML092C PRE8	Suva YOR362C PRE10	hybrid Suva YML092C PRE8	hybrid Suva YOR362C PRE10	hybrid Suva YML092C PRE8	1.8076081936261292	hybrid Suva YOR362C PRE10	0.2597425639184561
146	hybrid	CPX-2262	Suva YML092C PRE8--Suva YPR108W RPN7	hybrid	YML092C PRE8--YPR108W RPN7		Suva	Suva	Suva YML092C PRE8	Suva YPR108W RPN7	hybrid Suva YML092C PRE8	hybrid Suva YPR108W RPN7	hybrid Suva YML092C PRE8	1.8076081936261292		
147	hybrid	CPX-2262	Suva YFR052W RPN12--Suva YMR314W PRE5	hybrid	YFR052W RPN12--YMR314W PRE5	0.3113117373276256	Suva	Suva	Suva YFR052W RPN12	Suva YMR314W PRE5	hybrid Suva YFR052W RPN12	hybrid Suva YMR314W PRE5	hybrid Suva YFR052W RPN12	1.184887445347679	hybrid Suva YMR314W PRE5	0.4559736312910309
148	hybrid	CPX-2262	Suva YMR314W PRE5--Suva YOR362C PRE10	hybrid	YMR314W PRE5--YOR362C PRE10	0.7942139792634064	Suva	Suva	Suva YMR314W PRE5	Suva YOR362C PRE10	hybrid Suva YMR314W PRE5	hybrid Suva YOR362C PRE10	hybrid Suva YMR314W PRE5	0.4559736312910309	hybrid Suva YOR362C PRE10	0.2597425639184561
149	hybrid	CPX-2262	Suva YMR314W PRE5--Suva YPR108W RPN7	hybrid	YMR314W PRE5--YPR108W RPN7		Suva	Suva	Suva YMR314W PRE5	Suva YPR108W RPN7	hybrid Suva YMR314W PRE5	hybrid Suva YPR108W RPN7	hybrid Suva YMR314W PRE5	0.4559736312910309		
150	hybrid	CPX-2262	Suva YFR052W RPN12--Suva YOR362C PRE10	hybrid	YFR052W RPN12--YOR362C PRE10	0.3710822847175337	Suva	Suva	Suva YFR052W RPN12	Suva YOR362C PRE10	hybrid Suva YFR052W RPN12	hybrid Suva YOR362C PRE10	hybrid Suva YFR052W RPN12	1.184887445347679	hybrid Suva YOR362C PRE10	0.2597425639184561
151	hybrid	CPX-2262	Suva YFR052W RPN12--Suva YPR108W RPN7	hybrid	YFR052W RPN12--YPR108W RPN7		Suva	Suva	Suva YFR052W RPN12	Suva YPR108W RPN7	hybrid Suva YFR052W RPN12	hybrid Suva YPR108W RPN7	hybrid Suva YFR052W RPN12	1.184887445347679		
152	hybrid	CPX-2262	Suva YOR362C PRE10--Suva YPR108W RPN7	hybrid	YOR362C PRE10--YPR108W RPN7		Suva	Suva	Suva YOR362C PRE10	Suva YPR108W RPN7	hybrid Suva YOR362C PRE10	hybrid Suva YPR108W RPN7	hybrid Suva YOR362C PRE10	0.2597425639184561		
