	gene set type	gene set	comparison type	enrichment type	-log10(P)	species name interaction id	gene set name	gene set description	"interaction score
hybrid"	"interaction score
parent"	interaction score ratio hybrid/parent (log2 scale)	"interaction score ratio
(hybrid/parent)"	interaction score ratio hybrid/parent (log2 scale) zscore significantly high	interaction score ratio hybrid/parent (log2 scale) zscore significantly low	interaction score ratio hybrid/parent (log2 scale) zscore median	interaction score ratio hybrid/parent (log2 scale) zscore std	gene set size
0	protein complex	CPX-2262	between Scer Suva	high	1.3055733849797189	Scer YDR363W-A SEM1--Suva YFR052W RPN12	CPX-2262	26S Proteasome complex	0.1269607140685196	0.25263282179801805	-0.38025280609320977	-0.9630628321815188	False	False	-0.16615617041622846	0.8488318555301109	33
1	protein complex	CPX-2262	between Scer Suva	high	1.3055733849797189	Scer YDR363W-A SEM1--Suva YGR135W PRE9	CPX-2262	26S Proteasome complex	0.05462408617437065	0.0	0.2158014636728596	0.6805669610538735	False	False	-0.16615617041622846	0.8488318555301109	33
2	protein complex	CPX-2262	between Scer Suva	high	1.3055733849797189	Scer YDR363W-A SEM1--Suva YHR027C RPN1	CPX-2262	26S Proteasome complex	0.6662508508835235	0.20534686405311453	1.0466367774102023	2.9716094788211165	True	False	-0.16615617041622846	0.8488318555301109	33
3	protein complex	CPX-2262	between Scer Suva	high	1.3055733849797189	Scer YDR363W-A SEM1--Suva YML092C PRE8	CPX-2262	26S Proteasome complex	0.07031793078081583	0.0	0.2738787694040272	0.8407161200357419	False	False	-0.16615617041622846	0.8488318555301109	33
4	protein complex	CPX-2262	between Scer Suva	high	1.3055733849797189	Scer YDR363W-A SEM1--Suva YMR314W PRE5	CPX-2262	26S Proteasome complex	0.06430763433060216	0.0	0.2518278620538685	0.7799103677292977	False	False	-0.16615617041622846	0.8488318555301109	33
5	protein complex	CPX-2262	between Scer Suva	high	1.3055733849797189	Scer YDR363W-A SEM1--Suva YOR362C PRE10	CPX-2262	26S Proteasome complex	0.10738240403551412	0.0019212562789510113	0.3969489834847211	1.1800843299174946	False	False	-0.16615617041622846	0.8488318555301109	33
6	protein complex	CPX-2262	between Scer Suva	high	1.3055733849797189	Scer YFR004W RPN11--Suva YDR363W-A SEM1	CPX-2262	26S Proteasome complex	0.448669690891804	0.5863841282369164	-0.28212846089669297	-0.6924832803061399	False	False	-0.16615617041622846	0.8488318555301109	33
7	protein complex	CPX-2262	between Scer Suva	high	1.3055733849797189	Scer YFR004W RPN11--Suva YFR052W RPN12	CPX-2262	26S Proteasome complex	0.17853548724117466	0.3143921469813974	-0.3798607092858248	-0.9619816185619878	False	False	-0.16615617041622846	0.8488318555301109	33
8	protein complex	CPX-2262	between Scer Suva	high	1.3055733849797189	Scer YFR004W RPN11--Suva YGR135W PRE9	CPX-2262	26S Proteasome complex	0.09989020846773287	0.08668789896284812	0.04631808276203908	0.21321365372396306	False	False	-0.16615617041622846	0.8488318555301109	33
9	protein complex	CPX-2262	between Scer Suva	high	1.3055733849797189	Scer YFR004W RPN11--Suva YHR027C RPN1	CPX-2262	26S Proteasome complex	0.2947855330865242	0.29927128718453977	-0.011714179773632538	0.053188702120273226	False	False	-0.16615617041622846	0.8488318555301109	33
10	protein complex	CPX-2262	between Scer Suva	high	1.3055733849797189	Scer YFR004W RPN11--Suva YML092C PRE8	CPX-2262	26S Proteasome complex	0.11857212389781502	0.2127311369934467	-0.2949101414789336	-0.7277289820454027	False	False	-0.16615617041622846	0.8488318555301109	33
11	protein complex	CPX-2262	between Scer Suva	high	1.3055733849797189	Scer YFR004W RPN11--Suva YMR314W PRE5	CPX-2262	26S Proteasome complex	0.1122350794752367	0.22342401723140196	-0.3473371777684152	-0.8722974268788641	False	False	-0.16615617041622846	0.8488318555301109	33
12	protein complex	CPX-2262	between Scer Suva	high	1.3055733849797189	Scer YFR004W RPN11--Suva YOR362C PRE10	CPX-2262	26S Proteasome complex	0.1577574437445214	0.2757475305765228	-0.34340690646900884	-0.8614596368807528	False	False	-0.16615617041622846	0.8488318555301109	33
13	protein complex	CPX-2262	between Scer Suva	high	1.3055733849797189	Scer YGR135W PRE9--Suva YDR363W-A SEM1	CPX-2262	26S Proteasome complex	0.22666184837399286	0.2717013514278367	-0.12516601319923482	-0.25965665940810395	False	False	-0.16615617041622846	0.8488318555301109	33
14	protein complex	CPX-2262	between Scer Suva	high	1.3055733849797189	Scer YGR135W PRE9--Suva YFR052W RPN12	CPX-2262	26S Proteasome complex	0.20712200492940447	0.3470187915488152	-0.3757280256143947	-0.9505856730031288	False	False	-0.16615617041622846	0.8488318555301109	33
15	protein complex	CPX-2262	between Scer Suva	high	1.3055733849797189	Scer YGR135W PRE9--Suva YHR027C RPN1	CPX-2262	26S Proteasome complex	0.1910815563512428	0.3298398408487351	-0.3808382311628602	-0.9646771517745351	False	False	-0.16615617041622846	0.8488318555301109	33
16	protein complex	CPX-2262	between Scer Suva	high	1.3055733849797189	Scer YGR135W PRE9--Suva YML092C PRE8	CPX-2262	26S Proteasome complex	0.7789313922106111	0.7584408834975251	0.03361685375535378	0.17818979857351394	False	False	-0.16615617041622846	0.8488318555301109	33
17	protein complex	CPX-2262	between Scer Suva	high	1.3055733849797189	Scer YGR135W PRE9--Suva YMR314W PRE5	CPX-2262	26S Proteasome complex	0.6715612994962149	0.7572741364081619	-0.1469627380309741	-0.3197614990940285	False	False	-0.16615617041622846	0.8488318555301109	33
18	protein complex	CPX-2262	between Scer Suva	high	1.3055733849797189	Scer YGR135W PRE9--Suva YOR362C PRE10	CPX-2262	26S Proteasome complex	0.6282475686402196	0.8169585850222496	-0.32190321757708074	-0.8021628487860892	False	False	-0.16615617041622846	0.8488318555301109	33
19	protein complex	CPX-2262	between Scer Suva	high	1.3055733849797189	Scer YHR027C RPN1--Suva YDR363W-A SEM1	CPX-2262	26S Proteasome complex	0.2276063818764548	0.2735422107867255	-0.1274214546790644	-0.2658760776745007	False	False	-0.16615617041622846	0.8488318555301109	33
20	protein complex	CPX-2262	between Scer Suva	high	1.3055733849797189	Scer YHR027C RPN1--Suva YFR052W RPN12	CPX-2262	26S Proteasome complex	0.2317119415702813	0.4338101771386037	-0.5076173111085265	-1.3142726224008083	False	False	-0.16615617041622846	0.8488318555301109	33
21	protein complex	CPX-2262	between Scer Suva	high	1.3055733849797189	Scer YHR027C RPN1--Suva YGR135W PRE9	CPX-2262	26S Proteasome complex	0.1485695539606834	0.06461926572633525	0.2885144011291079	0.881074123604116	False	False	-0.16615617041622846	0.8488318555301109	33
22	protein complex	CPX-2262	between Scer Suva	high	1.3055733849797189	Scer YHR027C RPN1--Suva YML092C PRE8	CPX-2262	26S Proteasome complex	0.16790763987786705	0.1977952954324156	-0.0911137720866999	-0.1657570249990367	False	False	-0.16615617041622846	0.8488318555301109	33
23	protein complex	CPX-2262	between Scer Suva	high	1.3055733849797189	Scer YHR027C RPN1--Suva YMR314W PRE5	CPX-2262	26S Proteasome complex	0.1611977890360854	0.2082864265507708	-0.14318891772753728	-0.3093551253799709	False	False	-0.16615617041622846	0.8488318555301109	33
24	protein complex	CPX-2262	between Scer Suva	high	1.3055733849797189	Scer YHR027C RPN1--Suva YOR362C PRE10	CPX-2262	26S Proteasome complex	0.20953487200802126	0.2595394913726061	-0.1417467884320366	-0.30537842930376835	False	False	-0.16615617041622846	0.8488318555301109	33
25	protein complex	CPX-2262	between Scer Suva	high	1.3055733849797189	Scer YML092C PRE8--Suva YDR363W-A SEM1	CPX-2262	26S Proteasome complex	0.35383737409230004	0.30420515341284315	0.12464558008905935	0.4292030606730696	False	False	-0.16615617041622846	0.8488318555301109	33
26	protein complex	CPX-2262	between Scer Suva	high	1.3055733849797189	Scer YML092C PRE8--Suva YFR052W RPN12	CPX-2262	26S Proteasome complex	0.39919311359601695	0.3905377006225892	0.020131796790448686	0.14100452448816395	False	False	-0.16615617041622846	0.8488318555301109	33
27	protein complex	CPX-2262	between Scer Suva	high	1.3055733849797189	Scer YML092C PRE8--Suva YGR135W PRE9	CPX-2262	26S Proteasome complex	0.6298842194514926	0.5625412284151838	0.12790375074005286	0.43818752169458003	False	False	-0.16615617041622846	0.8488318555301109	33
28	protein complex	CPX-2262	between Scer Suva	high	1.3055733849797189	Scer YML092C PRE8--Suva YHR027C RPN1	CPX-2262	26S Proteasome complex	0.3692451291135607	0.3740857032580384	-0.011558387632695066	0.05361830160036293	False	False	-0.16615617041622846	0.8488318555301109	33
29	protein complex	CPX-2262	between Scer Suva	high	1.3055733849797189	Scer YML092C PRE8--Suva YMR314W PRE5	CPX-2262	26S Proteasome complex	0.9117996117642726	0.8828024606860475	0.043194655513780655	0.20460074992871705	False	False	-0.16615617041622846	0.8488318555301109	33
30	protein complex	CPX-2262	between Scer Suva	high	1.3055733849797189	Scer YML092C PRE8--Suva YOR362C PRE10	CPX-2262	26S Proteasome complex	0.8140737300818717	0.8730671119989097	-0.09140326833598167	-0.1665553158334202	False	False	-0.16615617041622846	0.8488318555301109	33
31	protein complex	CPX-2262	between Scer Suva	high	1.3055733849797189	Scer YMR314W PRE5--Suva YDR363W-A SEM1	CPX-2262	26S Proteasome complex	0.35383737409230004	0.15292641143067098	0.5583820052230175	1.6252386348186505	False	False	-0.16615617041622846	0.8488318555301109	33
32	protein complex	CPX-2262	between Scer Suva	high	1.3055733849797189	Scer YMR314W PRE5--Suva YFR052W RPN12	CPX-2262	26S Proteasome complex	0.39919311359601695	0.2222805838370264	0.4559949271284333	1.3429045244286286	False	False	-0.16615617041622846	0.8488318555301109	33
33	protein complex	CPX-2262	between Scer Suva	high	1.3055733849797189	Scer YMR314W PRE5--Suva YGR135W PRE9	CPX-2262	26S Proteasome complex	0.6298842194514926	0.7441244621045549	-0.20047095060912806	-0.4673113059442388	False	False	-0.16615617041622846	0.8488318555301109	33
34	protein complex	CPX-2262	between Scer Suva	high	1.3055733849797189	Scer YMR314W PRE5--Suva YHR027C RPN1	CPX-2262	26S Proteasome complex	0.3692451291135607	0.20932187156817075	0.4231751248767002	1.2524033611533223	False	False	-0.16615617041622846	0.8488318555301109	33
35	protein complex	CPX-2262	between Scer Suva	high	1.3055733849797189	Scer YMR314W PRE5--Suva YML092C PRE8	CPX-2262	26S Proteasome complex	0.6816469324321768	0.8501121569722471	-0.2774017303256974	-0.679449240311537	False	False	-0.16615617041622846	0.8488318555301109	33
36	protein complex	CPX-2262	between Scer Suva	high	1.3055733849797189	Scer YMR314W PRE5--Suva YOR362C PRE10	CPX-2262	26S Proteasome complex	0.5125970262554671	0.6774841575625952	-0.3139989641870738	-0.7803667355392266	False	False	-0.16615617041622846	0.8488318555301109	33
37	protein complex	CPX-2262	between Scer Suva	high	1.3055733849797189	Scer YPR108W RPN7--Suva YDR363W-A SEM1	CPX-2262	26S Proteasome complex	0.6903568894565598	0.6068718787982146	0.1513472856687216	0.5028334682501464	False	False	-0.16615617041622846	0.8488318555301109	33
38	protein complex	CPX-2262	between Scer Suva	high	1.3055733849797189	Scer YPR108W RPN7--Suva YFR052W RPN12	CPX-2262	26S Proteasome complex	0.31413091113290104	0.3421371585519221	-0.0703954779751097	-0.10862597637793084	False	False	-0.16615617041622846	0.8488318555301109	33
39	protein complex	CPX-2262	between Scer Suva	high	1.3055733849797189	Scer YPR108W RPN7--Suva YGR135W PRE9	CPX-2262	26S Proteasome complex	0.22063994323906025	0.11988432314176525	0.3134682016549445	0.9498846532473564	False	False	-0.16615617041622846	0.8488318555301109	33
40	protein complex	CPX-2262	between Scer Suva	high	1.3055733849797189	Scer YPR108W RPN7--Suva YHR027C RPN1	CPX-2262	26S Proteasome complex	0.2877506058550105	0.326867078013768	-0.10086814538239623	-0.19265487537336326	False	False	-0.16615617041622846	0.8488318555301109	33
41	protein complex	CPX-2262	between Scer Suva	high	1.3055733849797189	Scer YPR108W RPN7--Suva YML092C PRE8	CPX-2262	26S Proteasome complex	0.24334448914231846	0.2694723004593797	-0.07190166642345841	-0.1127793166583461	False	False	-0.16615617041622846	0.8488318555301109	33
42	protein complex	CPX-2262	between Scer Suva	high	1.3055733849797189	Scer YPR108W RPN7--Suva YMR314W PRE5	CPX-2262	26S Proteasome complex	0.2359718490424392	0.2810085437576513	-0.12362128690207552	-0.2553970503537109	False	False	-0.16615617041622846	0.8488318555301109	33
43	protein complex	CPX-2262	between Scer Suva	high	1.3055733849797189	Scer YPR108W RPN7--Suva YOR362C PRE10	CPX-2262	26S Proteasome complex	0.28937704448205925	0.3378670098820901	-0.12408144737126442	-0.2566659506790536	False	False	-0.16615617041622846	0.8488318555301109	33
44	protein complex	CPX-2262	within Scer Scer		-0.0	Scer YDR363W-A SEM1--Scer YFR004W RPN11	CPX-2262	26S Proteasome complex	0.2441491508197952	0.07690961551032582	0.5298247075654159	1.5464914005059986	False	False	0.20453524516769112	1.0496809517800627	33
45	protein complex	CPX-2262	within Scer Scer		-0.0	Scer YDR363W-A SEM1--Scer YGR135W PRE9	CPX-2262	26S Proteasome complex	0.0	0.002644662468703207	-0.010980023929483274	0.05521314935524596	False	False	0.20453524516769112	1.0496809517800627	33
46	protein complex	CPX-2262	within Scer Scer		-0.0	Scer YDR363W-A SEM1--Scer YHR027C RPN1	CPX-2262	26S Proteasome complex	0.6560168824520562	0.3702838975050531	0.5909343217936429	1.7150022017759152	False	False	0.20453524516769112	1.0496809517800627	33
47	protein complex	CPX-2262	within Scer Scer		-0.0	Scer YDR363W-A SEM1--Scer YML092C PRE8	CPX-2262	26S Proteasome complex	0.1269607140685196	0.0	0.4709633964294686	1.3841803332773206	False	False	0.20453524516769112	1.0496809517800627	33
48	protein complex	CPX-2262	within Scer Scer		-0.0	Scer YDR363W-A SEM1--Scer YMR314W PRE5	CPX-2262	26S Proteasome complex	0.1269607140685196	0.0	0.4709633964294686	1.3841803332773206	False	False	0.20453524516769112	1.0496809517800627	33
49	protein complex	CPX-2262	within Scer Scer		-0.0	Scer YDR363W-A SEM1--Scer YPR108W RPN7	CPX-2262	26S Proteasome complex	0.06638065192891107	0.0	0.2594598848016696	0.8009558003471351	False	False	0.20453524516769112	1.0496809517800627	33
50	protein complex	CPX-2262	within Scer Scer		-0.0	Scer YFR004W RPN11--Scer YGR135W PRE9	CPX-2262	26S Proteasome complex	0.049722555953396363	0.2564490205219309	-0.664417593139079	-1.7466520687124254	False	False	0.20453524516769112	1.0496809517800627	33
51	protein complex	CPX-2262	within Scer Scer		-0.0	Scer YFR004W RPN11--Scer YHR027C RPN1	CPX-2262	26S Proteasome complex	0.3019288057254833	0.24075886890803974	0.16514554275561882	0.5408823970022992	False	False	0.20453524516769112	1.0496809517800627	33
52	protein complex	CPX-2262	within Scer Scer		-0.0	Scer YFR004W RPN11--Scer YML092C PRE8	CPX-2262	26S Proteasome complex	0.17853548724117466	0.2869574476865301	-0.30853672107016866	-0.7653045071814569	False	False	0.20453524516769112	1.0496809517800627	33
53	protein complex	CPX-2262	within Scer Scer		-0.0	Scer YFR004W RPN11--Scer YMR314W PRE5	CPX-2262	26S Proteasome complex	0.17853548724117466	0.14918013873322922	0.0920517457370047	0.3393250077269151	False	False	0.20453524516769112	1.0496809517800627	33
54	protein complex	CPX-2262	within Scer Scer		-0.0	Scer YFR004W RPN11--Scer YPR108W RPN7	CPX-2262	26S Proteasome complex	0.4319575866159049	0.6605117578606865	-0.456504684749382	-1.173328685320432	False	False	0.20453524516769112	1.0496809517800627	33
55	protein complex	CPX-2262	within Scer Scer		-0.0	Scer YGR135W PRE9--Scer YHR027C RPN1	CPX-2262	26S Proteasome complex	0.08208907891495609	0.23539003575612336	-0.4865772926970074	-1.2562544135471647	False	False	0.20453524516769112	1.0496809517800627	33
56	protein complex	CPX-2262	within Scer Scer		-0.0	Scer YGR135W PRE9--Scer YML092C PRE8	CPX-2262	26S Proteasome complex	0.6739988026260232	0.7493004590506183	-0.1293946725386428	-0.2713172595048398	False	False	0.20453524516769112	1.0496809517800627	33
57	protein complex	CPX-2262	within Scer Scer		-0.0	Scer YGR135W PRE9--Scer YMR314W PRE5	CPX-2262	26S Proteasome complex	0.6739988026260232	0.6498989997577203	0.043170900534003465	0.20453524516769112	False	False	0.20453524516769112	1.0496809517800627	33
58	protein complex	CPX-2262	within Scer Scer		-0.0	Scer YGR135W PRE9--Scer YPR108W RPN7	CPX-2262	26S Proteasome complex	0.14087078539948186	0.30346687201654376	-0.4706143877084346	-1.212236431365607	False	False	0.20453524516769112	1.0496809517800627	33
59	protein complex	CPX-2262	within Scer Scer		-0.0	Scer YHR027C RPN1--Scer YML092C PRE8	CPX-2262	26S Proteasome complex	0.2317119415702814	0.2705003037831739	-0.1075092328807985	-0.21096778717607712	False	False	0.20453524516769112	1.0496809517800627	33
60	protein complex	CPX-2262	within Scer Scer		-0.0	Scer YHR027C RPN1--Scer YMR314W PRE5	CPX-2262	26S Proteasome complex	0.2317119415702814	0.1250297132502629	0.32799820106054844	0.9899513738969978	False	False	0.20453524516769112	1.0496809517800627	33
61	protein complex	CPX-2262	within Scer Scer		-0.0	Scer YHR027C RPN1--Scer YPR108W RPN7	CPX-2262	26S Proteasome complex	0.163510888870248	0.22960462710619825	-0.1976416279416342	-0.4595094005358699	False	False	0.20453524516769112	1.0496809517800627	33
62	protein complex	CPX-2262	within Scer Scer		-0.0	Scer YML092C PRE8--Scer YMR314W PRE5	CPX-2262	26S Proteasome complex	1.0	0.6788851854517247	0.5013932003943575	1.4680910356008408	False	False	0.20453524516769112	1.0496809517800627	33
63	protein complex	CPX-2262	within Scer Scer		-0.0	Scer YML092C PRE8--Scer YPR108W RPN7	CPX-2262	26S Proteasome complex	0.31413091113290104	0.3501476024925453	-0.0900999797834242	-0.16296147546883935	False	False	0.20453524516769112	1.0496809517800627	33
64	protein complex	CPX-2262	within Scer Scer		-0.0	Scer YMR314W PRE5--Scer YPR108W RPN7	CPX-2262	26S Proteasome complex	0.31413091113290104	0.19023995254108586	0.3435963108427875	1.0329634270885746	False	False	0.20453524516769112	1.0496809517800627	33
65	protein complex	CPX-2262	within Suva Suva		-0.0	Suva YDR363W-A SEM1--Suva YFR052W RPN12	CPX-2262	26S Proteasome complex	0.4141771465816293	0.3424151503641364	0.17015487368424098	0.5546957122926842	False	False	0.1868334880523843	0.4989366661762904	33
66	protein complex	CPX-2262	within Suva Suva		-0.0	Suva YDR363W-A SEM1--Suva YGR135W PRE9	CPX-2262	26S Proteasome complex	0.2879025870943632	0.09102415656758944	0.5984301540856951	1.735672086894175	False	False	0.1868334880523843	0.4989366661762904	33
67	protein complex	CPX-2262	within Suva Suva		-0.0	Suva YDR363W-A SEM1--Suva YHR027C RPN1	CPX-2262	26S Proteasome complex	0.3305499555399316	0.3125273534362518	0.04566211131113124	0.2114048012839879	False	False	0.1868334880523843	0.4989366661762904	33
68	protein complex	CPX-2262	within Suva Suva		-0.0	Suva YDR363W-A SEM1--Suva YML092C PRE8	CPX-2262	26S Proteasome complex	0.30646158186782896	0.22831803844642784	0.21212988378898795	0.6704425170368151	False	False	0.1868334880523843	0.4989366661762904	33
69	protein complex	CPX-2262	within Suva Suva		-0.0	Suva YDR363W-A SEM1--Suva YMR314W PRE5	CPX-2262	26S Proteasome complex	0.28727254876647995	0.23922996632323146	0.13105432129890893	0.446875273630756	False	False	0.1868334880523843	0.4989366661762904	33
70	protein complex	CPX-2262	within Suva Suva		-0.0	Suva YDR363W-A SEM1--Suva YOR362C PRE10	CPX-2262	26S Proteasome complex	0.3356748981217719	0.29272181809874664	0.10982821386582592	0.3883439211330669	False	False	0.1868334880523843	0.4989366661762904	33
71	protein complex	CPX-2262	within Suva Suva		-0.0	Suva YFR052W RPN12--Suva YGR135W PRE9	CPX-2262	26S Proteasome complex	0.294341013122146	0.15347899711609614	0.4062883517702266	1.2058377969131746	False	False	0.1868334880523843	0.4989366661762904	33
72	protein complex	CPX-2262	within Suva Suva		-0.0	Suva YFR052W RPN12--Suva YHR027C RPN1	CPX-2262	26S Proteasome complex	0.3692451291135607	0.36577284315638414	0.008330885384041586	0.10846331044315012	False	False	0.1868334880523843	0.4989366661762904	33
73	protein complex	CPX-2262	within Suva Suva		-0.0	Suva YFR052W RPN12--Suva YML092C PRE8	CPX-2262	26S Proteasome complex	0.31950013240386066	0.30515694173984553	0.03675144528053603	0.1868334880523843	False	False	0.1868334880523843	0.4989366661762904	33
74	protein complex	CPX-2262	within Suva Suva		-0.0	Suva YFR052W RPN12--Suva YMR314W PRE5	CPX-2262	26S Proteasome complex	0.3113117373276256	0.31729591332283125	-0.015295684436889999	0.043312642057064935	False	False	0.1868334880523843	0.4989366661762904	33
75	protein complex	CPX-2262	within Suva Suva		-0.0	Suva YFR052W RPN12--Suva YOR362C PRE10	CPX-2262	26S Proteasome complex	0.3710822847175337	0.3774598387102259	-0.015183050771391647	0.043623231306609375	False	False	0.1868334880523843	0.4989366661762904	33
76	protein complex	CPX-2262	within Suva Suva		-0.0	Suva YGR135W PRE9--Suva YHR027C RPN1	CPX-2262	26S Proteasome complex	0.268674218861389	0.13740845530956747	0.3897500162126404	1.1602330551442055	False	False	0.1868334880523843	0.4989366661762904	33
77	protein complex	CPX-2262	within Suva Suva		-0.0	Suva YGR135W PRE9--Suva YML092C PRE8	CPX-2262	26S Proteasome complex	0.7287760930193724	0.6847064286830294	0.07601913657884808	0.2951148151114223	False	False	0.1868334880523843	0.4989366661762904	33
78	protein complex	CPX-2262	within Suva Suva		-0.0	Suva YGR135W PRE9--Suva YMR314W PRE5	CPX-2262	26S Proteasome complex	0.6281152617324691	0.6538933412849021	-0.0470252192985835	-0.044182090334749236	False	False	0.1868334880523843	0.4989366661762904	33
79	protein complex	CPX-2262	within Suva Suva		-0.0	Suva YGR135W PRE9--Suva YOR362C PRE10	CPX-2262	26S Proteasome complex	0.7658732927057053	0.6773232505243991	0.15093838925362102	0.5017059294264246	False	False	0.1868334880523843	0.4989366661762904	33
80	protein complex	CPX-2262	within Suva Suva		-0.0	Suva YHR027C RPN1--Suva YML092C PRE8	CPX-2262	26S Proteasome complex	0.2929194796949336	0.2906825195190039	0.005880192903293503	0.10170548421870856	False	False	0.1868334880523843	0.4989366661762904	33
81	protein complex	CPX-2262	within Suva Suva		-0.0	Suva YHR027C RPN1--Suva YMR314W PRE5	CPX-2262	26S Proteasome complex	0.2850354445574149	0.3025695142386655	-0.045976617174882994	-0.041290552132295835	False	False	0.1868334880523843	0.4989366661762904	33
82	protein complex	CPX-2262	within Suva Suva		-0.0	Suva YHR027C RPN1--Suva YOR362C PRE10	CPX-2262	26S Proteasome complex	0.3424132870923886	0.36134464308025904	-0.046256288166459485	-0.042061749651339235	False	False	0.1868334880523843	0.4989366661762904	33
83	protein complex	CPX-2262	within Suva Suva		-0.0	Suva YML092C PRE8--Suva YMR314W PRE5	CPX-2262	26S Proteasome complex	0.6765209622872603	0.7493776091883788	-0.12505649126845214	-0.2593546508199972	False	False	0.1868334880523843	0.4989366661762904	33
84	protein complex	CPX-2262	within Suva Suva		-0.0	Suva YML092C PRE8--Suva YOR362C PRE10	CPX-2262	26S Proteasome complex	0.6793179473809856	0.7006081103453967	-0.03723970058904375	-0.017198355951680042	False	False	0.1868334880523843	0.4989366661762904	33
85	protein complex	CPX-2262	within Suva Suva		-0.0	Suva YMR314W PRE5--Suva YOR362C PRE10	CPX-2262	26S Proteasome complex	0.7942139792634064	0.8272365163654577	-0.0524409829266298	-0.059116150710947925	False	False	0.1868334880523843	0.4989366661762904	33
