	species type interaction id	species type iteractor1	species name iteractor1	gene id iteractor1	gene name iteractor1	species type iteractor2	species name iteractor2	gene id iteractor2	gene name iteractor2	species name interaction id	interaction id	interaction type	comparison type	interaction score	distance $\AA$
0	parent Scer YDR363W-A SEM1--parent Scer YFR004W RPN11	parent	Scer	YDR363W-A	SEM1	parent	Scer	YFR004W	RPN11	Scer YDR363W-A SEM1--Scer YFR004W RPN11	YDR363W-A SEM1--YFR004W RPN11	within parent Scer Scer	within parents	0.07690961551032582	381.0
1	parent Scer YDR363W-A SEM1--parent Scer YGR135W PRE9	parent	Scer	YDR363W-A	SEM1	parent	Scer	YGR135W	PRE9	Scer YDR363W-A SEM1--Scer YGR135W PRE9	YDR363W-A SEM1--YGR135W PRE9	within parent Scer Scer	within parents	0.002644662468703207	285.0
2	parent Scer YDR363W-A SEM1--parent Scer YGR135W PRE9	parent	Scer	YDR363W-A	SEM1	parent	Scer	YGR135W	PRE9	Scer YDR363W-A SEM1--Scer YGR135W PRE9	YDR363W-A SEM1--YGR135W PRE9	within parent Scer Scer	within parents	0.002644662468703207	285.0
3	parent Scer YDR363W-A SEM1--parent Scer YHR027C RPN1	parent	Scer	YDR363W-A	SEM1	parent	Scer	YHR027C	RPN1	Scer YDR363W-A SEM1--Scer YHR027C RPN1	YDR363W-A SEM1--YHR027C RPN1	within parent Scer Scer	within parents	0.3702838975050531	271.0
4	parent Scer YDR363W-A SEM1--parent Scer YHR027C RPN1	parent	Scer	YDR363W-A	SEM1	parent	Scer	YHR027C	RPN1	Scer YDR363W-A SEM1--Scer YHR027C RPN1	YDR363W-A SEM1--YHR027C RPN1	within parent Scer Scer	within parents	0.3702838975050531	271.0
5	parent Scer YDR363W-A SEM1--parent Scer YML092C PRE8	parent	Scer	YDR363W-A	SEM1	parent	Scer	YML092C	PRE8	Scer YDR363W-A SEM1--Scer YML092C PRE8	YDR363W-A SEM1--YML092C PRE8	within parent Scer Scer	within parents	0.0	260.0
6	parent Scer YDR363W-A SEM1--parent Scer YML092C PRE8	parent	Scer	YDR363W-A	SEM1	parent	Scer	YML092C	PRE8	Scer YDR363W-A SEM1--Scer YML092C PRE8	YDR363W-A SEM1--YML092C PRE8	within parent Scer Scer	within parents	0.0	260.0
7	parent Scer YDR363W-A SEM1--parent Scer YMR314W PRE5	parent	Scer	YDR363W-A	SEM1	parent	Scer	YMR314W	PRE5	Scer YDR363W-A SEM1--Scer YMR314W PRE5	YDR363W-A SEM1--YMR314W PRE5	within parent Scer Scer	within parents	0.0	214.0
8	parent Scer YDR363W-A SEM1--parent Scer YMR314W PRE5	parent	Scer	YDR363W-A	SEM1	parent	Scer	YMR314W	PRE5	Scer YDR363W-A SEM1--Scer YMR314W PRE5	YDR363W-A SEM1--YMR314W PRE5	within parent Scer Scer	within parents	0.0	214.0
9	parent Scer YDR363W-A SEM1--parent Scer YOR362C PRE10	parent	Scer	YDR363W-A	SEM1	parent	Scer	YOR362C	PRE10	Scer YDR363W-A SEM1--Scer YOR362C PRE10	YDR363W-A SEM1--YOR362C PRE10	within parent Scer Scer	within parents	0.0	227.0
10	parent Scer YDR363W-A SEM1--parent Scer YOR362C PRE10	parent	Scer	YDR363W-A	SEM1	parent	Scer	YOR362C	PRE10	Scer YDR363W-A SEM1--Scer YOR362C PRE10	YDR363W-A SEM1--YOR362C PRE10	within parent Scer Scer	within parents	0.0	227.0
11	parent Scer YDR363W-A SEM1--parent Scer YPR108W RPN7	parent	Scer	YDR363W-A	SEM1	parent	Scer	YPR108W	RPN7	Scer YDR363W-A SEM1--Scer YPR108W RPN7	YDR363W-A SEM1--YPR108W RPN7	within parent Scer Scer	within parents	0.0	361.0
12	parent Scer YDR363W-A SEM1--parent Scer YPR108W RPN7	parent	Scer	YDR363W-A	SEM1	parent	Scer	YPR108W	RPN7	Scer YDR363W-A SEM1--Scer YPR108W RPN7	YDR363W-A SEM1--YPR108W RPN7	within parent Scer Scer	within parents	0.0	361.0
13	parent Scer YFR004W RPN11--parent Scer YGR135W PRE9	parent	Scer	YFR004W	RPN11	parent	Scer	YGR135W	PRE9	Scer YFR004W RPN11--Scer YGR135W PRE9	YFR004W RPN11--YGR135W PRE9	within parent Scer Scer	within parents	0.2564490205219309	310.0
14	parent Scer YFR004W RPN11--parent Scer YHR027C RPN1	parent	Scer	YFR004W	RPN11	parent	Scer	YHR027C	RPN1	Scer YFR004W RPN11--Scer YHR027C RPN1	YFR004W RPN11--YHR027C RPN1	within parent Scer Scer	within parents	0.24075886890803974	307.0
15	parent Scer YFR004W RPN11--parent Scer YML092C PRE8	parent	Scer	YFR004W	RPN11	parent	Scer	YML092C	PRE8	Scer YFR004W RPN11--Scer YML092C PRE8	YFR004W RPN11--YML092C PRE8	within parent Scer Scer	within parents	0.2869574476865301	304.0
16	parent Scer YFR004W RPN11--parent Scer YMR314W PRE5	parent	Scer	YFR004W	RPN11	parent	Scer	YMR314W	PRE5	Scer YFR004W RPN11--Scer YMR314W PRE5	YFR004W RPN11--YMR314W PRE5	within parent Scer Scer	within parents	0.14918013873322922	264.0
17	parent Scer YFR004W RPN11--parent Scer YOR362C PRE10	parent	Scer	YFR004W	RPN11	parent	Scer	YOR362C	PRE10	Scer YFR004W RPN11--Scer YOR362C PRE10	YFR004W RPN11--YOR362C PRE10	within parent Scer Scer	within parents	0.17042542066134747	279.0
18	parent Scer YFR004W RPN11--parent Scer YPR108W RPN7	parent	Scer	YFR004W	RPN11	parent	Scer	YPR108W	RPN7	Scer YFR004W RPN11--Scer YPR108W RPN7	YFR004W RPN11--YPR108W RPN7	within parent Scer Scer	within parents	0.6605117578606865	396.0
19	parent Scer YGR135W PRE9--parent Scer YHR027C RPN1	parent	Scer	YGR135W	PRE9	parent	Scer	YHR027C	RPN1	Scer YGR135W PRE9--Scer YHR027C RPN1	YGR135W PRE9--YHR027C RPN1	within parent Scer Scer	within parents	0.23539003575612336	180.0
20	parent Scer YGR135W PRE9--parent Scer YHR027C RPN1	parent	Scer	YGR135W	PRE9	parent	Scer	YHR027C	RPN1	Scer YGR135W PRE9--Scer YHR027C RPN1	YGR135W PRE9--YHR027C RPN1	within parent Scer Scer	within parents	0.23539003575612336	180.0
21	parent Scer YGR135W PRE9--parent Scer YML092C PRE8	parent	Scer	YGR135W	PRE9	parent	Scer	YML092C	PRE8	Scer YGR135W PRE9--Scer YML092C PRE8	YGR135W PRE9--YML092C PRE8	within parent Scer Scer	within parents	0.7493004590506183	211.0
22	parent Scer YGR135W PRE9--parent Scer YML092C PRE8	parent	Scer	YGR135W	PRE9	parent	Scer	YML092C	PRE8	Scer YGR135W PRE9--Scer YML092C PRE8	YGR135W PRE9--YML092C PRE8	within parent Scer Scer	within parents	0.7493004590506183	211.0
23	parent Scer YGR135W PRE9--parent Scer YMR314W PRE5	parent	Scer	YGR135W	PRE9	parent	Scer	YMR314W	PRE5	Scer YGR135W PRE9--Scer YMR314W PRE5	YGR135W PRE9--YMR314W PRE5	within parent Scer Scer	within parents	0.6498989997577203	153.0
24	parent Scer YGR135W PRE9--parent Scer YMR314W PRE5	parent	Scer	YGR135W	PRE9	parent	Scer	YMR314W	PRE5	Scer YGR135W PRE9--Scer YMR314W PRE5	YGR135W PRE9--YMR314W PRE5	within parent Scer Scer	within parents	0.6498989997577203	153.0
25	parent Scer YGR135W PRE9--parent Scer YOR362C PRE10	parent	Scer	YGR135W	PRE9	parent	Scer	YOR362C	PRE10	Scer YGR135W PRE9--Scer YOR362C PRE10	YGR135W PRE9--YOR362C PRE10	within parent Scer Scer	within parents	0.6787262270180957	162.0
26	parent Scer YGR135W PRE9--parent Scer YOR362C PRE10	parent	Scer	YGR135W	PRE9	parent	Scer	YOR362C	PRE10	Scer YGR135W PRE9--Scer YOR362C PRE10	YGR135W PRE9--YOR362C PRE10	within parent Scer Scer	within parents	0.6787262270180957	162.0
27	parent Scer YGR135W PRE9--parent Scer YPR108W RPN7	parent	Scer	YGR135W	PRE9	parent	Scer	YPR108W	RPN7	Scer YGR135W PRE9--Scer YPR108W RPN7	YGR135W PRE9--YPR108W RPN7	within parent Scer Scer	within parents	0.30346687201654376	273.0
28	parent Scer YGR135W PRE9--parent Scer YPR108W RPN7	parent	Scer	YGR135W	PRE9	parent	Scer	YPR108W	RPN7	Scer YGR135W PRE9--Scer YPR108W RPN7	YGR135W PRE9--YPR108W RPN7	within parent Scer Scer	within parents	0.30346687201654376	273.0
29	parent Scer YHR027C RPN1--parent Scer YML092C PRE8	parent	Scer	YHR027C	RPN1	parent	Scer	YML092C	PRE8	Scer YHR027C RPN1--Scer YML092C PRE8	YHR027C RPN1--YML092C PRE8	within parent Scer Scer	within parents	0.2705003037831739	193.0
30	parent Scer YHR027C RPN1--parent Scer YML092C PRE8	parent	Scer	YHR027C	RPN1	parent	Scer	YML092C	PRE8	Scer YHR027C RPN1--Scer YML092C PRE8	YHR027C RPN1--YML092C PRE8	within parent Scer Scer	within parents	0.2705003037831739	193.0
31	parent Scer YHR027C RPN1--parent Scer YMR314W PRE5	parent	Scer	YHR027C	RPN1	parent	Scer	YMR314W	PRE5	Scer YHR027C RPN1--Scer YMR314W PRE5	YHR027C RPN1--YMR314W PRE5	within parent Scer Scer	within parents	0.1250297132502629	188.0
32	parent Scer YHR027C RPN1--parent Scer YMR314W PRE5	parent	Scer	YHR027C	RPN1	parent	Scer	YMR314W	PRE5	Scer YHR027C RPN1--Scer YMR314W PRE5	YHR027C RPN1--YMR314W PRE5	within parent Scer Scer	within parents	0.1250297132502629	188.0
33	parent Scer YHR027C RPN1--parent Scer YOR362C PRE10	parent	Scer	YHR027C	RPN1	parent	Scer	YOR362C	PRE10	Scer YHR027C RPN1--Scer YOR362C PRE10	YHR027C RPN1--YOR362C PRE10	within parent Scer Scer	within parents	0.15623812123583325	226.0
34	parent Scer YHR027C RPN1--parent Scer YOR362C PRE10	parent	Scer	YHR027C	RPN1	parent	Scer	YOR362C	PRE10	Scer YHR027C RPN1--Scer YOR362C PRE10	YHR027C RPN1--YOR362C PRE10	within parent Scer Scer	within parents	0.15623812123583325	226.0
35	parent Scer YHR027C RPN1--parent Scer YPR108W RPN7	parent	Scer	YHR027C	RPN1	parent	Scer	YPR108W	RPN7	Scer YHR027C RPN1--Scer YPR108W RPN7	YHR027C RPN1--YPR108W RPN7	within parent Scer Scer	within parents	0.22960462710619825	266.0
36	parent Scer YHR027C RPN1--parent Scer YPR108W RPN7	parent	Scer	YHR027C	RPN1	parent	Scer	YPR108W	RPN7	Scer YHR027C RPN1--Scer YPR108W RPN7	YHR027C RPN1--YPR108W RPN7	within parent Scer Scer	within parents	0.22960462710619825	266.0
37	parent Scer YML092C PRE8--parent Scer YMR314W PRE5	parent	Scer	YML092C	PRE8	parent	Scer	YMR314W	PRE5	Scer YML092C PRE8--Scer YMR314W PRE5	YML092C PRE8--YMR314W PRE5	within parent Scer Scer	within parents	0.6788851854517247	152.0
38	parent Scer YML092C PRE8--parent Scer YMR314W PRE5	parent	Scer	YML092C	PRE8	parent	Scer	YMR314W	PRE5	Scer YML092C PRE8--Scer YMR314W PRE5	YML092C PRE8--YMR314W PRE5	within parent Scer Scer	within parents	0.6788851854517247	152.0
39	parent Scer YML092C PRE8--parent Scer YOR362C PRE10	parent	Scer	YML092C	PRE8	parent	Scer	YOR362C	PRE10	Scer YML092C PRE8--Scer YOR362C PRE10	YML092C PRE8--YOR362C PRE10	within parent Scer Scer	within parents	0.799085646670534	142.0
40	parent Scer YML092C PRE8--parent Scer YPR108W RPN7	parent	Scer	YML092C	PRE8	parent	Scer	YPR108W	RPN7	Scer YML092C PRE8--Scer YPR108W RPN7	YML092C PRE8--YPR108W RPN7	within parent Scer Scer	within parents	0.3501476024925453	288.0
41	parent Scer YMR314W PRE5--parent Scer YOR362C PRE10	parent	Scer	YMR314W	PRE5	parent	Scer	YOR362C	PRE10	Scer YMR314W PRE5--Scer YOR362C PRE10	YMR314W PRE5--YOR362C PRE10	within parent Scer Scer	within parents	0.8747623611675044	174.0
42	parent Scer YMR314W PRE5--parent Scer YOR362C PRE10	parent	Scer	YMR314W	PRE5	parent	Scer	YOR362C	PRE10	Scer YMR314W PRE5--Scer YOR362C PRE10	YMR314W PRE5--YOR362C PRE10	within parent Scer Scer	within parents	0.8747623611675044	174.0
43	parent Scer YMR314W PRE5--parent Scer YPR108W RPN7	parent	Scer	YMR314W	PRE5	parent	Scer	YPR108W	RPN7	Scer YMR314W PRE5--Scer YPR108W RPN7	YMR314W PRE5--YPR108W RPN7	within parent Scer Scer	within parents	0.19023995254108586	222.0
44	parent Scer YMR314W PRE5--parent Scer YPR108W RPN7	parent	Scer	YMR314W	PRE5	parent	Scer	YPR108W	RPN7	Scer YMR314W PRE5--Scer YPR108W RPN7	YMR314W PRE5--YPR108W RPN7	within parent Scer Scer	within parents	0.19023995254108586	222.0
45	parent Scer YOR362C PRE10--parent Scer YPR108W RPN7	parent	Scer	YOR362C	PRE10	parent	Scer	YPR108W	RPN7	Scer YOR362C PRE10--Scer YPR108W RPN7	YOR362C PRE10--YPR108W RPN7	within parent Scer Scer	within parents	0.22406672978832654	240.0
46	parent Scer YOR362C PRE10--parent Scer YPR108W RPN7	parent	Scer	YOR362C	PRE10	parent	Scer	YPR108W	RPN7	Scer YOR362C PRE10--Scer YPR108W RPN7	YOR362C PRE10--YPR108W RPN7	within parent Scer Scer	within parents	0.22406672978832654	240.0
