	interaction id	interaction type	interaction score	protein abundance dosage balance	interactor1	interactor2	complex name interactor1	interactor interactor2	complex name interactor2	interaction type by subcomplex name	x
0	YDR363W-A SEM1--YFR004W RPN11	within parent Scer Scer	0.07690961551032582	0.8183159916829498	YDR363W-A SEM1	YFR004W RPN11	26S proteasome	YFR004W RPN11	26S proteasome	"within a
subcomplex"	 
1	YDR363W-A SEM1--YGR135W PRE9	within parent Scer Scer	0.002644662468703207	0.8645255574671368	YDR363W-A SEM1	YGR135W PRE9	26S proteasome	YGR135W PRE9	26S proteasome	"between
subcomplexes"	 
2	YDR363W-A SEM1--YHR027C RPN1	within parent Scer Scer	0.3702838975050531	0.8645255574671368	YDR363W-A SEM1	YHR027C RPN1	26S proteasome	YHR027C RPN1	26S proteasome	"between
subcomplexes"	 
3	YDR363W-A SEM1--YML092C PRE8	within parent Scer Scer	0.0	1.0	YDR363W-A SEM1	YML092C PRE8	26S proteasome	YML092C PRE8	26S proteasome	"between
subcomplexes"	 
4	YDR363W-A SEM1--YMR314W PRE5	within parent Scer Scer	0.0	0.8925221038484911	YDR363W-A SEM1	YMR314W PRE5	26S proteasome	YMR314W PRE5	26S proteasome	"between
subcomplexes"	 
5	YDR363W-A SEM1--YOR362C PRE10	within parent Scer Scer	0.0	0.8183159916829498	YDR363W-A SEM1	YOR362C PRE10	26S proteasome	YOR362C PRE10	26S proteasome	"between
subcomplexes"	 
6	YDR363W-A SEM1--YPR108W RPN7	within parent Scer Scer	0.0	1.0	YDR363W-A SEM1	YPR108W RPN7	26S proteasome	YPR108W RPN7	26S proteasome	"within a
subcomplex"	 
7	YFR004W RPN11--YGR135W PRE9	within parent Scer Scer	0.2564490205219309	0.9526243518163524	YFR004W RPN11	YGR135W PRE9	26S proteasome	YGR135W PRE9	26S proteasome	"between
subcomplexes"	 
8	YFR004W RPN11--YHR027C RPN1	within parent Scer Scer	0.24075886890803974	0.9526243518163524	YFR004W RPN11	YHR027C RPN1	26S proteasome	YHR027C RPN1	26S proteasome	"between
subcomplexes"	 
9	YFR004W RPN11--YML092C PRE8	within parent Scer Scer	0.2869574476865301	0.8183159916829498	YFR004W RPN11	YML092C PRE8	26S proteasome	YML092C PRE8	26S proteasome	"between
subcomplexes"	 
10	YFR004W RPN11--YMR314W PRE5	within parent Scer Scer	0.14918013873322922	0.9243160053370588	YFR004W RPN11	YMR314W PRE5	26S proteasome	YMR314W PRE5	26S proteasome	"between
subcomplexes"	 
11	YFR004W RPN11--YOR362C PRE10	within parent Scer Scer	0.17042542066134747	1.0	YFR004W RPN11	YOR362C PRE10	26S proteasome	YOR362C PRE10	26S proteasome	"between
subcomplexes"	 
12	YFR004W RPN11--YPR108W RPN7	within parent Scer Scer	0.6605117578606865	0.8183159916829498	YFR004W RPN11	YPR108W RPN7	26S proteasome	YPR108W RPN7	26S proteasome	"within a
subcomplex"	 
13	YGR135W PRE9--YHR027C RPN1	within parent Scer Scer	0.23539003575612336	1.0	YGR135W PRE9	YHR027C RPN1	26S proteasome	YHR027C RPN1	26S proteasome	"between
subcomplexes"	 
14	YGR135W PRE9--YML092C PRE8	within parent Scer Scer	0.7493004590506183	0.8645255574671368	YGR135W PRE9	YML092C PRE8	26S proteasome	YML092C PRE8	26S proteasome	"within a
subcomplex"	 
15	YGR135W PRE9--YMR314W PRE5	within parent Scer Scer	0.6498989997577203	0.9715897864754728	YGR135W PRE9	YMR314W PRE5	26S proteasome	YMR314W PRE5	26S proteasome	"within a
subcomplex"	 
16	YGR135W PRE9--YOR362C PRE10	within parent Scer Scer	0.6787262270180957	0.9526243518163524	YGR135W PRE9	YOR362C PRE10	26S proteasome	YOR362C PRE10	26S proteasome	"within a
subcomplex"	 
17	YGR135W PRE9--YPR108W RPN7	within parent Scer Scer	0.30346687201654376	0.8645255574671368	YGR135W PRE9	YPR108W RPN7	26S proteasome	YPR108W RPN7	26S proteasome	"between
subcomplexes"	 
18	YHR027C RPN1--YML092C PRE8	within parent Scer Scer	0.2705003037831739	0.8645255574671368	YHR027C RPN1	YML092C PRE8	26S proteasome	YML092C PRE8	26S proteasome	"between
subcomplexes"	 
19	YHR027C RPN1--YMR314W PRE5	within parent Scer Scer	0.1250297132502629	0.9715897864754728	YHR027C RPN1	YMR314W PRE5	26S proteasome	YMR314W PRE5	26S proteasome	"between
subcomplexes"	 
20	YHR027C RPN1--YOR362C PRE10	within parent Scer Scer	0.15623812123583325	0.9526243518163524	YHR027C RPN1	YOR362C PRE10	26S proteasome	YOR362C PRE10	26S proteasome	"between
subcomplexes"	 
21	YHR027C RPN1--YPR108W RPN7	within parent Scer Scer	0.22960462710619825	0.8645255574671368	YHR027C RPN1	YPR108W RPN7	26S proteasome	YPR108W RPN7	26S proteasome	"between
subcomplexes"	 
22	YML092C PRE8--YMR314W PRE5	within parent Scer Scer	0.6788851854517247	0.8925221038484911	YML092C PRE8	YMR314W PRE5	26S proteasome	YMR314W PRE5	26S proteasome	"within a
subcomplex"	 
23	YML092C PRE8--YOR362C PRE10	within parent Scer Scer	0.799085646670534	0.8183159916829498	YML092C PRE8	YOR362C PRE10	26S proteasome	YOR362C PRE10	26S proteasome	"within a
subcomplex"	 
24	YML092C PRE8--YPR108W RPN7	within parent Scer Scer	0.3501476024925453	1.0	YML092C PRE8	YPR108W RPN7	26S proteasome	YPR108W RPN7	26S proteasome	"between
subcomplexes"	 
25	YMR314W PRE5--YOR362C PRE10	within parent Scer Scer	0.8747623611675044	0.9243160053370588	YMR314W PRE5	YOR362C PRE10	26S proteasome	YOR362C PRE10	26S proteasome	"within a
subcomplex"	 
26	YMR314W PRE5--YPR108W RPN7	within parent Scer Scer	0.19023995254108586	0.8925221038484911	YMR314W PRE5	YPR108W RPN7	26S proteasome	YPR108W RPN7	26S proteasome	"between
subcomplexes"	 
27	YOR362C PRE10--YPR108W RPN7	within parent Scer Scer	0.22406672978832654	0.8183159916829498	YOR362C PRE10	YPR108W RPN7	26S proteasome	YPR108W RPN7	26S proteasome	"between
subcomplexes"	 
