	subset	complex id	species type iteractor1	species name iteractor1	species type iteractor2	species name iteractor2	interaction score mean 	x
0	"protein
complex"	CPX-1102	parent	Scer	parent	Scer	0.7974092134085622	 
1	"protein
complex"	CPX-1103	parent	Scer	parent	Scer	0.7974092134085622	 
2	"protein
complex"	CPX-1162	parent	Scer	parent	Scer	0.9350395161478934	 
3	"protein
complex"	CPX-1192	parent	Scer	parent	Scer	0.4297276759946421	 
4	"protein
complex"	CPX-1193	parent	Scer	parent	Scer	0.4297276759946421	 
5	"protein
complex"	CPX-1268	parent	Scer	parent	Scer	0.0	 
6	"protein
complex"	CPX-1276	parent	Scer	parent	Scer	0.031928503882145916	 
7	"protein
complex"	CPX-1293	parent	Scer	parent	Scer	0.16788250776628946	 
8	"protein
complex"	CPX-1323	parent	Scer	parent	Scer	0.2869682467754836	 
9	"protein
complex"	CPX-1599	parent	Scer	parent	Scer	0.7016359793663186	 
10	"protein
complex"	CPX-1601	parent	Scer	parent	Scer	0.4589612608480161	 
11	"protein
complex"	CPX-1602	parent	Scer	parent	Scer	0.5984289829460636	 
12	"protein
complex"	CPX-1604	parent	Scer	parent	Scer	0.2833401427863427	 
13	"protein
complex"	CPX-1607	parent	Scer	parent	Scer	0.2833401427863427	 
14	"protein
complex"	CPX-1608	parent	Scer	parent	Scer	0.2833401427863427	 
15	"protein
complex"	CPX-1616	parent	Scer	parent	Scer	0.569210421637148	 
16	"protein
complex"	CPX-1632	parent	Scer	parent	Scer	0.6645770983288967	 
17	"protein
complex"	CPX-1637	parent	Scer	parent	Scer	0.7750651634238901	 
18	"protein
complex"	CPX-1663	parent	Scer	parent	Scer	0.7953356395337442	 
19	"protein
complex"	CPX-1671	parent	Scer	parent	Scer	0.7953636806104062	 
20	"protein
complex"	CPX-1883	parent	Scer	parent	Scer	0.03521884746834103	 
21	"protein
complex"	CPX-1947	parent	Scer	parent	Scer	0.4841912537037058	 
22	"protein
complex"	CPX-2262	parent	Scer	parent	Scer	0.3117665595336477	 
23	"protein
complex"	CPX-3207	parent	Scer	parent	Scer	0.2317969250756229	 
24	"protein
complex"	CPX-427	parent	Scer	parent	Scer	0.08544703239211326	 
25	"protein
complex"	CPX-430	parent	Scer	parent	Scer	0.544999431987049	 
26	"protein
complex"	CPX-554	parent	Scer	parent	Scer	0.4144203257427085	 
27	"random
proteins"	CPX-1102	parent	Scer	parent	Scer	0.08602708049575275	 
28	"random
proteins"	CPX-1103	parent	Scer	parent	Scer	0.07247213606983352	 
29	"random
proteins"	CPX-1162	parent	Scer	parent	Scer	0.0	 
30	"random
proteins"	CPX-1192	parent	Scer	parent	Scer		 
31	"random
proteins"	CPX-1193	parent	Scer	parent	Scer		 
32	"random
proteins"	CPX-1268	parent	Scer	parent	Scer	0.07247213606983352	 
33	"random
proteins"	CPX-1276	parent	Scer	parent	Scer	0.14072882726200944	 
34	"random
proteins"	CPX-1293	parent	Scer	parent	Scer	0.07247213606983352	 
35	"random
proteins"	CPX-1323	parent	Scer	parent	Scer	0.060060844411798014	 
36	"random
proteins"	CPX-1599	parent	Scer	parent	Scer	0.2053188328091577	 
37	"random
proteins"	CPX-1601	parent	Scer	parent	Scer	0.19242321584770813	 
38	"random
proteins"	CPX-1602	parent	Scer	parent	Scer	0.2184565593706839	 
39	"random
proteins"	CPX-1604	parent	Scer	parent	Scer		 
40	"random
proteins"	CPX-1607	parent	Scer	parent	Scer		 
41	"random
proteins"	CPX-1608	parent	Scer	parent	Scer		 
42	"random
proteins"	CPX-1616	parent	Scer	parent	Scer	0.0	 
43	"random
proteins"	CPX-1632	parent	Scer	parent	Scer	0.0	 
44	"random
proteins"	CPX-1637	parent	Scer	parent	Scer	0.0	 
45	"random
proteins"	CPX-1663	parent	Scer	parent	Scer	0.0	 
46	"random
proteins"	CPX-1671	parent	Scer	parent	Scer	0.10443067887595024	 
47	"random
proteins"	CPX-1883	parent	Scer	parent	Scer	0.07247213606983352	 
48	"random
proteins"	CPX-1947	parent	Scer	parent	Scer	0.060060844411798014	 
49	"random
proteins"	CPX-2262	parent	Scer	parent	Scer	0.2202254541069818	 
50	"random
proteins"	CPX-3207	parent	Scer	parent	Scer	0.08243336509455294	 
51	"random
proteins"	CPX-427	parent	Scer	parent	Scer	0.060060844411798014	 
52	"random
proteins"	CPX-430	parent	Scer	parent	Scer	0.10443067887595024	 
53	"random
proteins"	CPX-554	parent	Scer	parent	Scer	0.0	 
